Year,Subject group HECoS CAH1,Subject group HECoS CAH3,POLAR4 Quintile,Main scheme applicant,Main scheme application,Accepted applicants
2019,"(CAH25) design, and creative and performing arts",(CAH25-01-03) design studies,Quintile 1,All,All,2050
2020,"(CAH25) design, and creative and performing arts",(CAH25-01-03) design studies,Quintile 1,All,All,2120
2021,"(CAH25) design, and creative and performing arts",(CAH25-01-03) design studies,Quintile 1,All,All,2070
2022,"(CAH25) design, and creative and performing arts",(CAH25-01-03) design studies,Quintile 1,All,All,2100
2023,"(CAH25) design, and creative and performing arts",(CAH25-01-03) design studies,Quintile 1,All,All,2050
2024,"(CAH25) design, and creative and performing arts",(CAH25-01-03) design studies,Quintile 1,All,All,2140
2019,"(CAH25) design, and creative and performing arts",(CAH25-02-02) music,Quintile 1,All,All,1135
2020,"(CAH25) design, and creative and performing arts",(CAH25-02-02) music,Quintile 1,All,All,1245
2021,"(CAH25) design, and creative and performing arts",(CAH25-02-02) music,Quintile 1,All,All,1185
2022,"(CAH25) design, and creative and performing arts",(CAH25-02-02) music,Quintile 1,All,All,1200
2023,"(CAH25) design, and creative and performing arts",(CAH25-02-02) music,Quintile 1,All,All,1075
2024,"(CAH25) design, and creative and performing arts",(CAH25-02-02) music,Quintile 1,All,All,1165
2019,"(CAH25) design, and creative and performing arts",(CAH25-01-04) cinematics and photography,Quintile 1,All,All,1355
2020,"(CAH25) design, and creative and performing arts",(CAH25-01-04) cinematics and photography,Quintile 1,All,All,1400
2021,"(CAH25) design, and creative and performing arts",(CAH25-01-04) cinematics and photography,Quintile 1,All,All,1320
2022,"(CAH25) design, and creative and performing arts",(CAH25-01-04) cinematics and photography,Quintile 1,All,All,1315
2023,"(CAH25) design, and creative and performing arts",(CAH25-01-04) cinematics and photography,Quintile 1,All,All,1215
2024,"(CAH25) design, and creative and performing arts",(CAH25-01-04) cinematics and photography,Quintile 1,All,All,1310
2019,"(CAH25) design, and creative and performing arts",(CAH25-01-02) art,Quintile 1,All,All,535
2020,"(CAH25) design, and creative and performing arts",(CAH25-01-02) art,Quintile 1,All,All,595
2021,"(CAH25) design, and creative and performing arts",(CAH25-01-02) art,Quintile 1,All,All,540
2022,"(CAH25) design, and creative and performing arts",(CAH25-01-02) art,Quintile 1,All,All,580
2023,"(CAH25) design, and creative and performing arts",(CAH25-01-02) art,Quintile 1,All,All,550
2024,"(CAH25) design, and creative and performing arts",(CAH25-01-02) art,Quintile 1,All,All,575
2019,"(CAH25) design, and creative and performing arts",(CAH25-02-03) drama,Quintile 1,All,All,775
2020,"(CAH25) design, and creative and performing arts",(CAH25-02-03) drama,Quintile 1,All,All,840
2021,"(CAH25) design, and creative and performing arts",(CAH25-02-03) drama,Quintile 1,All,All,780
2022,"(CAH25) design, and creative and performing arts",(CAH25-02-03) drama,Quintile 1,All,All,835
2023,"(CAH25) design, and creative and performing arts",(CAH25-02-03) drama,Quintile 1,All,All,735
2024,"(CAH25) design, and creative and performing arts",(CAH25-02-03) drama,Quintile 1,All,All,765
2019,"(CAH25) design, and creative and performing arts",(CAH25-02-04) dance,Quintile 1,All,All,180
2020,"(CAH25) design, and creative and performing arts",(CAH25-02-04) dance,Quintile 1,All,All,205
2021,"(CAH25) design, and creative and performing arts",(CAH25-02-04) dance,Quintile 1,All,All,205
2022,"(CAH25) design, and creative and performing arts",(CAH25-02-04) dance,Quintile 1,All,All,215
2023,"(CAH25) design, and creative and performing arts",(CAH25-02-04) dance,Quintile 1,All,All,200
2024,"(CAH25) design, and creative and performing arts",(CAH25-02-04) dance,Quintile 1,All,All,180
2019,"(CAH25) design, and creative and performing arts",(CAH25-02-01) performing arts (non-specific),Quintile 1,All,All,125
2020,"(CAH25) design, and creative and performing arts",(CAH25-02-01) performing arts (non-specific),Quintile 1,All,All,130
2021,"(CAH25) design, and creative and performing arts",(CAH25-02-01) performing arts (non-specific),Quintile 1,All,All,95
2022,"(CAH25) design, and creative and performing arts",(CAH25-02-01) performing arts (non-specific),Quintile 1,All,All,115
2023,"(CAH25) design, and creative and performing arts",(CAH25-02-01) performing arts (non-specific),Quintile 1,All,All,105
2024,"(CAH25) design, and creative and performing arts",(CAH25-02-01) performing arts (non-specific),Quintile 1,All,All,90
2019,"(CAH25) design, and creative and performing arts",(CAH25-01-05) others in creative arts and design,Quintile 1,All,All,200
2020,"(CAH25) design, and creative and performing arts",(CAH25-01-05) others in creative arts and design,Quintile 1,All,All,185
2021,"(CAH25) design, and creative and performing arts",(CAH25-01-05) others in creative arts and design,Quintile 1,All,All,185
2022,"(CAH25) design, and creative and performing arts",(CAH25-01-05) others in creative arts and design,Quintile 1,All,All,200
2023,"(CAH25) design, and creative and performing arts",(CAH25-01-05) others in creative arts and design,Quintile 1,All,All,155
2024,"(CAH25) design, and creative and performing arts",(CAH25-01-05) others in creative arts and design,Quintile 1,All,All,135
2019,"(CAH25) design, and creative and performing arts",(CAH25-01-01) creative arts and design (non-specific),Quintile 1,All,All,110
2020,"(CAH25) design, and creative and performing arts",(CAH25-01-01) creative arts and design (non-specific),Quintile 1,All,All,120
2021,"(CAH25) design, and creative and performing arts",(CAH25-01-01) creative arts and design (non-specific),Quintile 1,All,All,125
2022,"(CAH25) design, and creative and performing arts",(CAH25-01-01) creative arts and design (non-specific),Quintile 1,All,All,115
2023,"(CAH25) design, and creative and performing arts",(CAH25-01-01) creative arts and design (non-specific),Quintile 1,All,All,115
2024,"(CAH25) design, and creative and performing arts",(CAH25-01-01) creative arts and design (non-specific),Quintile 1,All,All,100
2019,(CAH10) engineering and technology,"(CAH10-01-06) bioengineering, medical and biomedical engineering",Quintile 1,All,All,105
2020,(CAH10) engineering and technology,"(CAH10-01-06) bioengineering, medical and biomedical engineering",Quintile 1,All,All,110
2021,(CAH10) engineering and technology,"(CAH10-01-06) bioengineering, medical and biomedical engineering",Quintile 1,All,All,85
2022,(CAH10) engineering and technology,"(CAH10-01-06) bioengineering, medical and biomedical engineering",Quintile 1,All,All,125
2023,(CAH10) engineering and technology,"(CAH10-01-06) bioengineering, medical and biomedical engineering",Quintile 1,All,All,125
2024,(CAH10) engineering and technology,"(CAH10-01-06) bioengineering, medical and biomedical engineering",Quintile 1,All,All,125
2019,(CAH10) engineering and technology,(CAH10-03-02) materials technology,Quintile 1,All,All,20
2020,(CAH10) engineering and technology,(CAH10-03-02) materials technology,Quintile 1,All,All,10
2021,(CAH10) engineering and technology,(CAH10-03-02) materials technology,Quintile 1,All,All,5
2022,(CAH10) engineering and technology,(CAH10-03-02) materials technology,Quintile 1,All,All,10
2023,(CAH10) engineering and technology,(CAH10-03-02) materials technology,Quintile 1,All,All,10
2024,(CAH10) engineering and technology,(CAH10-03-02) materials technology,Quintile 1,All,All,15
2019,(CAH10) engineering and technology,(CAH10-03-06) others in technology,Quintile 1,All,All,110
2020,(CAH10) engineering and technology,(CAH10-03-06) others in technology,Quintile 1,All,All,120
2021,(CAH10) engineering and technology,(CAH10-03-06) others in technology,Quintile 1,All,All,125
2022,(CAH10) engineering and technology,(CAH10-03-06) others in technology,Quintile 1,All,All,120
2023,(CAH10) engineering and technology,(CAH10-03-06) others in technology,Quintile 1,All,All,125
2024,(CAH10) engineering and technology,(CAH10-03-06) others in technology,Quintile 1,All,All,125
2019,(CAH10) engineering and technology,(CAH10-01-03) production and manufacturing engineering,Quintile 1,All,All,205
2020,(CAH10) engineering and technology,(CAH10-01-03) production and manufacturing engineering,Quintile 1,All,All,215
2021,(CAH10) engineering and technology,(CAH10-01-03) production and manufacturing engineering,Quintile 1,All,All,210
2022,(CAH10) engineering and technology,(CAH10-01-03) production and manufacturing engineering,Quintile 1,All,All,230
2023,(CAH10) engineering and technology,(CAH10-01-03) production and manufacturing engineering,Quintile 1,All,All,225
2024,(CAH10) engineering and technology,(CAH10-01-03) production and manufacturing engineering,Quintile 1,All,All,255
2019,(CAH10) engineering and technology,(CAH10-01-04) aeronautical and aerospace engineering,Quintile 1,All,All,305
2020,(CAH10) engineering and technology,(CAH10-01-04) aeronautical and aerospace engineering,Quintile 1,All,All,335
2021,(CAH10) engineering and technology,(CAH10-01-04) aeronautical and aerospace engineering,Quintile 1,All,All,370
2022,(CAH10) engineering and technology,(CAH10-01-04) aeronautical and aerospace engineering,Quintile 1,All,All,350
2023,(CAH10) engineering and technology,(CAH10-01-04) aeronautical and aerospace engineering,Quintile 1,All,All,350
2024,(CAH10) engineering and technology,(CAH10-01-04) aeronautical and aerospace engineering,Quintile 1,All,All,445
2019,(CAH10) engineering and technology,(CAH10-01-08) electrical and electronic engineering,Quintile 1,All,All,330
2020,(CAH10) engineering and technology,(CAH10-01-08) electrical and electronic engineering,Quintile 1,All,All,420
2021,(CAH10) engineering and technology,(CAH10-01-08) electrical and electronic engineering,Quintile 1,All,All,425
2022,(CAH10) engineering and technology,(CAH10-01-08) electrical and electronic engineering,Quintile 1,All,All,435
2023,(CAH10) engineering and technology,(CAH10-01-08) electrical and electronic engineering,Quintile 1,All,All,395
2024,(CAH10) engineering and technology,(CAH10-01-08) electrical and electronic engineering,Quintile 1,All,All,440
2019,(CAH10) engineering and technology,(CAH10-01-07) civil engineering,Quintile 1,All,All,325
2020,(CAH10) engineering and technology,(CAH10-01-07) civil engineering,Quintile 1,All,All,370
2021,(CAH10) engineering and technology,(CAH10-01-07) civil engineering,Quintile 1,All,All,410
2022,(CAH10) engineering and technology,(CAH10-01-07) civil engineering,Quintile 1,All,All,340
2023,(CAH10) engineering and technology,(CAH10-01-07) civil engineering,Quintile 1,All,All,325
2024,(CAH10) engineering and technology,(CAH10-01-07) civil engineering,Quintile 1,All,All,355
2019,(CAH10) engineering and technology,(CAH10-03-05) biotechnology,Quintile 1,All,All,10
2020,(CAH10) engineering and technology,(CAH10-03-05) biotechnology,Quintile 1,All,All,20
2021,(CAH10) engineering and technology,(CAH10-03-05) biotechnology,Quintile 1,All,All,5
2022,(CAH10) engineering and technology,(CAH10-03-05) biotechnology,Quintile 1,All,All,10
2023,(CAH10) engineering and technology,(CAH10-03-05) biotechnology,Quintile 1,All,All,20
2024,(CAH10) engineering and technology,(CAH10-03-05) biotechnology,Quintile 1,All,All,20
2019,(CAH10) engineering and technology,"(CAH10-01-09) chemical, process and energy engineering",Quintile 1,All,All,175
2020,(CAH10) engineering and technology,"(CAH10-01-09) chemical, process and energy engineering",Quintile 1,All,All,195
2021,(CAH10) engineering and technology,"(CAH10-01-09) chemical, process and energy engineering",Quintile 1,All,All,145
2022,(CAH10) engineering and technology,"(CAH10-01-09) chemical, process and energy engineering",Quintile 1,All,All,170
2023,(CAH10) engineering and technology,"(CAH10-01-09) chemical, process and energy engineering",Quintile 1,All,All,175
2024,(CAH10) engineering and technology,"(CAH10-01-09) chemical, process and energy engineering",Quintile 1,All,All,190
2019,(CAH10) engineering and technology,(CAH10-03-03) polymers and textiles,Quintile 1,All,All,5
2020,(CAH10) engineering and technology,(CAH10-03-03) polymers and textiles,Quintile 1,All,All,10
2021,(CAH10) engineering and technology,(CAH10-03-03) polymers and textiles,Quintile 1,All,All,5
2022,(CAH10) engineering and technology,(CAH10-03-03) polymers and textiles,Quintile 1,All,All,10
2023,(CAH10) engineering and technology,(CAH10-03-03) polymers and textiles,Quintile 1,All,All,10
2024,(CAH10) engineering and technology,(CAH10-03-03) polymers and textiles,Quintile 1,All,All,5
2019,(CAH10) engineering and technology,(CAH10-01-01) engineering (non-specific),Quintile 1,All,All,390
2020,(CAH10) engineering and technology,(CAH10-01-01) engineering (non-specific),Quintile 1,All,All,355
2021,(CAH10) engineering and technology,(CAH10-01-01) engineering (non-specific),Quintile 1,All,All,385
2022,(CAH10) engineering and technology,(CAH10-01-01) engineering (non-specific),Quintile 1,All,All,365
2023,(CAH10) engineering and technology,(CAH10-01-01) engineering (non-specific),Quintile 1,All,All,395
2024,(CAH10) engineering and technology,(CAH10-01-01) engineering (non-specific),Quintile 1,All,All,375
2019,(CAH10) engineering and technology,(CAH10-01-10) others in engineering,Quintile 1,All,All,5
2019,(CAH10) engineering and technology,(CAH10-01-02) mechanical engineering,Quintile 1,All,All,625
2020,(CAH10) engineering and technology,(CAH10-01-02) mechanical engineering,Quintile 1,All,All,615
2021,(CAH10) engineering and technology,(CAH10-01-02) mechanical engineering,Quintile 1,All,All,680
2022,(CAH10) engineering and technology,(CAH10-01-02) mechanical engineering,Quintile 1,All,All,655
2023,(CAH10) engineering and technology,(CAH10-01-02) mechanical engineering,Quintile 1,All,All,695
2024,(CAH10) engineering and technology,(CAH10-01-02) mechanical engineering,Quintile 1,All,All,760
2019,(CAH10) engineering and technology,(CAH10-03-04) maritime technology,Quintile 1,All,All,5
2021,(CAH10) engineering and technology,(CAH10-03-04) maritime technology,Quintile 1,All,All,5
2022,(CAH10) engineering and technology,(CAH10-03-04) maritime technology,Quintile 1,All,All,10
2023,(CAH10) engineering and technology,(CAH10-03-04) maritime technology,Quintile 1,All,All,5
2024,(CAH10) engineering and technology,(CAH10-03-04) maritime technology,Quintile 1,All,All,5
2021,(CAH10) engineering and technology,(CAH10-01-05) naval architecture,Quintile 1,All,All,5
2023,(CAH10) engineering and technology,(CAH10-01-05) naval architecture,Quintile 1,All,All,5
2019,(CAH10) engineering and technology,(CAH10-03-07) materials science,Quintile 1,All,All,10
2020,(CAH10) engineering and technology,(CAH10-03-07) materials science,Quintile 1,All,All,10
2021,(CAH10) engineering and technology,(CAH10-03-07) materials science,Quintile 1,All,All,10
2022,(CAH10) engineering and technology,(CAH10-03-07) materials science,Quintile 1,All,All,10
2023,(CAH10) engineering and technology,(CAH10-03-07) materials science,Quintile 1,All,All,10
2024,(CAH10) engineering and technology,(CAH10-03-07) materials science,Quintile 1,All,All,10
2019,(CAH02) subjects allied to medicine,(CAH02-06-03) ophthalmics,Quintile 1,All,All,80
2020,(CAH02) subjects allied to medicine,(CAH02-06-03) ophthalmics,Quintile 1,All,All,100
2021,(CAH02) subjects allied to medicine,(CAH02-06-03) ophthalmics,Quintile 1,All,All,105
2022,(CAH02) subjects allied to medicine,(CAH02-06-03) ophthalmics,Quintile 1,All,All,95
2023,(CAH02) subjects allied to medicine,(CAH02-06-03) ophthalmics,Quintile 1,All,All,130
2024,(CAH02) subjects allied to medicine,(CAH02-06-03) ophthalmics,Quintile 1,All,All,150
2019,(CAH02) subjects allied to medicine,"(CAH02-05-04) anatomy, physiology and pathology",Quintile 1,All,All,85
2020,(CAH02) subjects allied to medicine,"(CAH02-05-04) anatomy, physiology and pathology",Quintile 1,All,All,85
2021,(CAH02) subjects allied to medicine,"(CAH02-05-04) anatomy, physiology and pathology",Quintile 1,All,All,90
2022,(CAH02) subjects allied to medicine,"(CAH02-05-04) anatomy, physiology and pathology",Quintile 1,All,All,85
2023,(CAH02) subjects allied to medicine,"(CAH02-05-04) anatomy, physiology and pathology",Quintile 1,All,All,80
2024,(CAH02) subjects allied to medicine,"(CAH02-05-04) anatomy, physiology and pathology",Quintile 1,All,All,65
2019,(CAH02) subjects allied to medicine,(CAH02-05-01) medical technology,Quintile 1,All,All,250
2020,(CAH02) subjects allied to medicine,(CAH02-05-01) medical technology,Quintile 1,All,All,265
2021,(CAH02) subjects allied to medicine,(CAH02-05-01) medical technology,Quintile 1,All,All,255
2022,(CAH02) subjects allied to medicine,(CAH02-05-01) medical technology,Quintile 1,All,All,265
2023,(CAH02) subjects allied to medicine,(CAH02-05-01) medical technology,Quintile 1,All,All,300
2024,(CAH02) subjects allied to medicine,(CAH02-05-01) medical technology,Quintile 1,All,All,370
2019,(CAH02) subjects allied to medicine,(CAH02-06-06) complementary and alternative medicine,Quintile 1,All,All,110
2020,(CAH02) subjects allied to medicine,(CAH02-06-06) complementary and alternative medicine,Quintile 1,All,All,170
2021,(CAH02) subjects allied to medicine,(CAH02-06-06) complementary and alternative medicine,Quintile 1,All,All,175
2022,(CAH02) subjects allied to medicine,(CAH02-06-06) complementary and alternative medicine,Quintile 1,All,All,185
2023,(CAH02) subjects allied to medicine,(CAH02-06-06) complementary and alternative medicine,Quintile 1,All,All,155
2024,(CAH02) subjects allied to medicine,(CAH02-06-06) complementary and alternative medicine,Quintile 1,All,All,150
2019,(CAH02) subjects allied to medicine,(CAH02-06-01) health sciences (non-specific),Quintile 1,All,All,905
2020,(CAH02) subjects allied to medicine,(CAH02-06-01) health sciences (non-specific),Quintile 1,All,All,920
2021,(CAH02) subjects allied to medicine,(CAH02-06-01) health sciences (non-specific),Quintile 1,All,All,1000
2022,(CAH02) subjects allied to medicine,(CAH02-06-01) health sciences (non-specific),Quintile 1,All,All,1035
2023,(CAH02) subjects allied to medicine,(CAH02-06-01) health sciences (non-specific),Quintile 1,All,All,915
2024,(CAH02) subjects allied to medicine,(CAH02-06-01) health sciences (non-specific),Quintile 1,All,All,1030
2019,(CAH02) subjects allied to medicine,(CAH02-06-02) nutrition and dietetics,Quintile 1,All,All,130
2020,(CAH02) subjects allied to medicine,(CAH02-06-02) nutrition and dietetics,Quintile 1,All,All,165
2021,(CAH02) subjects allied to medicine,(CAH02-06-02) nutrition and dietetics,Quintile 1,All,All,155
2022,(CAH02) subjects allied to medicine,(CAH02-06-02) nutrition and dietetics,Quintile 1,All,All,100
2023,(CAH02) subjects allied to medicine,(CAH02-06-02) nutrition and dietetics,Quintile 1,All,All,135
2024,(CAH02) subjects allied to medicine,(CAH02-06-02) nutrition and dietetics,Quintile 1,All,All,120
2019,(CAH02) subjects allied to medicine,(CAH02-06-04) environmental and public health,Quintile 1,All,All,100
2020,(CAH02) subjects allied to medicine,(CAH02-06-04) environmental and public health,Quintile 1,All,All,85
2021,(CAH02) subjects allied to medicine,(CAH02-06-04) environmental and public health,Quintile 1,All,All,85
2022,(CAH02) subjects allied to medicine,(CAH02-06-04) environmental and public health,Quintile 1,All,All,55
2023,(CAH02) subjects allied to medicine,(CAH02-06-04) environmental and public health,Quintile 1,All,All,45
2024,(CAH02) subjects allied to medicine,(CAH02-06-04) environmental and public health,Quintile 1,All,All,45
2019,(CAH02) subjects allied to medicine,"(CAH02-06-07) counselling, psychotherapy and occupational therapy",Quintile 1,All,All,570
2020,(CAH02) subjects allied to medicine,"(CAH02-06-07) counselling, psychotherapy and occupational therapy",Quintile 1,All,All,635
2021,(CAH02) subjects allied to medicine,"(CAH02-06-07) counselling, psychotherapy and occupational therapy",Quintile 1,All,All,635
2022,(CAH02) subjects allied to medicine,"(CAH02-06-07) counselling, psychotherapy and occupational therapy",Quintile 1,All,All,660
2023,(CAH02) subjects allied to medicine,"(CAH02-06-07) counselling, psychotherapy and occupational therapy",Quintile 1,All,All,590
2024,(CAH02) subjects allied to medicine,"(CAH02-06-07) counselling, psychotherapy and occupational therapy",Quintile 1,All,All,655
2019,(CAH02) subjects allied to medicine,(CAH02-02-01) pharmacology,Quintile 1,All,All,95
2020,(CAH02) subjects allied to medicine,(CAH02-02-01) pharmacology,Quintile 1,All,All,90
2021,(CAH02) subjects allied to medicine,(CAH02-02-01) pharmacology,Quintile 1,All,All,105
2022,(CAH02) subjects allied to medicine,(CAH02-02-01) pharmacology,Quintile 1,All,All,115
2023,(CAH02) subjects allied to medicine,(CAH02-02-01) pharmacology,Quintile 1,All,All,155
2024,(CAH02) subjects allied to medicine,(CAH02-02-01) pharmacology,Quintile 1,All,All,195
2019,(CAH02) subjects allied to medicine,(CAH02-02-03) pharmacy,Quintile 1,All,All,365
2020,(CAH02) subjects allied to medicine,(CAH02-02-03) pharmacy,Quintile 1,All,All,405
2021,(CAH02) subjects allied to medicine,(CAH02-02-03) pharmacy,Quintile 1,All,All,505
2022,(CAH02) subjects allied to medicine,(CAH02-02-03) pharmacy,Quintile 1,All,All,500
2023,(CAH02) subjects allied to medicine,(CAH02-02-03) pharmacy,Quintile 1,All,All,530
2024,(CAH02) subjects allied to medicine,(CAH02-02-03) pharmacy,Quintile 1,All,All,490
2019,(CAH02) subjects allied to medicine,(CAH02-06-05) physiotherapy,Quintile 1,All,All,225
2020,(CAH02) subjects allied to medicine,(CAH02-06-05) physiotherapy,Quintile 1,All,All,300
2021,(CAH02) subjects allied to medicine,(CAH02-06-05) physiotherapy,Quintile 1,All,All,295
2022,(CAH02) subjects allied to medicine,(CAH02-06-05) physiotherapy,Quintile 1,All,All,300
2023,(CAH02) subjects allied to medicine,(CAH02-06-05) physiotherapy,Quintile 1,All,All,315
2024,(CAH02) subjects allied to medicine,(CAH02-06-05) physiotherapy,Quintile 1,All,All,395
2019,(CAH02) subjects allied to medicine,(CAH02-05-02) healthcare science (non-specific),Quintile 1,All,All,120
2020,(CAH02) subjects allied to medicine,(CAH02-05-02) healthcare science (non-specific),Quintile 1,All,All,165
2021,(CAH02) subjects allied to medicine,(CAH02-05-02) healthcare science (non-specific),Quintile 1,All,All,150
2022,(CAH02) subjects allied to medicine,(CAH02-05-02) healthcare science (non-specific),Quintile 1,All,All,140
2023,(CAH02) subjects allied to medicine,(CAH02-05-02) healthcare science (non-specific),Quintile 1,All,All,745
2024,(CAH02) subjects allied to medicine,(CAH02-05-02) healthcare science (non-specific),Quintile 1,All,All,910
2019,(CAH02) subjects allied to medicine,(CAH02-05-03) biomedical sciences (non-specific),Quintile 1,All,All,1005
2020,(CAH02) subjects allied to medicine,(CAH02-05-03) biomedical sciences (non-specific),Quintile 1,All,All,1055
2021,(CAH02) subjects allied to medicine,(CAH02-05-03) biomedical sciences (non-specific),Quintile 1,All,All,1180
2022,(CAH02) subjects allied to medicine,(CAH02-05-03) biomedical sciences (non-specific),Quintile 1,All,All,1205
2023,(CAH02) subjects allied to medicine,(CAH02-05-03) biomedical sciences (non-specific),Quintile 1,All,All,1240
2024,(CAH02) subjects allied to medicine,(CAH02-05-03) biomedical sciences (non-specific),Quintile 1,All,All,1280
2019,(CAH02) subjects allied to medicine,(CAH02-04-02) adult nursing,Quintile 1,All,All,3205
2020,(CAH02) subjects allied to medicine,(CAH02-04-02) adult nursing,Quintile 1,All,All,3930
2021,(CAH02) subjects allied to medicine,(CAH02-04-02) adult nursing,Quintile 1,All,All,3945
2022,(CAH02) subjects allied to medicine,(CAH02-04-02) adult nursing,Quintile 1,All,All,3670
2023,(CAH02) subjects allied to medicine,(CAH02-04-02) adult nursing,Quintile 1,All,All,3160
2024,(CAH02) subjects allied to medicine,(CAH02-04-02) adult nursing,Quintile 1,All,All,3165
2019,(CAH02) subjects allied to medicine,(CAH02-04-05) children's nursing,Quintile 1,All,All,485
2020,(CAH02) subjects allied to medicine,(CAH02-04-05) children's nursing,Quintile 1,All,All,775
2021,(CAH02) subjects allied to medicine,(CAH02-04-05) children's nursing,Quintile 1,All,All,705
2022,(CAH02) subjects allied to medicine,(CAH02-04-05) children's nursing,Quintile 1,All,All,670
2023,(CAH02) subjects allied to medicine,(CAH02-04-05) children's nursing,Quintile 1,All,All,620
2024,(CAH02) subjects allied to medicine,(CAH02-04-05) children's nursing,Quintile 1,All,All,700
2019,(CAH02) subjects allied to medicine,(CAH02-04-03) community nursing,Quintile 1,All,All,5
2020,(CAH02) subjects allied to medicine,(CAH02-04-03) community nursing,Quintile 1,All,All,10
2021,(CAH02) subjects allied to medicine,(CAH02-04-03) community nursing,Quintile 1,All,All,10
2022,(CAH02) subjects allied to medicine,(CAH02-04-03) community nursing,Quintile 1,All,All,5
2023,(CAH02) subjects allied to medicine,(CAH02-04-03) community nursing,Quintile 1,All,All,5
2024,(CAH02) subjects allied to medicine,(CAH02-04-03) community nursing,Quintile 1,All,All,10
2019,(CAH02) subjects allied to medicine,(CAH02-04-09) others in nursing,Quintile 1,All,All,40
2020,(CAH02) subjects allied to medicine,(CAH02-04-09) others in nursing,Quintile 1,All,All,40
2021,(CAH02) subjects allied to medicine,(CAH02-04-09) others in nursing,Quintile 1,All,All,30
2022,(CAH02) subjects allied to medicine,(CAH02-04-09) others in nursing,Quintile 1,All,All,30
2023,(CAH02) subjects allied to medicine,(CAH02-04-09) others in nursing,Quintile 1,All,All,45
2024,(CAH02) subjects allied to medicine,(CAH02-04-09) others in nursing,Quintile 1,All,All,40
2019,(CAH02) subjects allied to medicine,(CAH02-04-06) dental nursing,Quintile 1,All,All,30
2020,(CAH02) subjects allied to medicine,(CAH02-04-06) dental nursing,Quintile 1,All,All,35
2021,(CAH02) subjects allied to medicine,(CAH02-04-06) dental nursing,Quintile 1,All,All,35
2022,(CAH02) subjects allied to medicine,(CAH02-04-06) dental nursing,Quintile 1,All,All,30
2023,(CAH02) subjects allied to medicine,(CAH02-04-06) dental nursing,Quintile 1,All,All,35
2024,(CAH02) subjects allied to medicine,(CAH02-04-06) dental nursing,Quintile 1,All,All,40
2019,(CAH02) subjects allied to medicine,(CAH02-04-08) learning disabilities nursing,Quintile 1,All,All,135
2020,(CAH02) subjects allied to medicine,(CAH02-04-08) learning disabilities nursing,Quintile 1,All,All,160
2021,(CAH02) subjects allied to medicine,(CAH02-04-08) learning disabilities nursing,Quintile 1,All,All,175
2022,(CAH02) subjects allied to medicine,(CAH02-04-08) learning disabilities nursing,Quintile 1,All,All,155
2023,(CAH02) subjects allied to medicine,(CAH02-04-08) learning disabilities nursing,Quintile 1,All,All,125
2024,(CAH02) subjects allied to medicine,(CAH02-04-08) learning disabilities nursing,Quintile 1,All,All,90
2019,(CAH02) subjects allied to medicine,(CAH02-04-07) mental health nursing,Quintile 1,All,All,1055
2020,(CAH02) subjects allied to medicine,(CAH02-04-07) mental health nursing,Quintile 1,All,All,1440
2021,(CAH02) subjects allied to medicine,(CAH02-04-07) mental health nursing,Quintile 1,All,All,1240
2022,(CAH02) subjects allied to medicine,(CAH02-04-07) mental health nursing,Quintile 1,All,All,1250
2023,(CAH02) subjects allied to medicine,(CAH02-04-07) mental health nursing,Quintile 1,All,All,1240
2024,(CAH02) subjects allied to medicine,(CAH02-04-07) mental health nursing,Quintile 1,All,All,1250
2019,(CAH02) subjects allied to medicine,(CAH02-04-04) midwifery,Quintile 1,All,All,555
2020,(CAH02) subjects allied to medicine,(CAH02-04-04) midwifery,Quintile 1,All,All,650
2021,(CAH02) subjects allied to medicine,(CAH02-04-04) midwifery,Quintile 1,All,All,685
2022,(CAH02) subjects allied to medicine,(CAH02-04-04) midwifery,Quintile 1,All,All,670
2023,(CAH02) subjects allied to medicine,(CAH02-04-04) midwifery,Quintile 1,All,All,695
2024,(CAH02) subjects allied to medicine,(CAH02-04-04) midwifery,Quintile 1,All,All,705
2019,(CAH02) subjects allied to medicine,(CAH02-04-01) nursing (non-specific),Quintile 1,All,All,390
2020,(CAH02) subjects allied to medicine,(CAH02-04-01) nursing (non-specific),Quintile 1,All,All,360
2021,(CAH02) subjects allied to medicine,(CAH02-04-01) nursing (non-specific),Quintile 1,All,All,355
2022,(CAH02) subjects allied to medicine,(CAH02-04-01) nursing (non-specific),Quintile 1,All,All,310
2023,(CAH02) subjects allied to medicine,(CAH02-04-01) nursing (non-specific),Quintile 1,All,All,290
2024,(CAH02) subjects allied to medicine,(CAH02-04-01) nursing (non-specific),Quintile 1,All,All,325
2019,(CAH19) language and area studies,(CAH19-01-05) creative writing,Quintile 1,All,All,245
2020,(CAH19) language and area studies,(CAH19-01-05) creative writing,Quintile 1,All,All,255
2021,(CAH19) language and area studies,(CAH19-01-05) creative writing,Quintile 1,All,All,235
2022,(CAH19) language and area studies,(CAH19-01-05) creative writing,Quintile 1,All,All,235
2023,(CAH19) language and area studies,(CAH19-01-05) creative writing,Quintile 1,All,All,250
2024,(CAH19) language and area studies,(CAH19-01-05) creative writing,Quintile 1,All,All,230
2019,(CAH19) language and area studies,(CAH19-04-08) American and Australasian studies,Quintile 1,All,All,35
2020,(CAH19) language and area studies,(CAH19-04-08) American and Australasian studies,Quintile 1,All,All,25
2021,(CAH19) language and area studies,(CAH19-04-08) American and Australasian studies,Quintile 1,All,All,25
2022,(CAH19) language and area studies,(CAH19-04-08) American and Australasian studies,Quintile 1,All,All,20
2023,(CAH19) language and area studies,(CAH19-04-08) American and Australasian studies,Quintile 1,All,All,10
2024,(CAH19) language and area studies,(CAH19-04-08) American and Australasian studies,Quintile 1,All,All,10
2019,(CAH19) language and area studies,(CAH19-01-06) others in English studies,Quintile 1,All,All,10
2020,(CAH19) language and area studies,(CAH19-01-06) others in English studies,Quintile 1,All,All,10
2021,(CAH19) language and area studies,(CAH19-01-06) others in English studies,Quintile 1,All,All,10
2022,(CAH19) language and area studies,(CAH19-01-06) others in English studies,Quintile 1,All,All,10
2023,(CAH19) language and area studies,(CAH19-01-06) others in English studies,Quintile 1,All,All,10
2024,(CAH19) language and area studies,(CAH19-01-06) others in English studies,Quintile 1,All,All,5
2019,(CAH19) language and area studies,(CAH19-01-02) English language,Quintile 1,All,All,135
2020,(CAH19) language and area studies,(CAH19-01-02) English language,Quintile 1,All,All,110
2021,(CAH19) language and area studies,(CAH19-01-02) English language,Quintile 1,All,All,115
2022,(CAH19) language and area studies,(CAH19-01-02) English language,Quintile 1,All,All,100
2023,(CAH19) language and area studies,(CAH19-01-02) English language,Quintile 1,All,All,105
2024,(CAH19) language and area studies,(CAH19-01-02) English language,Quintile 1,All,All,90
2019,(CAH19) language and area studies,(CAH19-01-03) literature in English,Quintile 1,All,All,470
2020,(CAH19) language and area studies,(CAH19-01-03) literature in English,Quintile 1,All,All,395
2021,(CAH19) language and area studies,(CAH19-01-03) literature in English,Quintile 1,All,All,395
2022,(CAH19) language and area studies,(CAH19-01-03) literature in English,Quintile 1,All,All,370
2023,(CAH19) language and area studies,(CAH19-01-03) literature in English,Quintile 1,All,All,445
2024,(CAH19) language and area studies,(CAH19-01-03) literature in English,Quintile 1,All,All,430
2019,(CAH19) language and area studies,(CAH19-01-01) English studies (non-specific),Quintile 1,All,All,400
2020,(CAH19) language and area studies,(CAH19-01-01) English studies (non-specific),Quintile 1,All,All,380
2021,(CAH19) language and area studies,(CAH19-01-01) English studies (non-specific),Quintile 1,All,All,380
2022,(CAH19) language and area studies,(CAH19-01-01) English studies (non-specific),Quintile 1,All,All,340
2023,(CAH19) language and area studies,(CAH19-01-01) English studies (non-specific),Quintile 1,All,All,330
2024,(CAH19) language and area studies,(CAH19-01-01) English studies (non-specific),Quintile 1,All,All,335
2019,(CAH19) language and area studies,(CAH19-04-01) French studies,Quintile 1,All,All,70
2020,(CAH19) language and area studies,(CAH19-04-01) French studies,Quintile 1,All,All,70
2021,(CAH19) language and area studies,(CAH19-04-01) French studies,Quintile 1,All,All,70
2022,(CAH19) language and area studies,(CAH19-04-01) French studies,Quintile 1,All,All,50
2023,(CAH19) language and area studies,(CAH19-04-01) French studies,Quintile 1,All,All,45
2024,(CAH19) language and area studies,(CAH19-04-01) French studies,Quintile 1,All,All,40
2019,(CAH19) language and area studies,(CAH19-04-02) German and Scandinavian studies,Quintile 1,All,All,25
2020,(CAH19) language and area studies,(CAH19-04-02) German and Scandinavian studies,Quintile 1,All,All,15
2021,(CAH19) language and area studies,(CAH19-04-02) German and Scandinavian studies,Quintile 1,All,All,25
2022,(CAH19) language and area studies,(CAH19-04-02) German and Scandinavian studies,Quintile 1,All,All,15
2023,(CAH19) language and area studies,(CAH19-04-02) German and Scandinavian studies,Quintile 1,All,All,15
2024,(CAH19) language and area studies,(CAH19-04-02) German and Scandinavian studies,Quintile 1,All,All,15
2019,(CAH19) language and area studies,(CAH19-04-04) Iberian studies,Quintile 1,All,All,80
2020,(CAH19) language and area studies,(CAH19-04-04) Iberian studies,Quintile 1,All,All,80
2021,(CAH19) language and area studies,(CAH19-04-04) Iberian studies,Quintile 1,All,All,70
2022,(CAH19) language and area studies,(CAH19-04-04) Iberian studies,Quintile 1,All,All,55
2023,(CAH19) language and area studies,(CAH19-04-04) Iberian studies,Quintile 1,All,All,55
2024,(CAH19) language and area studies,(CAH19-04-04) Iberian studies,Quintile 1,All,All,50
2019,(CAH19) language and area studies,(CAH19-04-03) Italian studies,Quintile 1,All,All,10
2020,(CAH19) language and area studies,(CAH19-04-03) Italian studies,Quintile 1,All,All,10
2021,(CAH19) language and area studies,(CAH19-04-03) Italian studies,Quintile 1,All,All,10
2022,(CAH19) language and area studies,(CAH19-04-03) Italian studies,Quintile 1,All,All,5
2023,(CAH19) language and area studies,(CAH19-04-03) Italian studies,Quintile 1,All,All,5
2024,(CAH19) language and area studies,(CAH19-04-03) Italian studies,Quintile 1,All,All,10
2019,(CAH19) language and area studies,(CAH19-01-07) linguistics,Quintile 1,All,All,90
2020,(CAH19) language and area studies,(CAH19-01-07) linguistics,Quintile 1,All,All,90
2021,(CAH19) language and area studies,(CAH19-01-07) linguistics,Quintile 1,All,All,95
2022,(CAH19) language and area studies,(CAH19-01-07) linguistics,Quintile 1,All,All,75
2023,(CAH19) language and area studies,(CAH19-01-07) linguistics,Quintile 1,All,All,90
2024,(CAH19) language and area studies,(CAH19-01-07) linguistics,Quintile 1,All,All,75
2019,(CAH19) language and area studies,(CAH19-04-09) others in language and area studies,Quintile 1,All,All,120
2020,(CAH19) language and area studies,(CAH19-04-09) others in language and area studies,Quintile 1,All,All,110
2021,(CAH19) language and area studies,(CAH19-04-09) others in language and area studies,Quintile 1,All,All,130
2022,(CAH19) language and area studies,(CAH19-04-09) others in language and area studies,Quintile 1,All,All,140
2023,(CAH19) language and area studies,(CAH19-04-09) others in language and area studies,Quintile 1,All,All,120
2024,(CAH19) language and area studies,(CAH19-04-09) others in language and area studies,Quintile 1,All,All,110
2019,(CAH19) language and area studies,(CAH19-04-05) Slavic studies,Quintile 1,All,All,5
2020,(CAH19) language and area studies,(CAH19-04-05) Slavic studies,Quintile 1,All,All,10
2021,(CAH19) language and area studies,(CAH19-04-05) Slavic studies,Quintile 1,All,All,10
2022,(CAH19) language and area studies,(CAH19-04-05) Slavic studies,Quintile 1,All,All,5
2023,(CAH19) language and area studies,(CAH19-04-05) Slavic studies,Quintile 1,All,All,5
2024,(CAH19) language and area studies,(CAH19-04-05) Slavic studies,Quintile 1,All,All,5
2019,(CAH19) language and area studies,(CAH19-02-03) Welsh studies,Quintile 1,All,All,10
2020,(CAH19) language and area studies,(CAH19-02-03) Welsh studies,Quintile 1,All,All,5
2021,(CAH19) language and area studies,(CAH19-02-03) Welsh studies,Quintile 1,All,All,5
2022,(CAH19) language and area studies,(CAH19-02-03) Welsh studies,Quintile 1,All,All,5
2023,(CAH19) language and area studies,(CAH19-02-03) Welsh studies,Quintile 1,All,All,5
2024,(CAH19) language and area studies,(CAH19-02-03) Welsh studies,Quintile 1,All,All,10
2020,(CAH19) language and area studies,(CAH19-02-01) Celtic studies (non-specific),Quintile 1,All,All,5
2022,(CAH19) language and area studies,(CAH19-02-01) Celtic studies (non-specific),Quintile 1,All,All,5
2023,(CAH19) language and area studies,(CAH19-02-01) Celtic studies (non-specific),Quintile 1,All,All,5
2019,(CAH19) language and area studies,(CAH19-02-04) others in Celtic studies,Quintile 1,All,All,15
2020,(CAH19) language and area studies,(CAH19-02-04) others in Celtic studies,Quintile 1,All,All,5
2021,(CAH19) language and area studies,(CAH19-02-04) others in Celtic studies,Quintile 1,All,All,10
2022,(CAH19) language and area studies,(CAH19-02-04) others in Celtic studies,Quintile 1,All,All,5
2023,(CAH19) language and area studies,(CAH19-02-04) others in Celtic studies,Quintile 1,All,All,5
2024,(CAH19) language and area studies,(CAH19-02-04) others in Celtic studies,Quintile 1,All,All,5
2019,(CAH19) language and area studies,(CAH19-04-06) Asian studies,Quintile 1,All,All,105
2020,(CAH19) language and area studies,(CAH19-04-06) Asian studies,Quintile 1,All,All,130
2021,(CAH19) language and area studies,(CAH19-04-06) Asian studies,Quintile 1,All,All,125
2022,(CAH19) language and area studies,(CAH19-04-06) Asian studies,Quintile 1,All,All,115
2023,(CAH19) language and area studies,(CAH19-04-06) Asian studies,Quintile 1,All,All,90
2024,(CAH19) language and area studies,(CAH19-04-06) Asian studies,Quintile 1,All,All,70
2019,(CAH19) language and area studies,(CAH19-04-07) African and modern Middle Eastern studies,Quintile 1,All,All,5
2020,(CAH19) language and area studies,(CAH19-04-07) African and modern Middle Eastern studies,Quintile 1,All,All,10
2021,(CAH19) language and area studies,(CAH19-04-07) African and modern Middle Eastern studies,Quintile 1,All,All,10
2022,(CAH19) language and area studies,(CAH19-04-07) African and modern Middle Eastern studies,Quintile 1,All,All,10
2023,(CAH19) language and area studies,(CAH19-04-07) African and modern Middle Eastern studies,Quintile 1,All,All,10
2024,(CAH19) language and area studies,(CAH19-04-07) African and modern Middle Eastern studies,Quintile 1,All,All,10
2019,"(CAH24) media, journalism and communications",(CAH24-01-05) media studies,Quintile 1,All,All,855
2020,"(CAH24) media, journalism and communications",(CAH24-01-05) media studies,Quintile 1,All,All,895
2021,"(CAH24) media, journalism and communications",(CAH24-01-05) media studies,Quintile 1,All,All,850
2022,"(CAH24) media, journalism and communications",(CAH24-01-05) media studies,Quintile 1,All,All,915
2023,"(CAH24) media, journalism and communications",(CAH24-01-05) media studies,Quintile 1,All,All,845
2024,"(CAH24) media, journalism and communications",(CAH24-01-05) media studies,Quintile 1,All,All,830
2019,"(CAH24) media, journalism and communications",(CAH24-01-02) publicity studies,Quintile 1,All,All,30
2020,"(CAH24) media, journalism and communications",(CAH24-01-02) publicity studies,Quintile 1,All,All,30
2021,"(CAH24) media, journalism and communications",(CAH24-01-02) publicity studies,Quintile 1,All,All,20
2022,"(CAH24) media, journalism and communications",(CAH24-01-02) publicity studies,Quintile 1,All,All,20
2023,"(CAH24) media, journalism and communications",(CAH24-01-02) publicity studies,Quintile 1,All,All,20
2024,"(CAH24) media, journalism and communications",(CAH24-01-02) publicity studies,Quintile 1,All,All,25
2019,"(CAH24) media, journalism and communications",(CAH24-01-01) information services,Quintile 1,All,All,5
2020,"(CAH24) media, journalism and communications",(CAH24-01-01) information services,Quintile 1,All,All,5
2021,"(CAH24) media, journalism and communications",(CAH24-01-01) information services,Quintile 1,All,All,5
2022,"(CAH24) media, journalism and communications",(CAH24-01-01) information services,Quintile 1,All,All,5
2023,"(CAH24) media, journalism and communications",(CAH24-01-01) information services,Quintile 1,All,All,5
2024,"(CAH24) media, journalism and communications",(CAH24-01-01) information services,Quintile 1,All,All,5
2019,"(CAH24) media, journalism and communications",(CAH24-01-04) journalism,Quintile 1,All,All,345
2020,"(CAH24) media, journalism and communications",(CAH24-01-04) journalism,Quintile 1,All,All,350
2021,"(CAH24) media, journalism and communications",(CAH24-01-04) journalism,Quintile 1,All,All,380
2022,"(CAH24) media, journalism and communications",(CAH24-01-04) journalism,Quintile 1,All,All,380
2023,"(CAH24) media, journalism and communications",(CAH24-01-04) journalism,Quintile 1,All,All,390
2024,"(CAH24) media, journalism and communications",(CAH24-01-04) journalism,Quintile 1,All,All,385
2019,"(CAH24) media, journalism and communications",(CAH24-01-03) publishing,Quintile 1,All,All,20
2020,"(CAH24) media, journalism and communications",(CAH24-01-03) publishing,Quintile 1,All,All,20
2021,"(CAH24) media, journalism and communications",(CAH24-01-03) publishing,Quintile 1,All,All,20
2022,"(CAH24) media, journalism and communications",(CAH24-01-03) publishing,Quintile 1,All,All,10
2023,"(CAH24) media, journalism and communications",(CAH24-01-03) publishing,Quintile 1,All,All,15
2024,"(CAH24) media, journalism and communications",(CAH24-01-03) publishing,Quintile 1,All,All,10
2019,(CAH23) combined and general studies,(CAH23-01-04) liberal arts (non-specific),Quintile 1,All,All,40
2020,(CAH23) combined and general studies,(CAH23-01-04) liberal arts (non-specific),Quintile 1,All,All,25
2021,(CAH23) combined and general studies,(CAH23-01-04) liberal arts (non-specific),Quintile 1,All,All,35
2022,(CAH23) combined and general studies,(CAH23-01-04) liberal arts (non-specific),Quintile 1,All,All,45
2023,(CAH23) combined and general studies,(CAH23-01-04) liberal arts (non-specific),Quintile 1,All,All,45
2024,(CAH23) combined and general studies,(CAH23-01-04) liberal arts (non-specific),Quintile 1,All,All,30
2019,(CAH23) combined and general studies,(CAH23-01-03) humanities (non-specific),Quintile 1,All,All,45
2020,(CAH23) combined and general studies,(CAH23-01-03) humanities (non-specific),Quintile 1,All,All,35
2021,(CAH23) combined and general studies,(CAH23-01-03) humanities (non-specific),Quintile 1,All,All,30
2022,(CAH23) combined and general studies,(CAH23-01-03) humanities (non-specific),Quintile 1,All,All,35
2023,(CAH23) combined and general studies,(CAH23-01-03) humanities (non-specific),Quintile 1,All,All,35
2024,(CAH23) combined and general studies,(CAH23-01-03) humanities (non-specific),Quintile 1,All,All,30
2019,(CAH23) combined and general studies,(CAH23-01-02) personal development,Quintile 1,All,All,50
2020,(CAH23) combined and general studies,(CAH23-01-02) personal development,Quintile 1,All,All,60
2021,(CAH23) combined and general studies,(CAH23-01-02) personal development,Quintile 1,All,All,95
2022,(CAH23) combined and general studies,(CAH23-01-02) personal development,Quintile 1,All,All,65
2023,(CAH23) combined and general studies,(CAH23-01-02) personal development,Quintile 1,All,All,45
2024,(CAH23) combined and general studies,(CAH23-01-02) personal development,Quintile 1,All,All,45
2019,(CAH23) combined and general studies,"(CAH23-01-01) combined, general or negotiated studies",Quintile 1,All,All,65
2020,(CAH23) combined and general studies,"(CAH23-01-01) combined, general or negotiated studies",Quintile 1,All,All,60
2021,(CAH23) combined and general studies,"(CAH23-01-01) combined, general or negotiated studies",Quintile 1,All,All,65
2022,(CAH23) combined and general studies,"(CAH23-01-01) combined, general or negotiated studies",Quintile 1,All,All,85
2023,(CAH23) combined and general studies,"(CAH23-01-01) combined, general or negotiated studies",Quintile 1,All,All,105
2024,(CAH23) combined and general studies,"(CAH23-01-01) combined, general or negotiated studies",Quintile 1,All,All,90
2019,(CAH17) business and management,(CAH17-01-03) marketing,Quintile 1,All,All,585
2020,(CAH17) business and management,(CAH17-01-03) marketing,Quintile 1,All,All,690
2021,(CAH17) business and management,(CAH17-01-03) marketing,Quintile 1,All,All,710
2022,(CAH17) business and management,(CAH17-01-03) marketing,Quintile 1,All,All,735
2023,(CAH17) business and management,(CAH17-01-03) marketing,Quintile 1,All,All,740
2024,(CAH17) business and management,(CAH17-01-03) marketing,Quintile 1,All,All,805
2019,(CAH17) business and management,(CAH17-01-01) business and management (non-specific),Quintile 1,All,All,1170
2020,(CAH17) business and management,(CAH17-01-01) business and management (non-specific),Quintile 1,All,All,1340
2021,(CAH17) business and management,(CAH17-01-01) business and management (non-specific),Quintile 1,All,All,1650
2022,(CAH17) business and management,(CAH17-01-01) business and management (non-specific),Quintile 1,All,All,2050
2023,(CAH17) business and management,(CAH17-01-01) business and management (non-specific),Quintile 1,All,All,2775
2024,(CAH17) business and management,(CAH17-01-01) business and management (non-specific),Quintile 1,All,All,2855
2019,(CAH17) business and management,(CAH17-01-02) business studies,Quintile 1,All,All,1530
2020,(CAH17) business and management,(CAH17-01-02) business studies,Quintile 1,All,All,1930
2021,(CAH17) business and management,(CAH17-01-02) business studies,Quintile 1,All,All,1725
2022,(CAH17) business and management,(CAH17-01-02) business studies,Quintile 1,All,All,1915
2023,(CAH17) business and management,(CAH17-01-02) business studies,Quintile 1,All,All,2665
2024,(CAH17) business and management,(CAH17-01-02) business studies,Quintile 1,All,All,2865
2019,(CAH17) business and management,"(CAH17-01-06) tourism, transport and travel",Quintile 1,All,All,875
2020,(CAH17) business and management,"(CAH17-01-06) tourism, transport and travel",Quintile 1,All,All,770
2021,(CAH17) business and management,"(CAH17-01-06) tourism, transport and travel",Quintile 1,All,All,1045
2022,(CAH17) business and management,"(CAH17-01-06) tourism, transport and travel",Quintile 1,All,All,1380
2023,(CAH17) business and management,"(CAH17-01-06) tourism, transport and travel",Quintile 1,All,All,1065
2024,(CAH17) business and management,"(CAH17-01-06) tourism, transport and travel",Quintile 1,All,All,1045
2019,(CAH17) business and management,(CAH17-01-05) human resource management,Quintile 1,All,All,125
2020,(CAH17) business and management,(CAH17-01-05) human resource management,Quintile 1,All,All,130
2021,(CAH17) business and management,(CAH17-01-05) human resource management,Quintile 1,All,All,90
2022,(CAH17) business and management,(CAH17-01-05) human resource management,Quintile 1,All,All,105
2023,(CAH17) business and management,(CAH17-01-05) human resource management,Quintile 1,All,All,100
2024,(CAH17) business and management,(CAH17-01-05) human resource management,Quintile 1,All,All,85
2019,(CAH17) business and management,(CAH17-01-04) management studies,Quintile 1,All,All,755
2020,(CAH17) business and management,(CAH17-01-04) management studies,Quintile 1,All,All,760
2021,(CAH17) business and management,(CAH17-01-04) management studies,Quintile 1,All,All,725
2022,(CAH17) business and management,(CAH17-01-04) management studies,Quintile 1,All,All,795
2023,(CAH17) business and management,(CAH17-01-04) management studies,Quintile 1,All,All,650
2024,(CAH17) business and management,(CAH17-01-04) management studies,Quintile 1,All,All,655
2019,(CAH17) business and management,(CAH17-01-08) accounting,Quintile 1,All,All,830
2020,(CAH17) business and management,(CAH17-01-08) accounting,Quintile 1,All,All,875
2021,(CAH17) business and management,(CAH17-01-08) accounting,Quintile 1,All,All,1015
2022,(CAH17) business and management,(CAH17-01-08) accounting,Quintile 1,All,All,1080
2023,(CAH17) business and management,(CAH17-01-08) accounting,Quintile 1,All,All,1145
2024,(CAH17) business and management,(CAH17-01-08) accounting,Quintile 1,All,All,1285
2019,(CAH17) business and management,(CAH17-01-07) finance,Quintile 1,All,All,550
2020,(CAH17) business and management,(CAH17-01-07) finance,Quintile 1,All,All,585
2021,(CAH17) business and management,(CAH17-01-07) finance,Quintile 1,All,All,620
2022,(CAH17) business and management,(CAH17-01-07) finance,Quintile 1,All,All,765
2023,(CAH17) business and management,(CAH17-01-07) finance,Quintile 1,All,All,840
2024,(CAH17) business and management,(CAH17-01-07) finance,Quintile 1,All,All,960
2019,(CAH15) social sciences,(CAH15-03-01) politics,Quintile 1,All,All,680
2020,(CAH15) social sciences,(CAH15-03-01) politics,Quintile 1,All,All,735
2021,(CAH15) social sciences,(CAH15-03-01) politics,Quintile 1,All,All,700
2022,(CAH15) social sciences,(CAH15-03-01) politics,Quintile 1,All,All,695
2023,(CAH15) social sciences,(CAH15-03-01) politics,Quintile 1,All,All,690
2024,(CAH15) social sciences,(CAH15-03-01) politics,Quintile 1,All,All,790
2019,(CAH15) social sciences,(CAH15-01-04) anthropology,Quintile 1,All,All,65
2020,(CAH15) social sciences,(CAH15-01-04) anthropology,Quintile 1,All,All,60
2021,(CAH15) social sciences,(CAH15-01-04) anthropology,Quintile 1,All,All,70
2022,(CAH15) social sciences,(CAH15-01-04) anthropology,Quintile 1,All,All,75
2023,(CAH15) social sciences,(CAH15-01-04) anthropology,Quintile 1,All,All,70
2024,(CAH15) social sciences,(CAH15-01-04) anthropology,Quintile 1,All,All,65
2019,(CAH15) social sciences,(CAH15-02-01) economics,Quintile 1,All,All,535
2020,(CAH15) social sciences,(CAH15-02-01) economics,Quintile 1,All,All,615
2021,(CAH15) social sciences,(CAH15-02-01) economics,Quintile 1,All,All,625
2022,(CAH15) social sciences,(CAH15-02-01) economics,Quintile 1,All,All,665
2023,(CAH15) social sciences,(CAH15-02-01) economics,Quintile 1,All,All,660
2024,(CAH15) social sciences,(CAH15-02-01) economics,Quintile 1,All,All,755
2019,(CAH15) social sciences,(CAH15-04-02) childhood and youth studies,Quintile 1,All,All,925
2020,(CAH15) social sciences,(CAH15-04-02) childhood and youth studies,Quintile 1,All,All,925
2021,(CAH15) social sciences,(CAH15-04-02) childhood and youth studies,Quintile 1,All,All,790
2022,(CAH15) social sciences,(CAH15-04-02) childhood and youth studies,Quintile 1,All,All,710
2023,(CAH15) social sciences,(CAH15-04-02) childhood and youth studies,Quintile 1,All,All,570
2024,(CAH15) social sciences,(CAH15-04-02) childhood and youth studies,Quintile 1,All,All,535
2019,(CAH15) social sciences,(CAH15-04-01) social work,Quintile 1,All,All,1275
2020,(CAH15) social sciences,(CAH15-04-01) social work,Quintile 1,All,All,1410
2021,(CAH15) social sciences,(CAH15-04-01) social work,Quintile 1,All,All,1330
2022,(CAH15) social sciences,(CAH15-04-01) social work,Quintile 1,All,All,1285
2023,(CAH15) social sciences,(CAH15-04-01) social work,Quintile 1,All,All,1030
2024,(CAH15) social sciences,(CAH15-04-01) social work,Quintile 1,All,All,1060
2019,(CAH15) social sciences,(CAH15-01-01) social sciences (non-specific),Quintile 1,All,All,215
2020,(CAH15) social sciences,(CAH15-01-01) social sciences (non-specific),Quintile 1,All,All,225
2021,(CAH15) social sciences,(CAH15-01-01) social sciences (non-specific),Quintile 1,All,All,220
2022,(CAH15) social sciences,(CAH15-01-01) social sciences (non-specific),Quintile 1,All,All,210
2023,(CAH15) social sciences,(CAH15-01-01) social sciences (non-specific),Quintile 1,All,All,220
2024,(CAH15) social sciences,(CAH15-01-01) social sciences (non-specific),Quintile 1,All,All,195
2019,(CAH15) social sciences,(CAH15-04-03) health studies,Quintile 1,All,All,1320
2020,(CAH15) social sciences,(CAH15-04-03) health studies,Quintile 1,All,All,1040
2021,(CAH15) social sciences,(CAH15-04-03) health studies,Quintile 1,All,All,1120
2022,(CAH15) social sciences,(CAH15-04-03) health studies,Quintile 1,All,All,920
2023,(CAH15) social sciences,(CAH15-04-03) health studies,Quintile 1,All,All,790
2024,(CAH15) social sciences,(CAH15-04-03) health studies,Quintile 1,All,All,740
2019,(CAH15) social sciences,(CAH15-01-03) social policy,Quintile 1,All,All,305
2020,(CAH15) social sciences,(CAH15-01-03) social policy,Quintile 1,All,All,260
2021,(CAH15) social sciences,(CAH15-01-03) social policy,Quintile 1,All,All,240
2022,(CAH15) social sciences,(CAH15-01-03) social policy,Quintile 1,All,All,215
2023,(CAH15) social sciences,(CAH15-01-03) social policy,Quintile 1,All,All,225
2024,(CAH15) social sciences,(CAH15-01-03) social policy,Quintile 1,All,All,210
2019,(CAH15) social sciences,(CAH15-01-02) sociology,Quintile 1,All,All,2455
2020,(CAH15) social sciences,(CAH15-01-02) sociology,Quintile 1,All,All,2585
2021,(CAH15) social sciences,(CAH15-01-02) sociology,Quintile 1,All,All,2565
2022,(CAH15) social sciences,(CAH15-01-02) sociology,Quintile 1,All,All,2645
2023,(CAH15) social sciences,(CAH15-01-02) sociology,Quintile 1,All,All,2400
2024,(CAH15) social sciences,(CAH15-01-02) sociology,Quintile 1,All,All,2240
2019,(CAH15) social sciences,(CAH15-01-05) development studies,Quintile 1,All,All,20
2020,(CAH15) social sciences,(CAH15-01-05) development studies,Quintile 1,All,All,15
2021,(CAH15) social sciences,(CAH15-01-05) development studies,Quintile 1,All,All,25
2022,(CAH15) social sciences,(CAH15-01-05) development studies,Quintile 1,All,All,10
2023,(CAH15) social sciences,(CAH15-01-05) development studies,Quintile 1,All,All,20
2024,(CAH15) social sciences,(CAH15-01-05) development studies,Quintile 1,All,All,20
2019,(CAH15) social sciences,(CAH15-01-06) cultural studies,Quintile 1,All,All,25
2020,(CAH15) social sciences,(CAH15-01-06) cultural studies,Quintile 1,All,All,15
2021,(CAH15) social sciences,(CAH15-01-06) cultural studies,Quintile 1,All,All,15
2022,(CAH15) social sciences,(CAH15-01-06) cultural studies,Quintile 1,All,All,10
2023,(CAH15) social sciences,(CAH15-01-06) cultural studies,Quintile 1,All,All,10
2024,(CAH15) social sciences,(CAH15-01-06) cultural studies,Quintile 1,All,All,15
2019,(CAH03) biological and sport sciences,(CAH03-02-01) sport and exercise sciences,Quintile 1,All,All,2470
2020,(CAH03) biological and sport sciences,(CAH03-02-01) sport and exercise sciences,Quintile 1,All,All,2520
2021,(CAH03) biological and sport sciences,(CAH03-02-01) sport and exercise sciences,Quintile 1,All,All,2485
2022,(CAH03) biological and sport sciences,(CAH03-02-01) sport and exercise sciences,Quintile 1,All,All,2555
2023,(CAH03) biological and sport sciences,(CAH03-02-01) sport and exercise sciences,Quintile 1,All,All,2325
2024,(CAH03) biological and sport sciences,(CAH03-02-01) sport and exercise sciences,Quintile 1,All,All,2215
2019,(CAH03) biological and sport sciences,(CAH03-01-07) genetics,Quintile 1,All,All,30
2020,(CAH03) biological and sport sciences,(CAH03-01-07) genetics,Quintile 1,All,All,25
2021,(CAH03) biological and sport sciences,(CAH03-01-07) genetics,Quintile 1,All,All,35
2022,(CAH03) biological and sport sciences,(CAH03-01-07) genetics,Quintile 1,All,All,35
2023,(CAH03) biological and sport sciences,(CAH03-01-07) genetics,Quintile 1,All,All,20
2024,(CAH03) biological and sport sciences,(CAH03-01-07) genetics,Quintile 1,All,All,20
2019,(CAH03) biological and sport sciences,(CAH03-01-10) others in biosciences,Quintile 1,All,All,80
2020,(CAH03) biological and sport sciences,(CAH03-01-10) others in biosciences,Quintile 1,All,All,75
2021,(CAH03) biological and sport sciences,(CAH03-01-10) others in biosciences,Quintile 1,All,All,85
2022,(CAH03) biological and sport sciences,(CAH03-01-10) others in biosciences,Quintile 1,All,All,90
2023,(CAH03) biological and sport sciences,(CAH03-01-10) others in biosciences,Quintile 1,All,All,70
2024,(CAH03) biological and sport sciences,(CAH03-01-10) others in biosciences,Quintile 1,All,All,75
2019,(CAH03) biological and sport sciences,"(CAH03-01-08) molecular biology, biophysics and biochemistry",Quintile 1,All,All,320
2020,(CAH03) biological and sport sciences,"(CAH03-01-08) molecular biology, biophysics and biochemistry",Quintile 1,All,All,240
2021,(CAH03) biological and sport sciences,"(CAH03-01-08) molecular biology, biophysics and biochemistry",Quintile 1,All,All,280
2022,(CAH03) biological and sport sciences,"(CAH03-01-08) molecular biology, biophysics and biochemistry",Quintile 1,All,All,290
2023,(CAH03) biological and sport sciences,"(CAH03-01-08) molecular biology, biophysics and biochemistry",Quintile 1,All,All,320
2024,(CAH03) biological and sport sciences,"(CAH03-01-08) molecular biology, biophysics and biochemistry",Quintile 1,All,All,335
2019,(CAH03) biological and sport sciences,(CAH03-01-01) biosciences (non-specific),Quintile 1,All,All,265
2020,(CAH03) biological and sport sciences,(CAH03-01-01) biosciences (non-specific),Quintile 1,All,All,295
2021,(CAH03) biological and sport sciences,(CAH03-01-01) biosciences (non-specific),Quintile 1,All,All,285
2022,(CAH03) biological and sport sciences,(CAH03-01-01) biosciences (non-specific),Quintile 1,All,All,270
2023,(CAH03) biological and sport sciences,(CAH03-01-01) biosciences (non-specific),Quintile 1,All,All,290
2024,(CAH03) biological and sport sciences,(CAH03-01-01) biosciences (non-specific),Quintile 1,All,All,240
2019,(CAH03) biological and sport sciences,(CAH03-01-02) biology (non-specific),Quintile 1,All,All,420
2020,(CAH03) biological and sport sciences,(CAH03-01-02) biology (non-specific),Quintile 1,All,All,395
2021,(CAH03) biological and sport sciences,(CAH03-01-02) biology (non-specific),Quintile 1,All,All,380
2022,(CAH03) biological and sport sciences,(CAH03-01-02) biology (non-specific),Quintile 1,All,All,370
2023,(CAH03) biological and sport sciences,(CAH03-01-02) biology (non-specific),Quintile 1,All,All,355
2024,(CAH03) biological and sport sciences,(CAH03-01-02) biology (non-specific),Quintile 1,All,All,365
2019,(CAH03) biological and sport sciences,(CAH03-01-03) ecology and environmental biology,Quintile 1,All,All,210
2020,(CAH03) biological and sport sciences,(CAH03-01-03) ecology and environmental biology,Quintile 1,All,All,230
2021,(CAH03) biological and sport sciences,(CAH03-01-03) ecology and environmental biology,Quintile 1,All,All,250
2022,(CAH03) biological and sport sciences,(CAH03-01-03) ecology and environmental biology,Quintile 1,All,All,265
2023,(CAH03) biological and sport sciences,(CAH03-01-03) ecology and environmental biology,Quintile 1,All,All,230
2024,(CAH03) biological and sport sciences,(CAH03-01-03) ecology and environmental biology,Quintile 1,All,All,255
2019,(CAH03) biological and sport sciences,(CAH03-01-04) microbiology and cell science,Quintile 1,All,All,70
2020,(CAH03) biological and sport sciences,(CAH03-01-04) microbiology and cell science,Quintile 1,All,All,60
2021,(CAH03) biological and sport sciences,(CAH03-01-04) microbiology and cell science,Quintile 1,All,All,70
2022,(CAH03) biological and sport sciences,(CAH03-01-04) microbiology and cell science,Quintile 1,All,All,65
2023,(CAH03) biological and sport sciences,(CAH03-01-04) microbiology and cell science,Quintile 1,All,All,80
2024,(CAH03) biological and sport sciences,(CAH03-01-04) microbiology and cell science,Quintile 1,All,All,70
2019,(CAH03) biological and sport sciences,(CAH03-01-05) plant sciences,Quintile 1,All,All,5
2020,(CAH03) biological and sport sciences,(CAH03-01-05) plant sciences,Quintile 1,All,All,5
2021,(CAH03) biological and sport sciences,(CAH03-01-05) plant sciences,Quintile 1,All,All,5
2022,(CAH03) biological and sport sciences,(CAH03-01-05) plant sciences,Quintile 1,All,All,10
2023,(CAH03) biological and sport sciences,(CAH03-01-05) plant sciences,Quintile 1,All,All,10
2024,(CAH03) biological and sport sciences,(CAH03-01-05) plant sciences,Quintile 1,All,All,5
2019,(CAH03) biological and sport sciences,(CAH03-01-06) zoology,Quintile 1,All,All,235
2020,(CAH03) biological and sport sciences,(CAH03-01-06) zoology,Quintile 1,All,All,265
2021,(CAH03) biological and sport sciences,(CAH03-01-06) zoology,Quintile 1,All,All,245
2022,(CAH03) biological and sport sciences,(CAH03-01-06) zoology,Quintile 1,All,All,275
2023,(CAH03) biological and sport sciences,(CAH03-01-06) zoology,Quintile 1,All,All,230
2024,(CAH03) biological and sport sciences,(CAH03-01-06) zoology,Quintile 1,All,All,235
2019,(CAH03) biological and sport sciences,(CAH03-01-09) hair and beauty sciences,Quintile 1,All,All,10
2020,(CAH03) biological and sport sciences,(CAH03-01-09) hair and beauty sciences,Quintile 1,All,All,25
2021,(CAH03) biological and sport sciences,(CAH03-01-09) hair and beauty sciences,Quintile 1,All,All,15
2022,(CAH03) biological and sport sciences,(CAH03-01-09) hair and beauty sciences,Quintile 1,All,All,5
2019,"(CAH13) architecture, building and planning",(CAH13-01-01) architecture,Quintile 1,All,All,420
2020,"(CAH13) architecture, building and planning",(CAH13-01-01) architecture,Quintile 1,All,All,475
2021,"(CAH13) architecture, building and planning",(CAH13-01-01) architecture,Quintile 1,All,All,500
2022,"(CAH13) architecture, building and planning",(CAH13-01-01) architecture,Quintile 1,All,All,585
2023,"(CAH13) architecture, building and planning",(CAH13-01-01) architecture,Quintile 1,All,All,570
2024,"(CAH13) architecture, building and planning",(CAH13-01-01) architecture,Quintile 1,All,All,625
2019,"(CAH13) architecture, building and planning",(CAH13-01-03) landscape design,Quintile 1,All,All,5
2020,"(CAH13) architecture, building and planning",(CAH13-01-03) landscape design,Quintile 1,All,All,15
2021,"(CAH13) architecture, building and planning",(CAH13-01-03) landscape design,Quintile 1,All,All,10
2022,"(CAH13) architecture, building and planning",(CAH13-01-03) landscape design,Quintile 1,All,All,10
2023,"(CAH13) architecture, building and planning",(CAH13-01-03) landscape design,Quintile 1,All,All,10
2024,"(CAH13) architecture, building and planning",(CAH13-01-03) landscape design,Quintile 1,All,All,15
2019,"(CAH13) architecture, building and planning",(CAH13-01-02) building,Quintile 1,All,All,310
2020,"(CAH13) architecture, building and planning",(CAH13-01-02) building,Quintile 1,All,All,340
2021,"(CAH13) architecture, building and planning",(CAH13-01-02) building,Quintile 1,All,All,295
2022,"(CAH13) architecture, building and planning",(CAH13-01-02) building,Quintile 1,All,All,800
2023,"(CAH13) architecture, building and planning",(CAH13-01-02) building,Quintile 1,All,All,855
2024,"(CAH13) architecture, building and planning",(CAH13-01-02) building,Quintile 1,All,All,1005
2019,"(CAH13) architecture, building and planning","(CAH13-01-04) planning (urban, rural and regional)",Quintile 1,All,All,90
2020,"(CAH13) architecture, building and planning","(CAH13-01-04) planning (urban, rural and regional)",Quintile 1,All,All,95
2021,"(CAH13) architecture, building and planning","(CAH13-01-04) planning (urban, rural and regional)",Quintile 1,All,All,90
2022,"(CAH13) architecture, building and planning","(CAH13-01-04) planning (urban, rural and regional)",Quintile 1,All,All,70
2023,"(CAH13) architecture, building and planning","(CAH13-01-04) planning (urban, rural and regional)",Quintile 1,All,All,55
2024,"(CAH13) architecture, building and planning","(CAH13-01-04) planning (urban, rural and regional)",Quintile 1,All,All,55
2019,(CAH01) medicine and dentistry,(CAH01-01-03) medicine by specialism,Quintile 1,All,All,25
2020,(CAH01) medicine and dentistry,(CAH01-01-03) medicine by specialism,Quintile 1,All,All,30
2021,(CAH01) medicine and dentistry,(CAH01-01-03) medicine by specialism,Quintile 1,All,All,30
2022,(CAH01) medicine and dentistry,(CAH01-01-03) medicine by specialism,Quintile 1,All,All,30
2023,(CAH01) medicine and dentistry,(CAH01-01-03) medicine by specialism,Quintile 1,All,All,20
2024,(CAH01) medicine and dentistry,(CAH01-01-03) medicine by specialism,Quintile 1,All,All,20
2019,(CAH01) medicine and dentistry,(CAH01-01-04) dentistry,Quintile 1,All,All,95
2020,(CAH01) medicine and dentistry,(CAH01-01-04) dentistry,Quintile 1,All,All,110
2021,(CAH01) medicine and dentistry,(CAH01-01-04) dentistry,Quintile 1,All,All,130
2022,(CAH01) medicine and dentistry,(CAH01-01-04) dentistry,Quintile 1,All,All,95
2023,(CAH01) medicine and dentistry,(CAH01-01-04) dentistry,Quintile 1,All,All,130
2024,(CAH01) medicine and dentistry,(CAH01-01-04) dentistry,Quintile 1,All,All,145
2019,(CAH01) medicine and dentistry,(CAH01-01-02) medicine (non-specific),Quintile 1,All,All,615
2020,(CAH01) medicine and dentistry,(CAH01-01-02) medicine (non-specific),Quintile 1,All,All,750
2021,(CAH01) medicine and dentistry,(CAH01-01-02) medicine (non-specific),Quintile 1,All,All,885
2022,(CAH01) medicine and dentistry,(CAH01-01-02) medicine (non-specific),Quintile 1,All,All,805
2023,(CAH01) medicine and dentistry,(CAH01-01-02) medicine (non-specific),Quintile 1,All,All,795
2024,(CAH01) medicine and dentistry,(CAH01-01-02) medicine (non-specific),Quintile 1,All,All,940
2019,(CAH01) medicine and dentistry,(CAH01-01-01) medical sciences (non-specific),Quintile 1,All,All,55
2020,(CAH01) medicine and dentistry,(CAH01-01-01) medical sciences (non-specific),Quintile 1,All,All,55
2021,(CAH01) medicine and dentistry,(CAH01-01-01) medical sciences (non-specific),Quintile 1,All,All,50
2022,(CAH01) medicine and dentistry,(CAH01-01-01) medical sciences (non-specific),Quintile 1,All,All,55
2023,(CAH01) medicine and dentistry,(CAH01-01-01) medical sciences (non-specific),Quintile 1,All,All,50
2024,(CAH01) medicine and dentistry,(CAH01-01-01) medical sciences (non-specific),Quintile 1,All,All,35
2019,"(CAH20) historical, philosophical and religious studies",(CAH20-01-01) history,Quintile 1,All,All,970
2020,"(CAH20) historical, philosophical and religious studies",(CAH20-01-01) history,Quintile 1,All,All,935
2021,"(CAH20) historical, philosophical and religious studies",(CAH20-01-01) history,Quintile 1,All,All,850
2022,"(CAH20) historical, philosophical and religious studies",(CAH20-01-01) history,Quintile 1,All,All,855
2023,"(CAH20) historical, philosophical and religious studies",(CAH20-01-01) history,Quintile 1,All,All,845
2024,"(CAH20) historical, philosophical and religious studies",(CAH20-01-01) history,Quintile 1,All,All,860
2019,"(CAH20) historical, philosophical and religious studies",(CAH20-01-03) archaeology,Quintile 1,All,All,85
2020,"(CAH20) historical, philosophical and religious studies",(CAH20-01-03) archaeology,Quintile 1,All,All,95
2021,"(CAH20) historical, philosophical and religious studies",(CAH20-01-03) archaeology,Quintile 1,All,All,90
2022,"(CAH20) historical, philosophical and religious studies",(CAH20-01-03) archaeology,Quintile 1,All,All,95
2023,"(CAH20) historical, philosophical and religious studies",(CAH20-01-03) archaeology,Quintile 1,All,All,105
2024,"(CAH20) historical, philosophical and religious studies",(CAH20-01-03) archaeology,Quintile 1,All,All,105
2019,"(CAH20) historical, philosophical and religious studies",(CAH20-01-05) classics,Quintile 1,All,All,70
2020,"(CAH20) historical, philosophical and religious studies",(CAH20-01-05) classics,Quintile 1,All,All,80
2021,"(CAH20) historical, philosophical and religious studies",(CAH20-01-05) classics,Quintile 1,All,All,70
2022,"(CAH20) historical, philosophical and religious studies",(CAH20-01-05) classics,Quintile 1,All,All,80
2023,"(CAH20) historical, philosophical and religious studies",(CAH20-01-05) classics,Quintile 1,All,All,95
2024,"(CAH20) historical, philosophical and religious studies",(CAH20-01-05) classics,Quintile 1,All,All,85
2019,"(CAH20) historical, philosophical and religious studies","(CAH20-01-02) history of art, architecture and design",Quintile 1,All,All,50
2020,"(CAH20) historical, philosophical and religious studies","(CAH20-01-02) history of art, architecture and design",Quintile 1,All,All,55
2021,"(CAH20) historical, philosophical and religious studies","(CAH20-01-02) history of art, architecture and design",Quintile 1,All,All,55
2022,"(CAH20) historical, philosophical and religious studies","(CAH20-01-02) history of art, architecture and design",Quintile 1,All,All,50
2023,"(CAH20) historical, philosophical and religious studies","(CAH20-01-02) history of art, architecture and design",Quintile 1,All,All,50
2024,"(CAH20) historical, philosophical and religious studies","(CAH20-01-02) history of art, architecture and design",Quintile 1,All,All,55
2019,"(CAH20) historical, philosophical and religious studies",(CAH20-02-01) philosophy,Quintile 1,All,All,205
2020,"(CAH20) historical, philosophical and religious studies",(CAH20-02-01) philosophy,Quintile 1,All,All,200
2021,"(CAH20) historical, philosophical and religious studies",(CAH20-02-01) philosophy,Quintile 1,All,All,210
2022,"(CAH20) historical, philosophical and religious studies",(CAH20-02-01) philosophy,Quintile 1,All,All,245
2023,"(CAH20) historical, philosophical and religious studies",(CAH20-02-01) philosophy,Quintile 1,All,All,225
2024,"(CAH20) historical, philosophical and religious studies",(CAH20-02-01) philosophy,Quintile 1,All,All,195
2019,"(CAH20) historical, philosophical and religious studies",(CAH20-02-02) theology and religious studies,Quintile 1,All,All,105
2020,"(CAH20) historical, philosophical and religious studies",(CAH20-02-02) theology and religious studies,Quintile 1,All,All,75
2021,"(CAH20) historical, philosophical and religious studies",(CAH20-02-02) theology and religious studies,Quintile 1,All,All,80
2022,"(CAH20) historical, philosophical and religious studies",(CAH20-02-02) theology and religious studies,Quintile 1,All,All,80
2023,"(CAH20) historical, philosophical and religious studies",(CAH20-02-02) theology and religious studies,Quintile 1,All,All,60
2024,"(CAH20) historical, philosophical and religious studies",(CAH20-02-02) theology and religious studies,Quintile 1,All,All,80
2019,"(CAH20) historical, philosophical and religious studies",(CAH20-01-04) heritage studies,Quintile 1,All,All,5
2020,"(CAH20) historical, philosophical and religious studies",(CAH20-01-04) heritage studies,Quintile 1,All,All,5
2021,"(CAH20) historical, philosophical and religious studies",(CAH20-01-04) heritage studies,Quintile 1,All,All,5
2022,"(CAH20) historical, philosophical and religious studies",(CAH20-01-04) heritage studies,Quintile 1,All,All,10
2023,"(CAH20) historical, philosophical and religious studies",(CAH20-01-04) heritage studies,Quintile 1,All,All,5
2024,"(CAH20) historical, philosophical and religious studies",(CAH20-01-04) heritage studies,Quintile 1,All,All,5
2019,(CAH11) computing,(CAH11-01-08) others in computing,Quintile 1,All,All,175
2020,(CAH11) computing,(CAH11-01-08) others in computing,Quintile 1,All,All,160
2021,(CAH11) computing,(CAH11-01-08) others in computing,Quintile 1,All,All,160
2022,(CAH11) computing,(CAH11-01-08) others in computing,Quintile 1,All,All,145
2023,(CAH11) computing,(CAH11-01-08) others in computing,Quintile 1,All,All,170
2024,(CAH11) computing,(CAH11-01-08) others in computing,Quintile 1,All,All,180
2019,(CAH11) computing,(CAH11-01-05) artificial intelligence,Quintile 1,All,All,30
2020,(CAH11) computing,(CAH11-01-05) artificial intelligence,Quintile 1,All,All,40
2021,(CAH11) computing,(CAH11-01-05) artificial intelligence,Quintile 1,All,All,55
2022,(CAH11) computing,(CAH11-01-05) artificial intelligence,Quintile 1,All,All,50
2023,(CAH11) computing,(CAH11-01-05) artificial intelligence,Quintile 1,All,All,65
2024,(CAH11) computing,(CAH11-01-05) artificial intelligence,Quintile 1,All,All,125
2019,(CAH11) computing,(CAH11-01-07) business computing,Quintile 1,All,All,120
2020,(CAH11) computing,(CAH11-01-07) business computing,Quintile 1,All,All,120
2021,(CAH11) computing,(CAH11-01-07) business computing,Quintile 1,All,All,115
2022,(CAH11) computing,(CAH11-01-07) business computing,Quintile 1,All,All,90
2023,(CAH11) computing,(CAH11-01-07) business computing,Quintile 1,All,All,75
2024,(CAH11) computing,(CAH11-01-07) business computing,Quintile 1,All,All,105
2019,(CAH11) computing,(CAH11-01-06) computer games and animation,Quintile 1,All,All,1060
2020,(CAH11) computing,(CAH11-01-06) computer games and animation,Quintile 1,All,All,1065
2021,(CAH11) computing,(CAH11-01-06) computer games and animation,Quintile 1,All,All,950
2022,(CAH11) computing,(CAH11-01-06) computer games and animation,Quintile 1,All,All,1140
2023,(CAH11) computing,(CAH11-01-06) computer games and animation,Quintile 1,All,All,1120
2024,(CAH11) computing,(CAH11-01-06) computer games and animation,Quintile 1,All,All,1105
2019,(CAH11) computing,(CAH11-01-01) computer science,Quintile 1,All,All,1635
2020,(CAH11) computing,(CAH11-01-01) computer science,Quintile 1,All,All,1700
2021,(CAH11) computing,(CAH11-01-01) computer science,Quintile 1,All,All,1615
2022,(CAH11) computing,(CAH11-01-01) computer science,Quintile 1,All,All,1830
2023,(CAH11) computing,(CAH11-01-01) computer science,Quintile 1,All,All,1925
2024,(CAH11) computing,(CAH11-01-01) computer science,Quintile 1,All,All,2110
2019,(CAH11) computing,(CAH11-01-02) information technology,Quintile 1,All,All,170
2020,(CAH11) computing,(CAH11-01-02) information technology,Quintile 1,All,All,155
2021,(CAH11) computing,(CAH11-01-02) information technology,Quintile 1,All,All,155
2022,(CAH11) computing,(CAH11-01-02) information technology,Quintile 1,All,All,145
2023,(CAH11) computing,(CAH11-01-02) information technology,Quintile 1,All,All,125
2024,(CAH11) computing,(CAH11-01-02) information technology,Quintile 1,All,All,125
2019,(CAH11) computing,(CAH11-01-03) information systems,Quintile 1,All,All,100
2020,(CAH11) computing,(CAH11-01-03) information systems,Quintile 1,All,All,80
2021,(CAH11) computing,(CAH11-01-03) information systems,Quintile 1,All,All,75
2022,(CAH11) computing,(CAH11-01-03) information systems,Quintile 1,All,All,75
2023,(CAH11) computing,(CAH11-01-03) information systems,Quintile 1,All,All,70
2024,(CAH11) computing,(CAH11-01-03) information systems,Quintile 1,All,All,75
2019,(CAH11) computing,(CAH11-01-04) software engineering,Quintile 1,All,All,525
2020,(CAH11) computing,(CAH11-01-04) software engineering,Quintile 1,All,All,565
2021,(CAH11) computing,(CAH11-01-04) software engineering,Quintile 1,All,All,560
2022,(CAH11) computing,(CAH11-01-04) software engineering,Quintile 1,All,All,660
2023,(CAH11) computing,(CAH11-01-04) software engineering,Quintile 1,All,All,730
2024,(CAH11) computing,(CAH11-01-04) software engineering,Quintile 1,All,All,870
2019,"(CAH26) geography, earth and environmental studies",(CAH26-01-06) earth sciences,Quintile 1,All,All,110
2020,"(CAH26) geography, earth and environmental studies",(CAH26-01-06) earth sciences,Quintile 1,All,All,130
2021,"(CAH26) geography, earth and environmental studies",(CAH26-01-06) earth sciences,Quintile 1,All,All,95
2022,"(CAH26) geography, earth and environmental studies",(CAH26-01-06) earth sciences,Quintile 1,All,All,125
2023,"(CAH26) geography, earth and environmental studies",(CAH26-01-06) earth sciences,Quintile 1,All,All,110
2024,"(CAH26) geography, earth and environmental studies",(CAH26-01-06) earth sciences,Quintile 1,All,All,125
2019,"(CAH26) geography, earth and environmental studies",(CAH26-01-04) environmental sciences,Quintile 1,All,All,100
2020,"(CAH26) geography, earth and environmental studies",(CAH26-01-04) environmental sciences,Quintile 1,All,All,115
2021,"(CAH26) geography, earth and environmental studies",(CAH26-01-04) environmental sciences,Quintile 1,All,All,115
2022,"(CAH26) geography, earth and environmental studies",(CAH26-01-04) environmental sciences,Quintile 1,All,All,120
2023,"(CAH26) geography, earth and environmental studies",(CAH26-01-04) environmental sciences,Quintile 1,All,All,95
2024,"(CAH26) geography, earth and environmental studies",(CAH26-01-04) environmental sciences,Quintile 1,All,All,125
2019,"(CAH26) geography, earth and environmental studies",(CAH26-01-02) physical geographical sciences,Quintile 1,All,All,155
2020,"(CAH26) geography, earth and environmental studies",(CAH26-01-02) physical geographical sciences,Quintile 1,All,All,170
2021,"(CAH26) geography, earth and environmental studies",(CAH26-01-02) physical geographical sciences,Quintile 1,All,All,180
2022,"(CAH26) geography, earth and environmental studies",(CAH26-01-02) physical geographical sciences,Quintile 1,All,All,200
2023,"(CAH26) geography, earth and environmental studies",(CAH26-01-02) physical geographical sciences,Quintile 1,All,All,175
2024,"(CAH26) geography, earth and environmental studies",(CAH26-01-02) physical geographical sciences,Quintile 1,All,All,160
2019,"(CAH26) geography, earth and environmental studies",(CAH26-01-01) geography (non-specific),Quintile 1,All,All,70
2020,"(CAH26) geography, earth and environmental studies",(CAH26-01-01) geography (non-specific),Quintile 1,All,All,95
2021,"(CAH26) geography, earth and environmental studies",(CAH26-01-01) geography (non-specific),Quintile 1,All,All,70
2022,"(CAH26) geography, earth and environmental studies",(CAH26-01-01) geography (non-specific),Quintile 1,All,All,75
2023,"(CAH26) geography, earth and environmental studies",(CAH26-01-01) geography (non-specific),Quintile 1,All,All,75
2024,"(CAH26) geography, earth and environmental studies",(CAH26-01-01) geography (non-specific),Quintile 1,All,All,85
2019,"(CAH26) geography, earth and environmental studies",(CAH26-01-03) human geography,Quintile 1,All,All,155
2020,"(CAH26) geography, earth and environmental studies",(CAH26-01-03) human geography,Quintile 1,All,All,160
2021,"(CAH26) geography, earth and environmental studies",(CAH26-01-03) human geography,Quintile 1,All,All,170
2022,"(CAH26) geography, earth and environmental studies",(CAH26-01-03) human geography,Quintile 1,All,All,165
2023,"(CAH26) geography, earth and environmental studies",(CAH26-01-03) human geography,Quintile 1,All,All,165
2024,"(CAH26) geography, earth and environmental studies",(CAH26-01-03) human geography,Quintile 1,All,All,150
2019,(CAH07) physical sciences,(CAH07-04-02) forensic and archaeological sciences,Quintile 1,All,All,470
2020,(CAH07) physical sciences,(CAH07-04-02) forensic and archaeological sciences,Quintile 1,All,All,485
2021,(CAH07) physical sciences,(CAH07-04-02) forensic and archaeological sciences,Quintile 1,All,All,520
2022,(CAH07) physical sciences,(CAH07-04-02) forensic and archaeological sciences,Quintile 1,All,All,480
2023,(CAH07) physical sciences,(CAH07-04-02) forensic and archaeological sciences,Quintile 1,All,All,475
2024,(CAH07) physical sciences,(CAH07-04-02) forensic and archaeological sciences,Quintile 1,All,All,480
2019,(CAH07) physical sciences,(CAH07-04-03) sciences (non-specific),Quintile 1,All,All,70
2020,(CAH07) physical sciences,(CAH07-04-03) sciences (non-specific),Quintile 1,All,All,100
2021,(CAH07) physical sciences,(CAH07-04-03) sciences (non-specific),Quintile 1,All,All,90
2022,(CAH07) physical sciences,(CAH07-04-03) sciences (non-specific),Quintile 1,All,All,145
2023,(CAH07) physical sciences,(CAH07-04-03) sciences (non-specific),Quintile 1,All,All,140
2024,(CAH07) physical sciences,(CAH07-04-03) sciences (non-specific),Quintile 1,All,All,190
2019,(CAH07) physical sciences,(CAH07-04-04) natural sciences (non-specific),Quintile 1,All,All,30
2020,(CAH07) physical sciences,(CAH07-04-04) natural sciences (non-specific),Quintile 1,All,All,45
2021,(CAH07) physical sciences,(CAH07-04-04) natural sciences (non-specific),Quintile 1,All,All,35
2022,(CAH07) physical sciences,(CAH07-04-04) natural sciences (non-specific),Quintile 1,All,All,35
2023,(CAH07) physical sciences,(CAH07-04-04) natural sciences (non-specific),Quintile 1,All,All,25
2024,(CAH07) physical sciences,(CAH07-04-04) natural sciences (non-specific),Quintile 1,All,All,40
2019,(CAH07) physical sciences,(CAH07-02-01) chemistry,Quintile 1,All,All,505
2020,(CAH07) physical sciences,(CAH07-02-01) chemistry,Quintile 1,All,All,470
2021,(CAH07) physical sciences,(CAH07-02-01) chemistry,Quintile 1,All,All,420
2022,(CAH07) physical sciences,(CAH07-02-01) chemistry,Quintile 1,All,All,435
2023,(CAH07) physical sciences,(CAH07-02-01) chemistry,Quintile 1,All,All,430
2024,(CAH07) physical sciences,(CAH07-02-01) chemistry,Quintile 1,All,All,490
2019,(CAH07) physical sciences,(CAH07-01-02) astronomy,Quintile 1,All,All,60
2020,(CAH07) physical sciences,(CAH07-01-02) astronomy,Quintile 1,All,All,60
2021,(CAH07) physical sciences,(CAH07-01-02) astronomy,Quintile 1,All,All,70
2022,(CAH07) physical sciences,(CAH07-01-02) astronomy,Quintile 1,All,All,85
2023,(CAH07) physical sciences,(CAH07-01-02) astronomy,Quintile 1,All,All,65
2024,(CAH07) physical sciences,(CAH07-01-02) astronomy,Quintile 1,All,All,90
2019,(CAH07) physical sciences,(CAH07-01-01) physics,Quintile 1,All,All,415
2020,(CAH07) physical sciences,(CAH07-01-01) physics,Quintile 1,All,All,390
2021,(CAH07) physical sciences,(CAH07-01-01) physics,Quintile 1,All,All,380
2022,(CAH07) physical sciences,(CAH07-01-01) physics,Quintile 1,All,All,355
2023,(CAH07) physical sciences,(CAH07-01-01) physics,Quintile 1,All,All,315
2024,(CAH07) physical sciences,(CAH07-01-01) physics,Quintile 1,All,All,390
2019,(CAH07) physical sciences,(CAH07-04-01) physical sciences (non-specific),Quintile 1,All,All,15
2020,(CAH07) physical sciences,(CAH07-04-01) physical sciences (non-specific),Quintile 1,All,All,5
2021,(CAH07) physical sciences,(CAH07-04-01) physical sciences (non-specific),Quintile 1,All,All,5
2022,(CAH07) physical sciences,(CAH07-04-01) physical sciences (non-specific),Quintile 1,All,All,10
2023,(CAH07) physical sciences,(CAH07-04-01) physical sciences (non-specific),Quintile 1,All,All,15
2024,(CAH07) physical sciences,(CAH07-04-01) physical sciences (non-specific),Quintile 1,All,All,10
2019,(CAH04) psychology,(CAH04-01-02) applied psychology,Quintile 1,All,All,385
2020,(CAH04) psychology,(CAH04-01-02) applied psychology,Quintile 1,All,All,410
2021,(CAH04) psychology,(CAH04-01-02) applied psychology,Quintile 1,All,All,405
2022,(CAH04) psychology,(CAH04-01-02) applied psychology,Quintile 1,All,All,395
2023,(CAH04) psychology,(CAH04-01-02) applied psychology,Quintile 1,All,All,400
2024,(CAH04) psychology,(CAH04-01-02) applied psychology,Quintile 1,All,All,440
2019,(CAH04) psychology,(CAH04-01-04) psychology and health,Quintile 1,All,All,40
2020,(CAH04) psychology,(CAH04-01-04) psychology and health,Quintile 1,All,All,40
2021,(CAH04) psychology,(CAH04-01-04) psychology and health,Quintile 1,All,All,50
2022,(CAH04) psychology,(CAH04-01-04) psychology and health,Quintile 1,All,All,45
2023,(CAH04) psychology,(CAH04-01-04) psychology and health,Quintile 1,All,All,30
2024,(CAH04) psychology,(CAH04-01-04) psychology and health,Quintile 1,All,All,45
2019,(CAH04) psychology,(CAH04-01-03) developmental psychology,Quintile 1,All,All,55
2020,(CAH04) psychology,(CAH04-01-03) developmental psychology,Quintile 1,All,All,60
2021,(CAH04) psychology,(CAH04-01-03) developmental psychology,Quintile 1,All,All,80
2022,(CAH04) psychology,(CAH04-01-03) developmental psychology,Quintile 1,All,All,70
2023,(CAH04) psychology,(CAH04-01-03) developmental psychology,Quintile 1,All,All,70
2024,(CAH04) psychology,(CAH04-01-03) developmental psychology,Quintile 1,All,All,80
2019,(CAH04) psychology,(CAH04-01-01) psychology (non-specific),Quintile 1,All,All,2750
2020,(CAH04) psychology,(CAH04-01-01) psychology (non-specific),Quintile 1,All,All,2870
2021,(CAH04) psychology,(CAH04-01-01) psychology (non-specific),Quintile 1,All,All,2915
2022,(CAH04) psychology,(CAH04-01-01) psychology (non-specific),Quintile 1,All,All,2910
2023,(CAH04) psychology,(CAH04-01-01) psychology (non-specific),Quintile 1,All,All,2885
2024,(CAH04) psychology,(CAH04-01-01) psychology (non-specific),Quintile 1,All,All,2710
2019,(CAH04) psychology,(CAH04-01-05) others in psychology,Quintile 1,All,All,55
2020,(CAH04) psychology,(CAH04-01-05) others in psychology,Quintile 1,All,All,65
2021,(CAH04) psychology,(CAH04-01-05) others in psychology,Quintile 1,All,All,50
2022,(CAH04) psychology,(CAH04-01-05) others in psychology,Quintile 1,All,All,45
2023,(CAH04) psychology,(CAH04-01-05) others in psychology,Quintile 1,All,All,40
2024,(CAH04) psychology,(CAH04-01-05) others in psychology,Quintile 1,All,All,40
2019,(CAH09) mathematical sciences,(CAH09-01-01) mathematics,Quintile 1,All,All,625
2020,(CAH09) mathematical sciences,(CAH09-01-01) mathematics,Quintile 1,All,All,645
2021,(CAH09) mathematical sciences,(CAH09-01-01) mathematics,Quintile 1,All,All,665
2022,(CAH09) mathematical sciences,(CAH09-01-01) mathematics,Quintile 1,All,All,615
2023,(CAH09) mathematical sciences,(CAH09-01-01) mathematics,Quintile 1,All,All,580
2024,(CAH09) mathematical sciences,(CAH09-01-01) mathematics,Quintile 1,All,All,645
2019,(CAH09) mathematical sciences,(CAH09-01-02) operational research,Quintile 1,All,All,5
2021,(CAH09) mathematical sciences,(CAH09-01-02) operational research,Quintile 1,All,All,5
2024,(CAH09) mathematical sciences,(CAH09-01-02) operational research,Quintile 1,All,All,5
2019,(CAH09) mathematical sciences,(CAH09-01-03) statistics,Quintile 1,All,All,15
2020,(CAH09) mathematical sciences,(CAH09-01-03) statistics,Quintile 1,All,All,10
2021,(CAH09) mathematical sciences,(CAH09-01-03) statistics,Quintile 1,All,All,20
2022,(CAH09) mathematical sciences,(CAH09-01-03) statistics,Quintile 1,All,All,15
2023,(CAH09) mathematical sciences,(CAH09-01-03) statistics,Quintile 1,All,All,20
2024,(CAH09) mathematical sciences,(CAH09-01-03) statistics,Quintile 1,All,All,20
2019,(CAH22) education and teaching,(CAH22-01-01) education,Quintile 1,All,All,1225
2020,(CAH22) education and teaching,(CAH22-01-01) education,Quintile 1,All,All,1200
2021,(CAH22) education and teaching,(CAH22-01-01) education,Quintile 1,All,All,1190
2022,(CAH22) education and teaching,(CAH22-01-01) education,Quintile 1,All,All,1165
2023,(CAH22) education and teaching,(CAH22-01-01) education,Quintile 1,All,All,995
2024,(CAH22) education and teaching,(CAH22-01-01) education,Quintile 1,All,All,1000
2019,(CAH22) education and teaching,(CAH22-01-02) teacher training,Quintile 1,All,All,1050
2020,(CAH22) education and teaching,(CAH22-01-02) teacher training,Quintile 1,All,All,1230
2021,(CAH22) education and teaching,(CAH22-01-02) teacher training,Quintile 1,All,All,1250
2022,(CAH22) education and teaching,(CAH22-01-02) teacher training,Quintile 1,All,All,1350
2023,(CAH22) education and teaching,(CAH22-01-02) teacher training,Quintile 1,All,All,1115
2024,(CAH22) education and teaching,(CAH22-01-02) teacher training,Quintile 1,All,All,1150
2019,"(CAH06) agriculture, food and related studies",(CAH06-01-04) rural estate management,Quintile 1,All,All,15
2020,"(CAH06) agriculture, food and related studies",(CAH06-01-04) rural estate management,Quintile 1,All,All,15
2021,"(CAH06) agriculture, food and related studies",(CAH06-01-04) rural estate management,Quintile 1,All,All,20
2022,"(CAH06) agriculture, food and related studies",(CAH06-01-04) rural estate management,Quintile 1,All,All,10
2023,"(CAH06) agriculture, food and related studies",(CAH06-01-04) rural estate management,Quintile 1,All,All,5
2024,"(CAH06) agriculture, food and related studies",(CAH06-01-04) rural estate management,Quintile 1,All,All,5
2019,"(CAH06) agriculture, food and related studies",(CAH06-01-02) agricultural sciences,Quintile 1,All,All,5
2020,"(CAH06) agriculture, food and related studies",(CAH06-01-02) agricultural sciences,Quintile 1,All,All,5
2021,"(CAH06) agriculture, food and related studies",(CAH06-01-02) agricultural sciences,Quintile 1,All,All,5
2022,"(CAH06) agriculture, food and related studies",(CAH06-01-02) agricultural sciences,Quintile 1,All,All,5
2023,"(CAH06) agriculture, food and related studies",(CAH06-01-02) agricultural sciences,Quintile 1,All,All,5
2024,"(CAH06) agriculture, food and related studies",(CAH06-01-02) agricultural sciences,Quintile 1,All,All,10
2019,"(CAH06) agriculture, food and related studies",(CAH06-01-03) agriculture,Quintile 1,All,All,190
2020,"(CAH06) agriculture, food and related studies",(CAH06-01-03) agriculture,Quintile 1,All,All,245
2021,"(CAH06) agriculture, food and related studies",(CAH06-01-03) agriculture,Quintile 1,All,All,220
2022,"(CAH06) agriculture, food and related studies",(CAH06-01-03) agriculture,Quintile 1,All,All,225
2023,"(CAH06) agriculture, food and related studies",(CAH06-01-03) agriculture,Quintile 1,All,All,170
2024,"(CAH06) agriculture, food and related studies",(CAH06-01-03) agriculture,Quintile 1,All,All,185
2019,"(CAH06) agriculture, food and related studies",(CAH06-01-01) animal science,Quintile 1,All,All,430
2020,"(CAH06) agriculture, food and related studies",(CAH06-01-01) animal science,Quintile 1,All,All,420
2021,"(CAH06) agriculture, food and related studies",(CAH06-01-01) animal science,Quintile 1,All,All,390
2022,"(CAH06) agriculture, food and related studies",(CAH06-01-01) animal science,Quintile 1,All,All,345
2023,"(CAH06) agriculture, food and related studies",(CAH06-01-01) animal science,Quintile 1,All,All,320
2024,"(CAH06) agriculture, food and related studies",(CAH06-01-01) animal science,Quintile 1,All,All,305
2019,"(CAH06) agriculture, food and related studies",(CAH06-01-05) forestry and arboriculture,Quintile 1,All,All,10
2020,"(CAH06) agriculture, food and related studies",(CAH06-01-05) forestry and arboriculture,Quintile 1,All,All,5
2021,"(CAH06) agriculture, food and related studies",(CAH06-01-05) forestry and arboriculture,Quintile 1,All,All,10
2022,"(CAH06) agriculture, food and related studies",(CAH06-01-05) forestry and arboriculture,Quintile 1,All,All,5
2023,"(CAH06) agriculture, food and related studies",(CAH06-01-05) forestry and arboriculture,Quintile 1,All,All,5
2024,"(CAH06) agriculture, food and related studies",(CAH06-01-05) forestry and arboriculture,Quintile 1,All,All,10
2019,"(CAH06) agriculture, food and related studies",(CAH06-01-08) food and beverage production,Quintile 1,All,All,30
2020,"(CAH06) agriculture, food and related studies",(CAH06-01-08) food and beverage production,Quintile 1,All,All,25
2021,"(CAH06) agriculture, food and related studies",(CAH06-01-08) food and beverage production,Quintile 1,All,All,30
2022,"(CAH06) agriculture, food and related studies",(CAH06-01-08) food and beverage production,Quintile 1,All,All,15
2023,"(CAH06) agriculture, food and related studies",(CAH06-01-08) food and beverage production,Quintile 1,All,All,25
2024,"(CAH06) agriculture, food and related studies",(CAH06-01-08) food and beverage production,Quintile 1,All,All,20
2019,"(CAH06) agriculture, food and related studies",(CAH06-01-07) food sciences,Quintile 1,All,All,20
2020,"(CAH06) agriculture, food and related studies",(CAH06-01-07) food sciences,Quintile 1,All,All,30
2021,"(CAH06) agriculture, food and related studies",(CAH06-01-07) food sciences,Quintile 1,All,All,40
2022,"(CAH06) agriculture, food and related studies",(CAH06-01-07) food sciences,Quintile 1,All,All,45
2023,"(CAH06) agriculture, food and related studies",(CAH06-01-07) food sciences,Quintile 1,All,All,30
2024,"(CAH06) agriculture, food and related studies",(CAH06-01-07) food sciences,Quintile 1,All,All,25
2019,"(CAH06) agriculture, food and related studies",(CAH06-01-06) food and beverage studies (non-specific),Quintile 1,All,All,10
2020,"(CAH06) agriculture, food and related studies",(CAH06-01-06) food and beverage studies (non-specific),Quintile 1,All,All,15
2021,"(CAH06) agriculture, food and related studies",(CAH06-01-06) food and beverage studies (non-specific),Quintile 1,All,All,15
2022,"(CAH06) agriculture, food and related studies",(CAH06-01-06) food and beverage studies (non-specific),Quintile 1,All,All,20
2023,"(CAH06) agriculture, food and related studies",(CAH06-01-06) food and beverage studies (non-specific),Quintile 1,All,All,5
2024,"(CAH06) agriculture, food and related studies",(CAH06-01-06) food and beverage studies (non-specific),Quintile 1,All,All,10
2019,(CAH16) law,(CAH16-01-01) law,Quintile 1,All,All,2945
2020,(CAH16) law,(CAH16-01-01) law,Quintile 1,All,All,3255
2021,(CAH16) law,(CAH16-01-01) law,Quintile 1,All,All,3365
2022,(CAH16) law,(CAH16-01-01) law,Quintile 1,All,All,3445
2023,(CAH16) law,(CAH16-01-01) law,Quintile 1,All,All,3370
2024,(CAH16) law,(CAH16-01-01) law,Quintile 1,All,All,3755
2019,(CAH05) veterinary sciences,(CAH05-01-01) veterinary medicine and dentistry,Quintile 1,All,All,70
2020,(CAH05) veterinary sciences,(CAH05-01-01) veterinary medicine and dentistry,Quintile 1,All,All,100
2021,(CAH05) veterinary sciences,(CAH05-01-01) veterinary medicine and dentistry,Quintile 1,All,All,115
2022,(CAH05) veterinary sciences,(CAH05-01-01) veterinary medicine and dentistry,Quintile 1,All,All,100
2023,(CAH05) veterinary sciences,(CAH05-01-01) veterinary medicine and dentistry,Quintile 1,All,All,115
2024,(CAH05) veterinary sciences,(CAH05-01-01) veterinary medicine and dentistry,Quintile 1,All,All,115
2019,(CAH05) veterinary sciences,(CAH05-01-02) others in veterinary sciences,Quintile 1,All,All,125
2020,(CAH05) veterinary sciences,(CAH05-01-02) others in veterinary sciences,Quintile 1,All,All,135
2021,(CAH05) veterinary sciences,(CAH05-01-02) others in veterinary sciences,Quintile 1,All,All,135
2022,(CAH05) veterinary sciences,(CAH05-01-02) others in veterinary sciences,Quintile 1,All,All,140
2023,(CAH05) veterinary sciences,(CAH05-01-02) others in veterinary sciences,Quintile 1,All,All,100
2024,(CAH05) veterinary sciences,(CAH05-01-02) others in veterinary sciences,Quintile 1,All,All,120
2019,"(CAH25) design, and creative and performing arts",(CAH25-01-03) design studies,Quintile 2,All,All,2640
2020,"(CAH25) design, and creative and performing arts",(CAH25-01-03) design studies,Quintile 2,All,All,2670
2021,"(CAH25) design, and creative and performing arts",(CAH25-01-03) design studies,Quintile 2,All,All,2520
2022,"(CAH25) design, and creative and performing arts",(CAH25-01-03) design studies,Quintile 2,All,All,2620
2023,"(CAH25) design, and creative and performing arts",(CAH25-01-03) design studies,Quintile 2,All,All,2490
2024,"(CAH25) design, and creative and performing arts",(CAH25-01-03) design studies,Quintile 2,All,All,2485
2019,"(CAH25) design, and creative and performing arts",(CAH25-02-02) music,Quintile 2,All,All,1465
2020,"(CAH25) design, and creative and performing arts",(CAH25-02-02) music,Quintile 2,All,All,1510
2021,"(CAH25) design, and creative and performing arts",(CAH25-02-02) music,Quintile 2,All,All,1445
2022,"(CAH25) design, and creative and performing arts",(CAH25-02-02) music,Quintile 2,All,All,1500
2023,"(CAH25) design, and creative and performing arts",(CAH25-02-02) music,Quintile 2,All,All,1420
2024,"(CAH25) design, and creative and performing arts",(CAH25-02-02) music,Quintile 2,All,All,1455
2019,"(CAH25) design, and creative and performing arts",(CAH25-01-04) cinematics and photography,Quintile 2,All,All,1615
2020,"(CAH25) design, and creative and performing arts",(CAH25-01-04) cinematics and photography,Quintile 2,All,All,1665
2021,"(CAH25) design, and creative and performing arts",(CAH25-01-04) cinematics and photography,Quintile 2,All,All,1540
2022,"(CAH25) design, and creative and performing arts",(CAH25-01-04) cinematics and photography,Quintile 2,All,All,1595
2023,"(CAH25) design, and creative and performing arts",(CAH25-01-04) cinematics and photography,Quintile 2,All,All,1565
2024,"(CAH25) design, and creative and performing arts",(CAH25-01-04) cinematics and photography,Quintile 2,All,All,1485
2019,"(CAH25) design, and creative and performing arts",(CAH25-01-02) art,Quintile 2,All,All,690
2020,"(CAH25) design, and creative and performing arts",(CAH25-01-02) art,Quintile 2,All,All,650
2021,"(CAH25) design, and creative and performing arts",(CAH25-01-02) art,Quintile 2,All,All,600
2022,"(CAH25) design, and creative and performing arts",(CAH25-01-02) art,Quintile 2,All,All,650
2023,"(CAH25) design, and creative and performing arts",(CAH25-01-02) art,Quintile 2,All,All,650
2024,"(CAH25) design, and creative and performing arts",(CAH25-01-02) art,Quintile 2,All,All,615
2019,"(CAH25) design, and creative and performing arts",(CAH25-02-03) drama,Quintile 2,All,All,930
2020,"(CAH25) design, and creative and performing arts",(CAH25-02-03) drama,Quintile 2,All,All,970
2021,"(CAH25) design, and creative and performing arts",(CAH25-02-03) drama,Quintile 2,All,All,880
2022,"(CAH25) design, and creative and performing arts",(CAH25-02-03) drama,Quintile 2,All,All,895
2023,"(CAH25) design, and creative and performing arts",(CAH25-02-03) drama,Quintile 2,All,All,905
2024,"(CAH25) design, and creative and performing arts",(CAH25-02-03) drama,Quintile 2,All,All,905
2019,"(CAH25) design, and creative and performing arts",(CAH25-02-04) dance,Quintile 2,All,All,200
2020,"(CAH25) design, and creative and performing arts",(CAH25-02-04) dance,Quintile 2,All,All,230
2021,"(CAH25) design, and creative and performing arts",(CAH25-02-04) dance,Quintile 2,All,All,250
2022,"(CAH25) design, and creative and performing arts",(CAH25-02-04) dance,Quintile 2,All,All,230
2023,"(CAH25) design, and creative and performing arts",(CAH25-02-04) dance,Quintile 2,All,All,235
2024,"(CAH25) design, and creative and performing arts",(CAH25-02-04) dance,Quintile 2,All,All,205
2019,"(CAH25) design, and creative and performing arts",(CAH25-02-01) performing arts (non-specific),Quintile 2,All,All,145
2020,"(CAH25) design, and creative and performing arts",(CAH25-02-01) performing arts (non-specific),Quintile 2,All,All,125
2021,"(CAH25) design, and creative and performing arts",(CAH25-02-01) performing arts (non-specific),Quintile 2,All,All,100
2022,"(CAH25) design, and creative and performing arts",(CAH25-02-01) performing arts (non-specific),Quintile 2,All,All,90
2023,"(CAH25) design, and creative and performing arts",(CAH25-02-01) performing arts (non-specific),Quintile 2,All,All,95
2024,"(CAH25) design, and creative and performing arts",(CAH25-02-01) performing arts (non-specific),Quintile 2,All,All,90
2019,"(CAH25) design, and creative and performing arts",(CAH25-01-05) others in creative arts and design,Quintile 2,All,All,210
2020,"(CAH25) design, and creative and performing arts",(CAH25-01-05) others in creative arts and design,Quintile 2,All,All,205
2021,"(CAH25) design, and creative and performing arts",(CAH25-01-05) others in creative arts and design,Quintile 2,All,All,185
2022,"(CAH25) design, and creative and performing arts",(CAH25-01-05) others in creative arts and design,Quintile 2,All,All,205
2023,"(CAH25) design, and creative and performing arts",(CAH25-01-05) others in creative arts and design,Quintile 2,All,All,150
2024,"(CAH25) design, and creative and performing arts",(CAH25-01-05) others in creative arts and design,Quintile 2,All,All,150
2019,"(CAH25) design, and creative and performing arts",(CAH25-01-01) creative arts and design (non-specific),Quintile 2,All,All,120
2020,"(CAH25) design, and creative and performing arts",(CAH25-01-01) creative arts and design (non-specific),Quintile 2,All,All,145
2021,"(CAH25) design, and creative and performing arts",(CAH25-01-01) creative arts and design (non-specific),Quintile 2,All,All,100
2022,"(CAH25) design, and creative and performing arts",(CAH25-01-01) creative arts and design (non-specific),Quintile 2,All,All,120
2023,"(CAH25) design, and creative and performing arts",(CAH25-01-01) creative arts and design (non-specific),Quintile 2,All,All,135
2024,"(CAH25) design, and creative and performing arts",(CAH25-01-01) creative arts and design (non-specific),Quintile 2,All,All,125
2019,(CAH10) engineering and technology,"(CAH10-01-06) bioengineering, medical and biomedical engineering",Quintile 2,All,All,100
2020,(CAH10) engineering and technology,"(CAH10-01-06) bioengineering, medical and biomedical engineering",Quintile 2,All,All,130
2021,(CAH10) engineering and technology,"(CAH10-01-06) bioengineering, medical and biomedical engineering",Quintile 2,All,All,155
2022,(CAH10) engineering and technology,"(CAH10-01-06) bioengineering, medical and biomedical engineering",Quintile 2,All,All,170
2023,(CAH10) engineering and technology,"(CAH10-01-06) bioengineering, medical and biomedical engineering",Quintile 2,All,All,160
2024,(CAH10) engineering and technology,"(CAH10-01-06) bioengineering, medical and biomedical engineering",Quintile 2,All,All,155
2019,(CAH10) engineering and technology,(CAH10-03-02) materials technology,Quintile 2,All,All,10
2020,(CAH10) engineering and technology,(CAH10-03-02) materials technology,Quintile 2,All,All,15
2021,(CAH10) engineering and technology,(CAH10-03-02) materials technology,Quintile 2,All,All,10
2022,(CAH10) engineering and technology,(CAH10-03-02) materials technology,Quintile 2,All,All,10
2023,(CAH10) engineering and technology,(CAH10-03-02) materials technology,Quintile 2,All,All,15
2024,(CAH10) engineering and technology,(CAH10-03-02) materials technology,Quintile 2,All,All,20
2019,(CAH10) engineering and technology,(CAH10-03-06) others in technology,Quintile 2,All,All,125
2020,(CAH10) engineering and technology,(CAH10-03-06) others in technology,Quintile 2,All,All,125
2021,(CAH10) engineering and technology,(CAH10-03-06) others in technology,Quintile 2,All,All,135
2022,(CAH10) engineering and technology,(CAH10-03-06) others in technology,Quintile 2,All,All,145
2023,(CAH10) engineering and technology,(CAH10-03-06) others in technology,Quintile 2,All,All,145
2024,(CAH10) engineering and technology,(CAH10-03-06) others in technology,Quintile 2,All,All,175
2019,(CAH10) engineering and technology,(CAH10-01-03) production and manufacturing engineering,Quintile 2,All,All,260
2020,(CAH10) engineering and technology,(CAH10-01-03) production and manufacturing engineering,Quintile 2,All,All,265
2021,(CAH10) engineering and technology,(CAH10-01-03) production and manufacturing engineering,Quintile 2,All,All,285
2022,(CAH10) engineering and technology,(CAH10-01-03) production and manufacturing engineering,Quintile 2,All,All,300
2023,(CAH10) engineering and technology,(CAH10-01-03) production and manufacturing engineering,Quintile 2,All,All,285
2024,(CAH10) engineering and technology,(CAH10-01-03) production and manufacturing engineering,Quintile 2,All,All,320
2019,(CAH10) engineering and technology,(CAH10-01-04) aeronautical and aerospace engineering,Quintile 2,All,All,425
2020,(CAH10) engineering and technology,(CAH10-01-04) aeronautical and aerospace engineering,Quintile 2,All,All,480
2021,(CAH10) engineering and technology,(CAH10-01-04) aeronautical and aerospace engineering,Quintile 2,All,All,475
2022,(CAH10) engineering and technology,(CAH10-01-04) aeronautical and aerospace engineering,Quintile 2,All,All,455
2023,(CAH10) engineering and technology,(CAH10-01-04) aeronautical and aerospace engineering,Quintile 2,All,All,475
2024,(CAH10) engineering and technology,(CAH10-01-04) aeronautical and aerospace engineering,Quintile 2,All,All,530
2019,(CAH10) engineering and technology,(CAH10-01-08) electrical and electronic engineering,Quintile 2,All,All,530
2020,(CAH10) engineering and technology,(CAH10-01-08) electrical and electronic engineering,Quintile 2,All,All,500
2021,(CAH10) engineering and technology,(CAH10-01-08) electrical and electronic engineering,Quintile 2,All,All,505
2022,(CAH10) engineering and technology,(CAH10-01-08) electrical and electronic engineering,Quintile 2,All,All,505
2023,(CAH10) engineering and technology,(CAH10-01-08) electrical and electronic engineering,Quintile 2,All,All,495
2024,(CAH10) engineering and technology,(CAH10-01-08) electrical and electronic engineering,Quintile 2,All,All,540
2019,(CAH10) engineering and technology,(CAH10-01-07) civil engineering,Quintile 2,All,All,470
2020,(CAH10) engineering and technology,(CAH10-01-07) civil engineering,Quintile 2,All,All,525
2021,(CAH10) engineering and technology,(CAH10-01-07) civil engineering,Quintile 2,All,All,530
2022,(CAH10) engineering and technology,(CAH10-01-07) civil engineering,Quintile 2,All,All,455
2023,(CAH10) engineering and technology,(CAH10-01-07) civil engineering,Quintile 2,All,All,410
2024,(CAH10) engineering and technology,(CAH10-01-07) civil engineering,Quintile 2,All,All,460
2019,(CAH10) engineering and technology,(CAH10-03-05) biotechnology,Quintile 2,All,All,10
2020,(CAH10) engineering and technology,(CAH10-03-05) biotechnology,Quintile 2,All,All,20
2021,(CAH10) engineering and technology,(CAH10-03-05) biotechnology,Quintile 2,All,All,15
2022,(CAH10) engineering and technology,(CAH10-03-05) biotechnology,Quintile 2,All,All,15
2023,(CAH10) engineering and technology,(CAH10-03-05) biotechnology,Quintile 2,All,All,15
2024,(CAH10) engineering and technology,(CAH10-03-05) biotechnology,Quintile 2,All,All,20
2019,(CAH10) engineering and technology,"(CAH10-01-09) chemical, process and energy engineering",Quintile 2,All,All,260
2020,(CAH10) engineering and technology,"(CAH10-01-09) chemical, process and energy engineering",Quintile 2,All,All,255
2021,(CAH10) engineering and technology,"(CAH10-01-09) chemical, process and energy engineering",Quintile 2,All,All,235
2022,(CAH10) engineering and technology,"(CAH10-01-09) chemical, process and energy engineering",Quintile 2,All,All,220
2023,(CAH10) engineering and technology,"(CAH10-01-09) chemical, process and energy engineering",Quintile 2,All,All,220
2024,(CAH10) engineering and technology,"(CAH10-01-09) chemical, process and energy engineering",Quintile 2,All,All,275
2019,(CAH10) engineering and technology,(CAH10-03-03) polymers and textiles,Quintile 2,All,All,15
2020,(CAH10) engineering and technology,(CAH10-03-03) polymers and textiles,Quintile 2,All,All,5
2021,(CAH10) engineering and technology,(CAH10-03-03) polymers and textiles,Quintile 2,All,All,10
2022,(CAH10) engineering and technology,(CAH10-03-03) polymers and textiles,Quintile 2,All,All,10
2023,(CAH10) engineering and technology,(CAH10-03-03) polymers and textiles,Quintile 2,All,All,10
2024,(CAH10) engineering and technology,(CAH10-03-03) polymers and textiles,Quintile 2,All,All,5
2019,(CAH10) engineering and technology,(CAH10-01-01) engineering (non-specific),Quintile 2,All,All,490
2020,(CAH10) engineering and technology,(CAH10-01-01) engineering (non-specific),Quintile 2,All,All,490
2021,(CAH10) engineering and technology,(CAH10-01-01) engineering (non-specific),Quintile 2,All,All,525
2022,(CAH10) engineering and technology,(CAH10-01-01) engineering (non-specific),Quintile 2,All,All,525
2023,(CAH10) engineering and technology,(CAH10-01-01) engineering (non-specific),Quintile 2,All,All,435
2024,(CAH10) engineering and technology,(CAH10-01-01) engineering (non-specific),Quintile 2,All,All,525
2019,(CAH10) engineering and technology,(CAH10-01-10) others in engineering,Quintile 2,All,All,5
2020,(CAH10) engineering and technology,(CAH10-01-10) others in engineering,Quintile 2,All,All,5
2021,(CAH10) engineering and technology,(CAH10-01-10) others in engineering,Quintile 2,All,All,5
2023,(CAH10) engineering and technology,(CAH10-01-10) others in engineering,Quintile 2,All,All,5
2019,(CAH10) engineering and technology,(CAH10-01-02) mechanical engineering,Quintile 2,All,All,780
2020,(CAH10) engineering and technology,(CAH10-01-02) mechanical engineering,Quintile 2,All,All,860
2021,(CAH10) engineering and technology,(CAH10-01-02) mechanical engineering,Quintile 2,All,All,865
2022,(CAH10) engineering and technology,(CAH10-01-02) mechanical engineering,Quintile 2,All,All,870
2023,(CAH10) engineering and technology,(CAH10-01-02) mechanical engineering,Quintile 2,All,All,850
2024,(CAH10) engineering and technology,(CAH10-01-02) mechanical engineering,Quintile 2,All,All,930
2019,(CAH10) engineering and technology,(CAH10-03-04) maritime technology,Quintile 2,All,All,10
2020,(CAH10) engineering and technology,(CAH10-03-04) maritime technology,Quintile 2,All,All,5
2021,(CAH10) engineering and technology,(CAH10-03-04) maritime technology,Quintile 2,All,All,15
2022,(CAH10) engineering and technology,(CAH10-03-04) maritime technology,Quintile 2,All,All,10
2024,(CAH10) engineering and technology,(CAH10-03-04) maritime technology,Quintile 2,All,All,5
2019,(CAH10) engineering and technology,(CAH10-01-05) naval architecture,Quintile 2,All,All,5
2020,(CAH10) engineering and technology,(CAH10-01-05) naval architecture,Quintile 2,All,All,5
2021,(CAH10) engineering and technology,(CAH10-01-05) naval architecture,Quintile 2,All,All,5
2022,(CAH10) engineering and technology,(CAH10-01-05) naval architecture,Quintile 2,All,All,5
2024,(CAH10) engineering and technology,(CAH10-01-05) naval architecture,Quintile 2,All,All,5
2019,(CAH10) engineering and technology,(CAH10-03-07) materials science,Quintile 2,All,All,15
2020,(CAH10) engineering and technology,(CAH10-03-07) materials science,Quintile 2,All,All,20
2021,(CAH10) engineering and technology,(CAH10-03-07) materials science,Quintile 2,All,All,20
2022,(CAH10) engineering and technology,(CAH10-03-07) materials science,Quintile 2,All,All,15
2023,(CAH10) engineering and technology,(CAH10-03-07) materials science,Quintile 2,All,All,15
2024,(CAH10) engineering and technology,(CAH10-03-07) materials science,Quintile 2,All,All,15
2019,(CAH02) subjects allied to medicine,(CAH02-06-03) ophthalmics,Quintile 2,All,All,180
2020,(CAH02) subjects allied to medicine,(CAH02-06-03) ophthalmics,Quintile 2,All,All,215
2021,(CAH02) subjects allied to medicine,(CAH02-06-03) ophthalmics,Quintile 2,All,All,205
2022,(CAH02) subjects allied to medicine,(CAH02-06-03) ophthalmics,Quintile 2,All,All,190
2023,(CAH02) subjects allied to medicine,(CAH02-06-03) ophthalmics,Quintile 2,All,All,220
2024,(CAH02) subjects allied to medicine,(CAH02-06-03) ophthalmics,Quintile 2,All,All,250
2019,(CAH02) subjects allied to medicine,"(CAH02-05-04) anatomy, physiology and pathology",Quintile 2,All,All,100
2020,(CAH02) subjects allied to medicine,"(CAH02-05-04) anatomy, physiology and pathology",Quintile 2,All,All,110
2021,(CAH02) subjects allied to medicine,"(CAH02-05-04) anatomy, physiology and pathology",Quintile 2,All,All,115
2022,(CAH02) subjects allied to medicine,"(CAH02-05-04) anatomy, physiology and pathology",Quintile 2,All,All,130
2023,(CAH02) subjects allied to medicine,"(CAH02-05-04) anatomy, physiology and pathology",Quintile 2,All,All,85
2024,(CAH02) subjects allied to medicine,"(CAH02-05-04) anatomy, physiology and pathology",Quintile 2,All,All,105
2019,(CAH02) subjects allied to medicine,(CAH02-05-01) medical technology,Quintile 2,All,All,330
2020,(CAH02) subjects allied to medicine,(CAH02-05-01) medical technology,Quintile 2,All,All,375
2021,(CAH02) subjects allied to medicine,(CAH02-05-01) medical technology,Quintile 2,All,All,355
2022,(CAH02) subjects allied to medicine,(CAH02-05-01) medical technology,Quintile 2,All,All,405
2023,(CAH02) subjects allied to medicine,(CAH02-05-01) medical technology,Quintile 2,All,All,380
2024,(CAH02) subjects allied to medicine,(CAH02-05-01) medical technology,Quintile 2,All,All,505
2019,(CAH02) subjects allied to medicine,(CAH02-06-06) complementary and alternative medicine,Quintile 2,All,All,190
2020,(CAH02) subjects allied to medicine,(CAH02-06-06) complementary and alternative medicine,Quintile 2,All,All,170
2021,(CAH02) subjects allied to medicine,(CAH02-06-06) complementary and alternative medicine,Quintile 2,All,All,245
2022,(CAH02) subjects allied to medicine,(CAH02-06-06) complementary and alternative medicine,Quintile 2,All,All,240
2023,(CAH02) subjects allied to medicine,(CAH02-06-06) complementary and alternative medicine,Quintile 2,All,All,180
2024,(CAH02) subjects allied to medicine,(CAH02-06-06) complementary and alternative medicine,Quintile 2,All,All,200
2019,(CAH02) subjects allied to medicine,(CAH02-06-01) health sciences (non-specific),Quintile 2,All,All,1005
2020,(CAH02) subjects allied to medicine,(CAH02-06-01) health sciences (non-specific),Quintile 2,All,All,1145
2021,(CAH02) subjects allied to medicine,(CAH02-06-01) health sciences (non-specific),Quintile 2,All,All,1165
2022,(CAH02) subjects allied to medicine,(CAH02-06-01) health sciences (non-specific),Quintile 2,All,All,1185
2023,(CAH02) subjects allied to medicine,(CAH02-06-01) health sciences (non-specific),Quintile 2,All,All,1145
2024,(CAH02) subjects allied to medicine,(CAH02-06-01) health sciences (non-specific),Quintile 2,All,All,1155
2019,(CAH02) subjects allied to medicine,(CAH02-06-02) nutrition and dietetics,Quintile 2,All,All,185
2020,(CAH02) subjects allied to medicine,(CAH02-06-02) nutrition and dietetics,Quintile 2,All,All,220
2021,(CAH02) subjects allied to medicine,(CAH02-06-02) nutrition and dietetics,Quintile 2,All,All,215
2022,(CAH02) subjects allied to medicine,(CAH02-06-02) nutrition and dietetics,Quintile 2,All,All,180
2023,(CAH02) subjects allied to medicine,(CAH02-06-02) nutrition and dietetics,Quintile 2,All,All,165
2024,(CAH02) subjects allied to medicine,(CAH02-06-02) nutrition and dietetics,Quintile 2,All,All,155
2019,(CAH02) subjects allied to medicine,(CAH02-06-04) environmental and public health,Quintile 2,All,All,105
2020,(CAH02) subjects allied to medicine,(CAH02-06-04) environmental and public health,Quintile 2,All,All,60
2021,(CAH02) subjects allied to medicine,(CAH02-06-04) environmental and public health,Quintile 2,All,All,85
2022,(CAH02) subjects allied to medicine,(CAH02-06-04) environmental and public health,Quintile 2,All,All,75
2023,(CAH02) subjects allied to medicine,(CAH02-06-04) environmental and public health,Quintile 2,All,All,60
2024,(CAH02) subjects allied to medicine,(CAH02-06-04) environmental and public health,Quintile 2,All,All,65
2019,(CAH02) subjects allied to medicine,"(CAH02-06-07) counselling, psychotherapy and occupational therapy",Quintile 2,All,All,660
2020,(CAH02) subjects allied to medicine,"(CAH02-06-07) counselling, psychotherapy and occupational therapy",Quintile 2,All,All,775
2021,(CAH02) subjects allied to medicine,"(CAH02-06-07) counselling, psychotherapy and occupational therapy",Quintile 2,All,All,715
2022,(CAH02) subjects allied to medicine,"(CAH02-06-07) counselling, psychotherapy and occupational therapy",Quintile 2,All,All,720
2023,(CAH02) subjects allied to medicine,"(CAH02-06-07) counselling, psychotherapy and occupational therapy",Quintile 2,All,All,720
2024,(CAH02) subjects allied to medicine,"(CAH02-06-07) counselling, psychotherapy and occupational therapy",Quintile 2,All,All,725
2019,(CAH02) subjects allied to medicine,(CAH02-02-01) pharmacology,Quintile 2,All,All,140
2020,(CAH02) subjects allied to medicine,(CAH02-02-01) pharmacology,Quintile 2,All,All,140
2021,(CAH02) subjects allied to medicine,(CAH02-02-01) pharmacology,Quintile 2,All,All,140
2022,(CAH02) subjects allied to medicine,(CAH02-02-01) pharmacology,Quintile 2,All,All,185
2023,(CAH02) subjects allied to medicine,(CAH02-02-01) pharmacology,Quintile 2,All,All,210
2024,(CAH02) subjects allied to medicine,(CAH02-02-01) pharmacology,Quintile 2,All,All,240
2019,(CAH02) subjects allied to medicine,(CAH02-02-03) pharmacy,Quintile 2,All,All,485
2020,(CAH02) subjects allied to medicine,(CAH02-02-03) pharmacy,Quintile 2,All,All,545
2021,(CAH02) subjects allied to medicine,(CAH02-02-03) pharmacy,Quintile 2,All,All,625
2022,(CAH02) subjects allied to medicine,(CAH02-02-03) pharmacy,Quintile 2,All,All,700
2023,(CAH02) subjects allied to medicine,(CAH02-02-03) pharmacy,Quintile 2,All,All,690
2024,(CAH02) subjects allied to medicine,(CAH02-02-03) pharmacy,Quintile 2,All,All,670
2019,(CAH02) subjects allied to medicine,(CAH02-06-05) physiotherapy,Quintile 2,All,All,310
2020,(CAH02) subjects allied to medicine,(CAH02-06-05) physiotherapy,Quintile 2,All,All,405
2021,(CAH02) subjects allied to medicine,(CAH02-06-05) physiotherapy,Quintile 2,All,All,450
2022,(CAH02) subjects allied to medicine,(CAH02-06-05) physiotherapy,Quintile 2,All,All,475
2023,(CAH02) subjects allied to medicine,(CAH02-06-05) physiotherapy,Quintile 2,All,All,445
2024,(CAH02) subjects allied to medicine,(CAH02-06-05) physiotherapy,Quintile 2,All,All,530
2019,(CAH02) subjects allied to medicine,(CAH02-05-02) healthcare science (non-specific),Quintile 2,All,All,155
2020,(CAH02) subjects allied to medicine,(CAH02-05-02) healthcare science (non-specific),Quintile 2,All,All,180
2021,(CAH02) subjects allied to medicine,(CAH02-05-02) healthcare science (non-specific),Quintile 2,All,All,170
2022,(CAH02) subjects allied to medicine,(CAH02-05-02) healthcare science (non-specific),Quintile 2,All,All,140
2023,(CAH02) subjects allied to medicine,(CAH02-05-02) healthcare science (non-specific),Quintile 2,All,All,755
2024,(CAH02) subjects allied to medicine,(CAH02-05-02) healthcare science (non-specific),Quintile 2,All,All,845
2019,(CAH02) subjects allied to medicine,(CAH02-05-03) biomedical sciences (non-specific),Quintile 2,All,All,1260
2020,(CAH02) subjects allied to medicine,(CAH02-05-03) biomedical sciences (non-specific),Quintile 2,All,All,1270
2021,(CAH02) subjects allied to medicine,(CAH02-05-03) biomedical sciences (non-specific),Quintile 2,All,All,1380
2022,(CAH02) subjects allied to medicine,(CAH02-05-03) biomedical sciences (non-specific),Quintile 2,All,All,1355
2023,(CAH02) subjects allied to medicine,(CAH02-05-03) biomedical sciences (non-specific),Quintile 2,All,All,1475
2024,(CAH02) subjects allied to medicine,(CAH02-05-03) biomedical sciences (non-specific),Quintile 2,All,All,1475
2019,(CAH02) subjects allied to medicine,(CAH02-02-02) toxicology,Quintile 2,All,All,5
2023,(CAH02) subjects allied to medicine,(CAH02-02-02) toxicology,Quintile 2,All,All,5
2024,(CAH02) subjects allied to medicine,(CAH02-02-02) toxicology,Quintile 2,All,All,5
2019,(CAH02) subjects allied to medicine,(CAH02-04-02) adult nursing,Quintile 2,All,All,3255
2020,(CAH02) subjects allied to medicine,(CAH02-04-02) adult nursing,Quintile 2,All,All,4060
2021,(CAH02) subjects allied to medicine,(CAH02-04-02) adult nursing,Quintile 2,All,All,4210
2022,(CAH02) subjects allied to medicine,(CAH02-04-02) adult nursing,Quintile 2,All,All,3700
2023,(CAH02) subjects allied to medicine,(CAH02-04-02) adult nursing,Quintile 2,All,All,3155
2024,(CAH02) subjects allied to medicine,(CAH02-04-02) adult nursing,Quintile 2,All,All,3060
2019,(CAH02) subjects allied to medicine,(CAH02-04-05) children's nursing,Quintile 2,All,All,620
2020,(CAH02) subjects allied to medicine,(CAH02-04-05) children's nursing,Quintile 2,All,All,740
2021,(CAH02) subjects allied to medicine,(CAH02-04-05) children's nursing,Quintile 2,All,All,760
2022,(CAH02) subjects allied to medicine,(CAH02-04-05) children's nursing,Quintile 2,All,All,740
2023,(CAH02) subjects allied to medicine,(CAH02-04-05) children's nursing,Quintile 2,All,All,735
2024,(CAH02) subjects allied to medicine,(CAH02-04-05) children's nursing,Quintile 2,All,All,805
2019,(CAH02) subjects allied to medicine,(CAH02-04-03) community nursing,Quintile 2,All,All,5
2020,(CAH02) subjects allied to medicine,(CAH02-04-03) community nursing,Quintile 2,All,All,10
2021,(CAH02) subjects allied to medicine,(CAH02-04-03) community nursing,Quintile 2,All,All,10
2022,(CAH02) subjects allied to medicine,(CAH02-04-03) community nursing,Quintile 2,All,All,10
2023,(CAH02) subjects allied to medicine,(CAH02-04-03) community nursing,Quintile 2,All,All,5
2024,(CAH02) subjects allied to medicine,(CAH02-04-03) community nursing,Quintile 2,All,All,5
2019,(CAH02) subjects allied to medicine,(CAH02-04-09) others in nursing,Quintile 2,All,All,35
2020,(CAH02) subjects allied to medicine,(CAH02-04-09) others in nursing,Quintile 2,All,All,50
2021,(CAH02) subjects allied to medicine,(CAH02-04-09) others in nursing,Quintile 2,All,All,45
2022,(CAH02) subjects allied to medicine,(CAH02-04-09) others in nursing,Quintile 2,All,All,40
2023,(CAH02) subjects allied to medicine,(CAH02-04-09) others in nursing,Quintile 2,All,All,30
2024,(CAH02) subjects allied to medicine,(CAH02-04-09) others in nursing,Quintile 2,All,All,30
2019,(CAH02) subjects allied to medicine,(CAH02-04-06) dental nursing,Quintile 2,All,All,25
2020,(CAH02) subjects allied to medicine,(CAH02-04-06) dental nursing,Quintile 2,All,All,40
2021,(CAH02) subjects allied to medicine,(CAH02-04-06) dental nursing,Quintile 2,All,All,40
2022,(CAH02) subjects allied to medicine,(CAH02-04-06) dental nursing,Quintile 2,All,All,35
2023,(CAH02) subjects allied to medicine,(CAH02-04-06) dental nursing,Quintile 2,All,All,40
2024,(CAH02) subjects allied to medicine,(CAH02-04-06) dental nursing,Quintile 2,All,All,70
2019,(CAH02) subjects allied to medicine,(CAH02-04-08) learning disabilities nursing,Quintile 2,All,All,140
2020,(CAH02) subjects allied to medicine,(CAH02-04-08) learning disabilities nursing,Quintile 2,All,All,145
2021,(CAH02) subjects allied to medicine,(CAH02-04-08) learning disabilities nursing,Quintile 2,All,All,170
2022,(CAH02) subjects allied to medicine,(CAH02-04-08) learning disabilities nursing,Quintile 2,All,All,145
2023,(CAH02) subjects allied to medicine,(CAH02-04-08) learning disabilities nursing,Quintile 2,All,All,100
2024,(CAH02) subjects allied to medicine,(CAH02-04-08) learning disabilities nursing,Quintile 2,All,All,95
2019,(CAH02) subjects allied to medicine,(CAH02-04-07) mental health nursing,Quintile 2,All,All,955
2020,(CAH02) subjects allied to medicine,(CAH02-04-07) mental health nursing,Quintile 2,All,All,1420
2021,(CAH02) subjects allied to medicine,(CAH02-04-07) mental health nursing,Quintile 2,All,All,1325
2022,(CAH02) subjects allied to medicine,(CAH02-04-07) mental health nursing,Quintile 2,All,All,1150
2023,(CAH02) subjects allied to medicine,(CAH02-04-07) mental health nursing,Quintile 2,All,All,1160
2024,(CAH02) subjects allied to medicine,(CAH02-04-07) mental health nursing,Quintile 2,All,All,1155
2019,(CAH02) subjects allied to medicine,(CAH02-04-04) midwifery,Quintile 2,All,All,670
2020,(CAH02) subjects allied to medicine,(CAH02-04-04) midwifery,Quintile 2,All,All,785
2021,(CAH02) subjects allied to medicine,(CAH02-04-04) midwifery,Quintile 2,All,All,820
2022,(CAH02) subjects allied to medicine,(CAH02-04-04) midwifery,Quintile 2,All,All,720
2023,(CAH02) subjects allied to medicine,(CAH02-04-04) midwifery,Quintile 2,All,All,755
2024,(CAH02) subjects allied to medicine,(CAH02-04-04) midwifery,Quintile 2,All,All,765
2019,(CAH02) subjects allied to medicine,(CAH02-04-01) nursing (non-specific),Quintile 2,All,All,385
2020,(CAH02) subjects allied to medicine,(CAH02-04-01) nursing (non-specific),Quintile 2,All,All,370
2021,(CAH02) subjects allied to medicine,(CAH02-04-01) nursing (non-specific),Quintile 2,All,All,395
2022,(CAH02) subjects allied to medicine,(CAH02-04-01) nursing (non-specific),Quintile 2,All,All,350
2023,(CAH02) subjects allied to medicine,(CAH02-04-01) nursing (non-specific),Quintile 2,All,All,320
2024,(CAH02) subjects allied to medicine,(CAH02-04-01) nursing (non-specific),Quintile 2,All,All,325
2019,(CAH19) language and area studies,(CAH19-01-05) creative writing,Quintile 2,All,All,280
2020,(CAH19) language and area studies,(CAH19-01-05) creative writing,Quintile 2,All,All,310
2021,(CAH19) language and area studies,(CAH19-01-05) creative writing,Quintile 2,All,All,295
2022,(CAH19) language and area studies,(CAH19-01-05) creative writing,Quintile 2,All,All,325
2023,(CAH19) language and area studies,(CAH19-01-05) creative writing,Quintile 2,All,All,330
2024,(CAH19) language and area studies,(CAH19-01-05) creative writing,Quintile 2,All,All,285
2019,(CAH19) language and area studies,(CAH19-04-08) American and Australasian studies,Quintile 2,All,All,55
2020,(CAH19) language and area studies,(CAH19-04-08) American and Australasian studies,Quintile 2,All,All,25
2021,(CAH19) language and area studies,(CAH19-04-08) American and Australasian studies,Quintile 2,All,All,35
2022,(CAH19) language and area studies,(CAH19-04-08) American and Australasian studies,Quintile 2,All,All,30
2023,(CAH19) language and area studies,(CAH19-04-08) American and Australasian studies,Quintile 2,All,All,20
2024,(CAH19) language and area studies,(CAH19-04-08) American and Australasian studies,Quintile 2,All,All,15
2019,(CAH19) language and area studies,(CAH19-01-06) others in English studies,Quintile 2,All,All,10
2020,(CAH19) language and area studies,(CAH19-01-06) others in English studies,Quintile 2,All,All,15
2021,(CAH19) language and area studies,(CAH19-01-06) others in English studies,Quintile 2,All,All,15
2022,(CAH19) language and area studies,(CAH19-01-06) others in English studies,Quintile 2,All,All,10
2023,(CAH19) language and area studies,(CAH19-01-06) others in English studies,Quintile 2,All,All,15
2024,(CAH19) language and area studies,(CAH19-01-06) others in English studies,Quintile 2,All,All,10
2019,(CAH19) language and area studies,(CAH19-01-02) English language,Quintile 2,All,All,175
2020,(CAH19) language and area studies,(CAH19-01-02) English language,Quintile 2,All,All,155
2021,(CAH19) language and area studies,(CAH19-01-02) English language,Quintile 2,All,All,160
2022,(CAH19) language and area studies,(CAH19-01-02) English language,Quintile 2,All,All,125
2023,(CAH19) language and area studies,(CAH19-01-02) English language,Quintile 2,All,All,110
2024,(CAH19) language and area studies,(CAH19-01-02) English language,Quintile 2,All,All,120
2019,(CAH19) language and area studies,(CAH19-01-03) literature in English,Quintile 2,All,All,640
2020,(CAH19) language and area studies,(CAH19-01-03) literature in English,Quintile 2,All,All,615
2021,(CAH19) language and area studies,(CAH19-01-03) literature in English,Quintile 2,All,All,515
2022,(CAH19) language and area studies,(CAH19-01-03) literature in English,Quintile 2,All,All,560
2023,(CAH19) language and area studies,(CAH19-01-03) literature in English,Quintile 2,All,All,555
2024,(CAH19) language and area studies,(CAH19-01-03) literature in English,Quintile 2,All,All,510
2019,(CAH19) language and area studies,(CAH19-01-01) English studies (non-specific),Quintile 2,All,All,585
2020,(CAH19) language and area studies,(CAH19-01-01) English studies (non-specific),Quintile 2,All,All,505
2021,(CAH19) language and area studies,(CAH19-01-01) English studies (non-specific),Quintile 2,All,All,495
2022,(CAH19) language and area studies,(CAH19-01-01) English studies (non-specific),Quintile 2,All,All,485
2023,(CAH19) language and area studies,(CAH19-01-01) English studies (non-specific),Quintile 2,All,All,495
2024,(CAH19) language and area studies,(CAH19-01-01) English studies (non-specific),Quintile 2,All,All,470
2019,(CAH19) language and area studies,(CAH19-04-01) French studies,Quintile 2,All,All,100
2020,(CAH19) language and area studies,(CAH19-04-01) French studies,Quintile 2,All,All,105
2021,(CAH19) language and area studies,(CAH19-04-01) French studies,Quintile 2,All,All,95
2022,(CAH19) language and area studies,(CAH19-04-01) French studies,Quintile 2,All,All,85
2023,(CAH19) language and area studies,(CAH19-04-01) French studies,Quintile 2,All,All,60
2024,(CAH19) language and area studies,(CAH19-04-01) French studies,Quintile 2,All,All,65
2019,(CAH19) language and area studies,(CAH19-04-02) German and Scandinavian studies,Quintile 2,All,All,45
2020,(CAH19) language and area studies,(CAH19-04-02) German and Scandinavian studies,Quintile 2,All,All,35
2021,(CAH19) language and area studies,(CAH19-04-02) German and Scandinavian studies,Quintile 2,All,All,30
2022,(CAH19) language and area studies,(CAH19-04-02) German and Scandinavian studies,Quintile 2,All,All,30
2023,(CAH19) language and area studies,(CAH19-04-02) German and Scandinavian studies,Quintile 2,All,All,25
2024,(CAH19) language and area studies,(CAH19-04-02) German and Scandinavian studies,Quintile 2,All,All,20
2019,(CAH19) language and area studies,(CAH19-04-04) Iberian studies,Quintile 2,All,All,110
2020,(CAH19) language and area studies,(CAH19-04-04) Iberian studies,Quintile 2,All,All,120
2021,(CAH19) language and area studies,(CAH19-04-04) Iberian studies,Quintile 2,All,All,105
2022,(CAH19) language and area studies,(CAH19-04-04) Iberian studies,Quintile 2,All,All,75
2023,(CAH19) language and area studies,(CAH19-04-04) Iberian studies,Quintile 2,All,All,75
2024,(CAH19) language and area studies,(CAH19-04-04) Iberian studies,Quintile 2,All,All,75
2019,(CAH19) language and area studies,(CAH19-04-03) Italian studies,Quintile 2,All,All,15
2020,(CAH19) language and area studies,(CAH19-04-03) Italian studies,Quintile 2,All,All,15
2021,(CAH19) language and area studies,(CAH19-04-03) Italian studies,Quintile 2,All,All,15
2022,(CAH19) language and area studies,(CAH19-04-03) Italian studies,Quintile 2,All,All,10
2023,(CAH19) language and area studies,(CAH19-04-03) Italian studies,Quintile 2,All,All,10
2024,(CAH19) language and area studies,(CAH19-04-03) Italian studies,Quintile 2,All,All,10
2019,(CAH19) language and area studies,(CAH19-01-07) linguistics,Quintile 2,All,All,105
2020,(CAH19) language and area studies,(CAH19-01-07) linguistics,Quintile 2,All,All,130
2021,(CAH19) language and area studies,(CAH19-01-07) linguistics,Quintile 2,All,All,100
2022,(CAH19) language and area studies,(CAH19-01-07) linguistics,Quintile 2,All,All,105
2023,(CAH19) language and area studies,(CAH19-01-07) linguistics,Quintile 2,All,All,90
2024,(CAH19) language and area studies,(CAH19-01-07) linguistics,Quintile 2,All,All,100
2019,(CAH19) language and area studies,(CAH19-04-09) others in language and area studies,Quintile 2,All,All,185
2020,(CAH19) language and area studies,(CAH19-04-09) others in language and area studies,Quintile 2,All,All,205
2021,(CAH19) language and area studies,(CAH19-04-09) others in language and area studies,Quintile 2,All,All,205
2022,(CAH19) language and area studies,(CAH19-04-09) others in language and area studies,Quintile 2,All,All,245
2023,(CAH19) language and area studies,(CAH19-04-09) others in language and area studies,Quintile 2,All,All,175
2024,(CAH19) language and area studies,(CAH19-04-09) others in language and area studies,Quintile 2,All,All,190
2019,(CAH19) language and area studies,(CAH19-04-05) Slavic studies,Quintile 2,All,All,10
2020,(CAH19) language and area studies,(CAH19-04-05) Slavic studies,Quintile 2,All,All,10
2021,(CAH19) language and area studies,(CAH19-04-05) Slavic studies,Quintile 2,All,All,15
2022,(CAH19) language and area studies,(CAH19-04-05) Slavic studies,Quintile 2,All,All,5
2023,(CAH19) language and area studies,(CAH19-04-05) Slavic studies,Quintile 2,All,All,10
2024,(CAH19) language and area studies,(CAH19-04-05) Slavic studies,Quintile 2,All,All,10
2019,(CAH19) language and area studies,(CAH19-02-03) Welsh studies,Quintile 2,All,All,15
2020,(CAH19) language and area studies,(CAH19-02-03) Welsh studies,Quintile 2,All,All,15
2021,(CAH19) language and area studies,(CAH19-02-03) Welsh studies,Quintile 2,All,All,10
2022,(CAH19) language and area studies,(CAH19-02-03) Welsh studies,Quintile 2,All,All,15
2023,(CAH19) language and area studies,(CAH19-02-03) Welsh studies,Quintile 2,All,All,10
2024,(CAH19) language and area studies,(CAH19-02-03) Welsh studies,Quintile 2,All,All,10
2019,(CAH19) language and area studies,(CAH19-02-01) Celtic studies (non-specific),Quintile 2,All,All,5
2020,(CAH19) language and area studies,(CAH19-02-01) Celtic studies (non-specific),Quintile 2,All,All,5
2021,(CAH19) language and area studies,(CAH19-02-01) Celtic studies (non-specific),Quintile 2,All,All,5
2023,(CAH19) language and area studies,(CAH19-02-01) Celtic studies (non-specific),Quintile 2,All,All,5
2024,(CAH19) language and area studies,(CAH19-02-01) Celtic studies (non-specific),Quintile 2,All,All,5
2019,(CAH19) language and area studies,(CAH19-02-02) Gaelic studies,Quintile 2,All,All,10
2021,(CAH19) language and area studies,(CAH19-02-02) Gaelic studies,Quintile 2,All,All,5
2022,(CAH19) language and area studies,(CAH19-02-02) Gaelic studies,Quintile 2,All,All,5
2023,(CAH19) language and area studies,(CAH19-02-02) Gaelic studies,Quintile 2,All,All,5
2024,(CAH19) language and area studies,(CAH19-02-02) Gaelic studies,Quintile 2,All,All,5
2019,(CAH19) language and area studies,(CAH19-02-04) others in Celtic studies,Quintile 2,All,All,5
2020,(CAH19) language and area studies,(CAH19-02-04) others in Celtic studies,Quintile 2,All,All,5
2024,(CAH19) language and area studies,(CAH19-02-04) others in Celtic studies,Quintile 2,All,All,5
2019,(CAH19) language and area studies,(CAH19-04-06) Asian studies,Quintile 2,All,All,125
2020,(CAH19) language and area studies,(CAH19-04-06) Asian studies,Quintile 2,All,All,120
2021,(CAH19) language and area studies,(CAH19-04-06) Asian studies,Quintile 2,All,All,130
2022,(CAH19) language and area studies,(CAH19-04-06) Asian studies,Quintile 2,All,All,120
2023,(CAH19) language and area studies,(CAH19-04-06) Asian studies,Quintile 2,All,All,105
2024,(CAH19) language and area studies,(CAH19-04-06) Asian studies,Quintile 2,All,All,70
2019,(CAH19) language and area studies,(CAH19-04-07) African and modern Middle Eastern studies,Quintile 2,All,All,15
2020,(CAH19) language and area studies,(CAH19-04-07) African and modern Middle Eastern studies,Quintile 2,All,All,15
2021,(CAH19) language and area studies,(CAH19-04-07) African and modern Middle Eastern studies,Quintile 2,All,All,10
2022,(CAH19) language and area studies,(CAH19-04-07) African and modern Middle Eastern studies,Quintile 2,All,All,15
2023,(CAH19) language and area studies,(CAH19-04-07) African and modern Middle Eastern studies,Quintile 2,All,All,10
2024,(CAH19) language and area studies,(CAH19-04-07) African and modern Middle Eastern studies,Quintile 2,All,All,10
2019,"(CAH24) media, journalism and communications",(CAH24-01-05) media studies,Quintile 2,All,All,1155
2020,"(CAH24) media, journalism and communications",(CAH24-01-05) media studies,Quintile 2,All,All,1135
2021,"(CAH24) media, journalism and communications",(CAH24-01-05) media studies,Quintile 2,All,All,1080
2022,"(CAH24) media, journalism and communications",(CAH24-01-05) media studies,Quintile 2,All,All,1140
2023,"(CAH24) media, journalism and communications",(CAH24-01-05) media studies,Quintile 2,All,All,1080
2024,"(CAH24) media, journalism and communications",(CAH24-01-05) media studies,Quintile 2,All,All,1065
2019,"(CAH24) media, journalism and communications",(CAH24-01-02) publicity studies,Quintile 2,All,All,30
2020,"(CAH24) media, journalism and communications",(CAH24-01-02) publicity studies,Quintile 2,All,All,30
2021,"(CAH24) media, journalism and communications",(CAH24-01-02) publicity studies,Quintile 2,All,All,25
2022,"(CAH24) media, journalism and communications",(CAH24-01-02) publicity studies,Quintile 2,All,All,25
2023,"(CAH24) media, journalism and communications",(CAH24-01-02) publicity studies,Quintile 2,All,All,15
2024,"(CAH24) media, journalism and communications",(CAH24-01-02) publicity studies,Quintile 2,All,All,20
2019,"(CAH24) media, journalism and communications",(CAH24-01-01) information services,Quintile 2,All,All,5
2020,"(CAH24) media, journalism and communications",(CAH24-01-01) information services,Quintile 2,All,All,10
2021,"(CAH24) media, journalism and communications",(CAH24-01-01) information services,Quintile 2,All,All,5
2022,"(CAH24) media, journalism and communications",(CAH24-01-01) information services,Quintile 2,All,All,10
2023,"(CAH24) media, journalism and communications",(CAH24-01-01) information services,Quintile 2,All,All,5
2024,"(CAH24) media, journalism and communications",(CAH24-01-01) information services,Quintile 2,All,All,5
2019,"(CAH24) media, journalism and communications",(CAH24-01-04) journalism,Quintile 2,All,All,465
2020,"(CAH24) media, journalism and communications",(CAH24-01-04) journalism,Quintile 2,All,All,455
2021,"(CAH24) media, journalism and communications",(CAH24-01-04) journalism,Quintile 2,All,All,440
2022,"(CAH24) media, journalism and communications",(CAH24-01-04) journalism,Quintile 2,All,All,470
2023,"(CAH24) media, journalism and communications",(CAH24-01-04) journalism,Quintile 2,All,All,460
2024,"(CAH24) media, journalism and communications",(CAH24-01-04) journalism,Quintile 2,All,All,465
2019,"(CAH24) media, journalism and communications",(CAH24-01-03) publishing,Quintile 2,All,All,25
2020,"(CAH24) media, journalism and communications",(CAH24-01-03) publishing,Quintile 2,All,All,15
2021,"(CAH24) media, journalism and communications",(CAH24-01-03) publishing,Quintile 2,All,All,15
2022,"(CAH24) media, journalism and communications",(CAH24-01-03) publishing,Quintile 2,All,All,20
2023,"(CAH24) media, journalism and communications",(CAH24-01-03) publishing,Quintile 2,All,All,15
2024,"(CAH24) media, journalism and communications",(CAH24-01-03) publishing,Quintile 2,All,All,20
2019,(CAH23) combined and general studies,(CAH23-01-04) liberal arts (non-specific),Quintile 2,All,All,40
2020,(CAH23) combined and general studies,(CAH23-01-04) liberal arts (non-specific),Quintile 2,All,All,55
2021,(CAH23) combined and general studies,(CAH23-01-04) liberal arts (non-specific),Quintile 2,All,All,55
2022,(CAH23) combined and general studies,(CAH23-01-04) liberal arts (non-specific),Quintile 2,All,All,60
2023,(CAH23) combined and general studies,(CAH23-01-04) liberal arts (non-specific),Quintile 2,All,All,50
2024,(CAH23) combined and general studies,(CAH23-01-04) liberal arts (non-specific),Quintile 2,All,All,50
2019,(CAH23) combined and general studies,(CAH23-01-03) humanities (non-specific),Quintile 2,All,All,50
2020,(CAH23) combined and general studies,(CAH23-01-03) humanities (non-specific),Quintile 2,All,All,40
2021,(CAH23) combined and general studies,(CAH23-01-03) humanities (non-specific),Quintile 2,All,All,30
2022,(CAH23) combined and general studies,(CAH23-01-03) humanities (non-specific),Quintile 2,All,All,35
2023,(CAH23) combined and general studies,(CAH23-01-03) humanities (non-specific),Quintile 2,All,All,40
2024,(CAH23) combined and general studies,(CAH23-01-03) humanities (non-specific),Quintile 2,All,All,40
2019,(CAH23) combined and general studies,(CAH23-01-02) personal development,Quintile 2,All,All,60
2020,(CAH23) combined and general studies,(CAH23-01-02) personal development,Quintile 2,All,All,75
2021,(CAH23) combined and general studies,(CAH23-01-02) personal development,Quintile 2,All,All,105
2022,(CAH23) combined and general studies,(CAH23-01-02) personal development,Quintile 2,All,All,70
2023,(CAH23) combined and general studies,(CAH23-01-02) personal development,Quintile 2,All,All,50
2024,(CAH23) combined and general studies,(CAH23-01-02) personal development,Quintile 2,All,All,60
2019,(CAH23) combined and general studies,"(CAH23-01-01) combined, general or negotiated studies",Quintile 2,All,All,75
2020,(CAH23) combined and general studies,"(CAH23-01-01) combined, general or negotiated studies",Quintile 2,All,All,75
2021,(CAH23) combined and general studies,"(CAH23-01-01) combined, general or negotiated studies",Quintile 2,All,All,70
2022,(CAH23) combined and general studies,"(CAH23-01-01) combined, general or negotiated studies",Quintile 2,All,All,110
2023,(CAH23) combined and general studies,"(CAH23-01-01) combined, general or negotiated studies",Quintile 2,All,All,85
2024,(CAH23) combined and general studies,"(CAH23-01-01) combined, general or negotiated studies",Quintile 2,All,All,100
2019,(CAH17) business and management,(CAH17-01-03) marketing,Quintile 2,All,All,790
2020,(CAH17) business and management,(CAH17-01-03) marketing,Quintile 2,All,All,865
2021,(CAH17) business and management,(CAH17-01-03) marketing,Quintile 2,All,All,950
2022,(CAH17) business and management,(CAH17-01-03) marketing,Quintile 2,All,All,985
2023,(CAH17) business and management,(CAH17-01-03) marketing,Quintile 2,All,All,955
2024,(CAH17) business and management,(CAH17-01-03) marketing,Quintile 2,All,All,990
2019,(CAH17) business and management,(CAH17-01-01) business and management (non-specific),Quintile 2,All,All,1515
2020,(CAH17) business and management,(CAH17-01-01) business and management (non-specific),Quintile 2,All,All,1745
2021,(CAH17) business and management,(CAH17-01-01) business and management (non-specific),Quintile 2,All,All,1945
2022,(CAH17) business and management,(CAH17-01-01) business and management (non-specific),Quintile 2,All,All,2375
2023,(CAH17) business and management,(CAH17-01-01) business and management (non-specific),Quintile 2,All,All,3330
2024,(CAH17) business and management,(CAH17-01-01) business and management (non-specific),Quintile 2,All,All,3050
2019,(CAH17) business and management,(CAH17-01-02) business studies,Quintile 2,All,All,1970
2020,(CAH17) business and management,(CAH17-01-02) business studies,Quintile 2,All,All,2310
2021,(CAH17) business and management,(CAH17-01-02) business studies,Quintile 2,All,All,2245
2022,(CAH17) business and management,(CAH17-01-02) business studies,Quintile 2,All,All,2480
2023,(CAH17) business and management,(CAH17-01-02) business studies,Quintile 2,All,All,2905
2024,(CAH17) business and management,(CAH17-01-02) business studies,Quintile 2,All,All,3010
2019,(CAH17) business and management,"(CAH17-01-06) tourism, transport and travel",Quintile 2,All,All,1070
2020,(CAH17) business and management,"(CAH17-01-06) tourism, transport and travel",Quintile 2,All,All,1035
2021,(CAH17) business and management,"(CAH17-01-06) tourism, transport and travel",Quintile 2,All,All,1190
2022,(CAH17) business and management,"(CAH17-01-06) tourism, transport and travel",Quintile 2,All,All,1535
2023,(CAH17) business and management,"(CAH17-01-06) tourism, transport and travel",Quintile 2,All,All,1150
2024,(CAH17) business and management,"(CAH17-01-06) tourism, transport and travel",Quintile 2,All,All,1030
2019,(CAH17) business and management,(CAH17-01-05) human resource management,Quintile 2,All,All,150
2020,(CAH17) business and management,(CAH17-01-05) human resource management,Quintile 2,All,All,155
2021,(CAH17) business and management,(CAH17-01-05) human resource management,Quintile 2,All,All,160
2022,(CAH17) business and management,(CAH17-01-05) human resource management,Quintile 2,All,All,130
2023,(CAH17) business and management,(CAH17-01-05) human resource management,Quintile 2,All,All,130
2024,(CAH17) business and management,(CAH17-01-05) human resource management,Quintile 2,All,All,105
2019,(CAH17) business and management,(CAH17-01-04) management studies,Quintile 2,All,All,995
2020,(CAH17) business and management,(CAH17-01-04) management studies,Quintile 2,All,All,1020
2021,(CAH17) business and management,(CAH17-01-04) management studies,Quintile 2,All,All,985
2022,(CAH17) business and management,(CAH17-01-04) management studies,Quintile 2,All,All,1000
2023,(CAH17) business and management,(CAH17-01-04) management studies,Quintile 2,All,All,835
2024,(CAH17) business and management,(CAH17-01-04) management studies,Quintile 2,All,All,850
2019,(CAH17) business and management,(CAH17-01-08) accounting,Quintile 2,All,All,1195
2020,(CAH17) business and management,(CAH17-01-08) accounting,Quintile 2,All,All,1195
2021,(CAH17) business and management,(CAH17-01-08) accounting,Quintile 2,All,All,1365
2022,(CAH17) business and management,(CAH17-01-08) accounting,Quintile 2,All,All,1295
2023,(CAH17) business and management,(CAH17-01-08) accounting,Quintile 2,All,All,1415
2024,(CAH17) business and management,(CAH17-01-08) accounting,Quintile 2,All,All,1595
2019,(CAH17) business and management,(CAH17-01-07) finance,Quintile 2,All,All,820
2020,(CAH17) business and management,(CAH17-01-07) finance,Quintile 2,All,All,790
2021,(CAH17) business and management,(CAH17-01-07) finance,Quintile 2,All,All,935
2022,(CAH17) business and management,(CAH17-01-07) finance,Quintile 2,All,All,960
2023,(CAH17) business and management,(CAH17-01-07) finance,Quintile 2,All,All,1055
2024,(CAH17) business and management,(CAH17-01-07) finance,Quintile 2,All,All,1195
2019,(CAH15) social sciences,(CAH15-03-01) politics,Quintile 2,All,All,990
2020,(CAH15) social sciences,(CAH15-03-01) politics,Quintile 2,All,All,990
2021,(CAH15) social sciences,(CAH15-03-01) politics,Quintile 2,All,All,990
2022,(CAH15) social sciences,(CAH15-03-01) politics,Quintile 2,All,All,970
2023,(CAH15) social sciences,(CAH15-03-01) politics,Quintile 2,All,All,1010
2024,(CAH15) social sciences,(CAH15-03-01) politics,Quintile 2,All,All,1045
2019,(CAH15) social sciences,(CAH15-01-04) anthropology,Quintile 2,All,All,85
2020,(CAH15) social sciences,(CAH15-01-04) anthropology,Quintile 2,All,All,100
2021,(CAH15) social sciences,(CAH15-01-04) anthropology,Quintile 2,All,All,90
2022,(CAH15) social sciences,(CAH15-01-04) anthropology,Quintile 2,All,All,95
2023,(CAH15) social sciences,(CAH15-01-04) anthropology,Quintile 2,All,All,85
2024,(CAH15) social sciences,(CAH15-01-04) anthropology,Quintile 2,All,All,80
2019,(CAH15) social sciences,(CAH15-02-01) economics,Quintile 2,All,All,935
2020,(CAH15) social sciences,(CAH15-02-01) economics,Quintile 2,All,All,980
2021,(CAH15) social sciences,(CAH15-02-01) economics,Quintile 2,All,All,1050
2022,(CAH15) social sciences,(CAH15-02-01) economics,Quintile 2,All,All,1005
2023,(CAH15) social sciences,(CAH15-02-01) economics,Quintile 2,All,All,1055
2024,(CAH15) social sciences,(CAH15-02-01) economics,Quintile 2,All,All,1110
2019,(CAH15) social sciences,(CAH15-04-02) childhood and youth studies,Quintile 2,All,All,1100
2020,(CAH15) social sciences,(CAH15-04-02) childhood and youth studies,Quintile 2,All,All,965
2021,(CAH15) social sciences,(CAH15-04-02) childhood and youth studies,Quintile 2,All,All,840
2022,(CAH15) social sciences,(CAH15-04-02) childhood and youth studies,Quintile 2,All,All,790
2023,(CAH15) social sciences,(CAH15-04-02) childhood and youth studies,Quintile 2,All,All,605
2024,(CAH15) social sciences,(CAH15-04-02) childhood and youth studies,Quintile 2,All,All,585
2019,(CAH15) social sciences,(CAH15-04-01) social work,Quintile 2,All,All,1300
2020,(CAH15) social sciences,(CAH15-04-01) social work,Quintile 2,All,All,1420
2021,(CAH15) social sciences,(CAH15-04-01) social work,Quintile 2,All,All,1370
2022,(CAH15) social sciences,(CAH15-04-01) social work,Quintile 2,All,All,1275
2023,(CAH15) social sciences,(CAH15-04-01) social work,Quintile 2,All,All,1060
2024,(CAH15) social sciences,(CAH15-04-01) social work,Quintile 2,All,All,1145
2019,(CAH15) social sciences,(CAH15-01-01) social sciences (non-specific),Quintile 2,All,All,425
2020,(CAH15) social sciences,(CAH15-01-01) social sciences (non-specific),Quintile 2,All,All,390
2021,(CAH15) social sciences,(CAH15-01-01) social sciences (non-specific),Quintile 2,All,All,350
2022,(CAH15) social sciences,(CAH15-01-01) social sciences (non-specific),Quintile 2,All,All,305
2023,(CAH15) social sciences,(CAH15-01-01) social sciences (non-specific),Quintile 2,All,All,315
2024,(CAH15) social sciences,(CAH15-01-01) social sciences (non-specific),Quintile 2,All,All,275
2019,(CAH15) social sciences,(CAH15-04-03) health studies,Quintile 2,All,All,1450
2020,(CAH15) social sciences,(CAH15-04-03) health studies,Quintile 2,All,All,1155
2021,(CAH15) social sciences,(CAH15-04-03) health studies,Quintile 2,All,All,1085
2022,(CAH15) social sciences,(CAH15-04-03) health studies,Quintile 2,All,All,880
2023,(CAH15) social sciences,(CAH15-04-03) health studies,Quintile 2,All,All,740
2024,(CAH15) social sciences,(CAH15-04-03) health studies,Quintile 2,All,All,710
2019,(CAH15) social sciences,(CAH15-01-03) social policy,Quintile 2,All,All,315
2020,(CAH15) social sciences,(CAH15-01-03) social policy,Quintile 2,All,All,280
2021,(CAH15) social sciences,(CAH15-01-03) social policy,Quintile 2,All,All,275
2022,(CAH15) social sciences,(CAH15-01-03) social policy,Quintile 2,All,All,215
2023,(CAH15) social sciences,(CAH15-01-03) social policy,Quintile 2,All,All,225
2024,(CAH15) social sciences,(CAH15-01-03) social policy,Quintile 2,All,All,215
2019,(CAH15) social sciences,(CAH15-01-02) sociology,Quintile 2,All,All,2785
2020,(CAH15) social sciences,(CAH15-01-02) sociology,Quintile 2,All,All,2880
2021,(CAH15) social sciences,(CAH15-01-02) sociology,Quintile 2,All,All,2890
2022,(CAH15) social sciences,(CAH15-01-02) sociology,Quintile 2,All,All,2800
2023,(CAH15) social sciences,(CAH15-01-02) sociology,Quintile 2,All,All,2595
2024,(CAH15) social sciences,(CAH15-01-02) sociology,Quintile 2,All,All,2360
2019,(CAH15) social sciences,(CAH15-01-05) development studies,Quintile 2,All,All,30
2020,(CAH15) social sciences,(CAH15-01-05) development studies,Quintile 2,All,All,30
2021,(CAH15) social sciences,(CAH15-01-05) development studies,Quintile 2,All,All,35
2022,(CAH15) social sciences,(CAH15-01-05) development studies,Quintile 2,All,All,30
2023,(CAH15) social sciences,(CAH15-01-05) development studies,Quintile 2,All,All,30
2024,(CAH15) social sciences,(CAH15-01-05) development studies,Quintile 2,All,All,30
2019,(CAH15) social sciences,(CAH15-01-06) cultural studies,Quintile 2,All,All,40
2020,(CAH15) social sciences,(CAH15-01-06) cultural studies,Quintile 2,All,All,25
2021,(CAH15) social sciences,(CAH15-01-06) cultural studies,Quintile 2,All,All,30
2022,(CAH15) social sciences,(CAH15-01-06) cultural studies,Quintile 2,All,All,20
2023,(CAH15) social sciences,(CAH15-01-06) cultural studies,Quintile 2,All,All,15
2024,(CAH15) social sciences,(CAH15-01-06) cultural studies,Quintile 2,All,All,20
2019,(CAH03) biological and sport sciences,(CAH03-02-01) sport and exercise sciences,Quintile 2,All,All,2955
2020,(CAH03) biological and sport sciences,(CAH03-02-01) sport and exercise sciences,Quintile 2,All,All,3125
2021,(CAH03) biological and sport sciences,(CAH03-02-01) sport and exercise sciences,Quintile 2,All,All,3040
2022,(CAH03) biological and sport sciences,(CAH03-02-01) sport and exercise sciences,Quintile 2,All,All,3035
2023,(CAH03) biological and sport sciences,(CAH03-02-01) sport and exercise sciences,Quintile 2,All,All,2765
2024,(CAH03) biological and sport sciences,(CAH03-02-01) sport and exercise sciences,Quintile 2,All,All,2725
2019,(CAH03) biological and sport sciences,(CAH03-01-07) genetics,Quintile 2,All,All,30
2020,(CAH03) biological and sport sciences,(CAH03-01-07) genetics,Quintile 2,All,All,35
2021,(CAH03) biological and sport sciences,(CAH03-01-07) genetics,Quintile 2,All,All,40
2022,(CAH03) biological and sport sciences,(CAH03-01-07) genetics,Quintile 2,All,All,40
2023,(CAH03) biological and sport sciences,(CAH03-01-07) genetics,Quintile 2,All,All,30
2024,(CAH03) biological and sport sciences,(CAH03-01-07) genetics,Quintile 2,All,All,35
2019,(CAH03) biological and sport sciences,(CAH03-01-10) others in biosciences,Quintile 2,All,All,115
2020,(CAH03) biological and sport sciences,(CAH03-01-10) others in biosciences,Quintile 2,All,All,105
2021,(CAH03) biological and sport sciences,(CAH03-01-10) others in biosciences,Quintile 2,All,All,120
2022,(CAH03) biological and sport sciences,(CAH03-01-10) others in biosciences,Quintile 2,All,All,95
2023,(CAH03) biological and sport sciences,(CAH03-01-10) others in biosciences,Quintile 2,All,All,95
2024,(CAH03) biological and sport sciences,(CAH03-01-10) others in biosciences,Quintile 2,All,All,85
2019,(CAH03) biological and sport sciences,"(CAH03-01-08) molecular biology, biophysics and biochemistry",Quintile 2,All,All,380
2020,(CAH03) biological and sport sciences,"(CAH03-01-08) molecular biology, biophysics and biochemistry",Quintile 2,All,All,360
2021,(CAH03) biological and sport sciences,"(CAH03-01-08) molecular biology, biophysics and biochemistry",Quintile 2,All,All,370
2022,(CAH03) biological and sport sciences,"(CAH03-01-08) molecular biology, biophysics and biochemistry",Quintile 2,All,All,390
2023,(CAH03) biological and sport sciences,"(CAH03-01-08) molecular biology, biophysics and biochemistry",Quintile 2,All,All,415
2024,(CAH03) biological and sport sciences,"(CAH03-01-08) molecular biology, biophysics and biochemistry",Quintile 2,All,All,450
2019,(CAH03) biological and sport sciences,(CAH03-01-01) biosciences (non-specific),Quintile 2,All,All,385
2020,(CAH03) biological and sport sciences,(CAH03-01-01) biosciences (non-specific),Quintile 2,All,All,375
2021,(CAH03) biological and sport sciences,(CAH03-01-01) biosciences (non-specific),Quintile 2,All,All,425
2022,(CAH03) biological and sport sciences,(CAH03-01-01) biosciences (non-specific),Quintile 2,All,All,330
2023,(CAH03) biological and sport sciences,(CAH03-01-01) biosciences (non-specific),Quintile 2,All,All,395
2024,(CAH03) biological and sport sciences,(CAH03-01-01) biosciences (non-specific),Quintile 2,All,All,315
2019,(CAH03) biological and sport sciences,(CAH03-01-02) biology (non-specific),Quintile 2,All,All,590
2020,(CAH03) biological and sport sciences,(CAH03-01-02) biology (non-specific),Quintile 2,All,All,525
2021,(CAH03) biological and sport sciences,(CAH03-01-02) biology (non-specific),Quintile 2,All,All,475
2022,(CAH03) biological and sport sciences,(CAH03-01-02) biology (non-specific),Quintile 2,All,All,445
2023,(CAH03) biological and sport sciences,(CAH03-01-02) biology (non-specific),Quintile 2,All,All,455
2024,(CAH03) biological and sport sciences,(CAH03-01-02) biology (non-specific),Quintile 2,All,All,490
2019,(CAH03) biological and sport sciences,(CAH03-01-03) ecology and environmental biology,Quintile 2,All,All,295
2020,(CAH03) biological and sport sciences,(CAH03-01-03) ecology and environmental biology,Quintile 2,All,All,325
2021,(CAH03) biological and sport sciences,(CAH03-01-03) ecology and environmental biology,Quintile 2,All,All,360
2022,(CAH03) biological and sport sciences,(CAH03-01-03) ecology and environmental biology,Quintile 2,All,All,370
2023,(CAH03) biological and sport sciences,(CAH03-01-03) ecology and environmental biology,Quintile 2,All,All,320
2024,(CAH03) biological and sport sciences,(CAH03-01-03) ecology and environmental biology,Quintile 2,All,All,325
2019,(CAH03) biological and sport sciences,(CAH03-01-04) microbiology and cell science,Quintile 2,All,All,90
2020,(CAH03) biological and sport sciences,(CAH03-01-04) microbiology and cell science,Quintile 2,All,All,100
2021,(CAH03) biological and sport sciences,(CAH03-01-04) microbiology and cell science,Quintile 2,All,All,80
2022,(CAH03) biological and sport sciences,(CAH03-01-04) microbiology and cell science,Quintile 2,All,All,85
2023,(CAH03) biological and sport sciences,(CAH03-01-04) microbiology and cell science,Quintile 2,All,All,90
2024,(CAH03) biological and sport sciences,(CAH03-01-04) microbiology and cell science,Quintile 2,All,All,80
2019,(CAH03) biological and sport sciences,(CAH03-01-05) plant sciences,Quintile 2,All,All,15
2020,(CAH03) biological and sport sciences,(CAH03-01-05) plant sciences,Quintile 2,All,All,10
2021,(CAH03) biological and sport sciences,(CAH03-01-05) plant sciences,Quintile 2,All,All,10
2022,(CAH03) biological and sport sciences,(CAH03-01-05) plant sciences,Quintile 2,All,All,10
2023,(CAH03) biological and sport sciences,(CAH03-01-05) plant sciences,Quintile 2,All,All,10
2024,(CAH03) biological and sport sciences,(CAH03-01-05) plant sciences,Quintile 2,All,All,10
2019,(CAH03) biological and sport sciences,(CAH03-01-06) zoology,Quintile 2,All,All,280
2020,(CAH03) biological and sport sciences,(CAH03-01-06) zoology,Quintile 2,All,All,280
2021,(CAH03) biological and sport sciences,(CAH03-01-06) zoology,Quintile 2,All,All,325
2022,(CAH03) biological and sport sciences,(CAH03-01-06) zoology,Quintile 2,All,All,305
2023,(CAH03) biological and sport sciences,(CAH03-01-06) zoology,Quintile 2,All,All,260
2024,(CAH03) biological and sport sciences,(CAH03-01-06) zoology,Quintile 2,All,All,295
2019,(CAH03) biological and sport sciences,(CAH03-01-09) hair and beauty sciences,Quintile 2,All,All,25
2020,(CAH03) biological and sport sciences,(CAH03-01-09) hair and beauty sciences,Quintile 2,All,All,20
2021,(CAH03) biological and sport sciences,(CAH03-01-09) hair and beauty sciences,Quintile 2,All,All,10
2022,(CAH03) biological and sport sciences,(CAH03-01-09) hair and beauty sciences,Quintile 2,All,All,5
2023,(CAH03) biological and sport sciences,(CAH03-01-09) hair and beauty sciences,Quintile 2,All,All,5
2024,(CAH03) biological and sport sciences,(CAH03-01-09) hair and beauty sciences,Quintile 2,All,All,5
2019,"(CAH13) architecture, building and planning",(CAH13-01-01) architecture,Quintile 2,All,All,590
2020,"(CAH13) architecture, building and planning",(CAH13-01-01) architecture,Quintile 2,All,All,620
2021,"(CAH13) architecture, building and planning",(CAH13-01-01) architecture,Quintile 2,All,All,680
2022,"(CAH13) architecture, building and planning",(CAH13-01-01) architecture,Quintile 2,All,All,680
2023,"(CAH13) architecture, building and planning",(CAH13-01-01) architecture,Quintile 2,All,All,645
2024,"(CAH13) architecture, building and planning",(CAH13-01-01) architecture,Quintile 2,All,All,735
2019,"(CAH13) architecture, building and planning",(CAH13-01-03) landscape design,Quintile 2,All,All,20
2020,"(CAH13) architecture, building and planning",(CAH13-01-03) landscape design,Quintile 2,All,All,25
2021,"(CAH13) architecture, building and planning",(CAH13-01-03) landscape design,Quintile 2,All,All,15
2022,"(CAH13) architecture, building and planning",(CAH13-01-03) landscape design,Quintile 2,All,All,20
2023,"(CAH13) architecture, building and planning",(CAH13-01-03) landscape design,Quintile 2,All,All,20
2024,"(CAH13) architecture, building and planning",(CAH13-01-03) landscape design,Quintile 2,All,All,20
2019,"(CAH13) architecture, building and planning",(CAH13-01-02) building,Quintile 2,All,All,440
2020,"(CAH13) architecture, building and planning",(CAH13-01-02) building,Quintile 2,All,All,470
2021,"(CAH13) architecture, building and planning",(CAH13-01-02) building,Quintile 2,All,All,455
2022,"(CAH13) architecture, building and planning",(CAH13-01-02) building,Quintile 2,All,All,945
2023,"(CAH13) architecture, building and planning",(CAH13-01-02) building,Quintile 2,All,All,960
2024,"(CAH13) architecture, building and planning",(CAH13-01-02) building,Quintile 2,All,All,1200
2019,"(CAH13) architecture, building and planning","(CAH13-01-04) planning (urban, rural and regional)",Quintile 2,All,All,120
2020,"(CAH13) architecture, building and planning","(CAH13-01-04) planning (urban, rural and regional)",Quintile 2,All,All,115
2021,"(CAH13) architecture, building and planning","(CAH13-01-04) planning (urban, rural and regional)",Quintile 2,All,All,115
2022,"(CAH13) architecture, building and planning","(CAH13-01-04) planning (urban, rural and regional)",Quintile 2,All,All,70
2023,"(CAH13) architecture, building and planning","(CAH13-01-04) planning (urban, rural and regional)",Quintile 2,All,All,85
2024,"(CAH13) architecture, building and planning","(CAH13-01-04) planning (urban, rural and regional)",Quintile 2,All,All,65
2019,(CAH01) medicine and dentistry,(CAH01-01-03) medicine by specialism,Quintile 2,All,All,35
2020,(CAH01) medicine and dentistry,(CAH01-01-03) medicine by specialism,Quintile 2,All,All,35
2021,(CAH01) medicine and dentistry,(CAH01-01-03) medicine by specialism,Quintile 2,All,All,40
2022,(CAH01) medicine and dentistry,(CAH01-01-03) medicine by specialism,Quintile 2,All,All,40
2023,(CAH01) medicine and dentistry,(CAH01-01-03) medicine by specialism,Quintile 2,All,All,30
2024,(CAH01) medicine and dentistry,(CAH01-01-03) medicine by specialism,Quintile 2,All,All,35
2019,(CAH01) medicine and dentistry,(CAH01-01-04) dentistry,Quintile 2,All,All,155
2020,(CAH01) medicine and dentistry,(CAH01-01-04) dentistry,Quintile 2,All,All,185
2021,(CAH01) medicine and dentistry,(CAH01-01-04) dentistry,Quintile 2,All,All,200
2022,(CAH01) medicine and dentistry,(CAH01-01-04) dentistry,Quintile 2,All,All,190
2023,(CAH01) medicine and dentistry,(CAH01-01-04) dentistry,Quintile 2,All,All,210
2024,(CAH01) medicine and dentistry,(CAH01-01-04) dentistry,Quintile 2,All,All,225
2019,(CAH01) medicine and dentistry,(CAH01-01-02) medicine (non-specific),Quintile 2,All,All,960
2020,(CAH01) medicine and dentistry,(CAH01-01-02) medicine (non-specific),Quintile 2,All,All,1110
2021,(CAH01) medicine and dentistry,(CAH01-01-02) medicine (non-specific),Quintile 2,All,All,1300
2022,(CAH01) medicine and dentistry,(CAH01-01-02) medicine (non-specific),Quintile 2,All,All,1045
2023,(CAH01) medicine and dentistry,(CAH01-01-02) medicine (non-specific),Quintile 2,All,All,1180
2024,(CAH01) medicine and dentistry,(CAH01-01-02) medicine (non-specific),Quintile 2,All,All,1265
2019,(CAH01) medicine and dentistry,(CAH01-01-01) medical sciences (non-specific),Quintile 2,All,All,50
2020,(CAH01) medicine and dentistry,(CAH01-01-01) medical sciences (non-specific),Quintile 2,All,All,65
2021,(CAH01) medicine and dentistry,(CAH01-01-01) medical sciences (non-specific),Quintile 2,All,All,55
2022,(CAH01) medicine and dentistry,(CAH01-01-01) medical sciences (non-specific),Quintile 2,All,All,60
2023,(CAH01) medicine and dentistry,(CAH01-01-01) medical sciences (non-specific),Quintile 2,All,All,60
2024,(CAH01) medicine and dentistry,(CAH01-01-01) medical sciences (non-specific),Quintile 2,All,All,75
2019,"(CAH20) historical, philosophical and religious studies",(CAH20-01-01) history,Quintile 2,All,All,1330
2020,"(CAH20) historical, philosophical and religious studies",(CAH20-01-01) history,Quintile 2,All,All,1220
2021,"(CAH20) historical, philosophical and religious studies",(CAH20-01-01) history,Quintile 2,All,All,1220
2022,"(CAH20) historical, philosophical and religious studies",(CAH20-01-01) history,Quintile 2,All,All,1170
2023,"(CAH20) historical, philosophical and religious studies",(CAH20-01-01) history,Quintile 2,All,All,1140
2024,"(CAH20) historical, philosophical and religious studies",(CAH20-01-01) history,Quintile 2,All,All,1115
2019,"(CAH20) historical, philosophical and religious studies",(CAH20-01-03) archaeology,Quintile 2,All,All,125
2020,"(CAH20) historical, philosophical and religious studies",(CAH20-01-03) archaeology,Quintile 2,All,All,110
2021,"(CAH20) historical, philosophical and religious studies",(CAH20-01-03) archaeology,Quintile 2,All,All,105
2022,"(CAH20) historical, philosophical and religious studies",(CAH20-01-03) archaeology,Quintile 2,All,All,140
2023,"(CAH20) historical, philosophical and religious studies",(CAH20-01-03) archaeology,Quintile 2,All,All,135
2024,"(CAH20) historical, philosophical and religious studies",(CAH20-01-03) archaeology,Quintile 2,All,All,135
2019,"(CAH20) historical, philosophical and religious studies",(CAH20-01-05) classics,Quintile 2,All,All,100
2020,"(CAH20) historical, philosophical and religious studies",(CAH20-01-05) classics,Quintile 2,All,All,105
2021,"(CAH20) historical, philosophical and religious studies",(CAH20-01-05) classics,Quintile 2,All,All,110
2022,"(CAH20) historical, philosophical and religious studies",(CAH20-01-05) classics,Quintile 2,All,All,130
2023,"(CAH20) historical, philosophical and religious studies",(CAH20-01-05) classics,Quintile 2,All,All,135
2024,"(CAH20) historical, philosophical and religious studies",(CAH20-01-05) classics,Quintile 2,All,All,160
2019,"(CAH20) historical, philosophical and religious studies","(CAH20-01-02) history of art, architecture and design",Quintile 2,All,All,65
2020,"(CAH20) historical, philosophical and religious studies","(CAH20-01-02) history of art, architecture and design",Quintile 2,All,All,70
2021,"(CAH20) historical, philosophical and religious studies","(CAH20-01-02) history of art, architecture and design",Quintile 2,All,All,75
2022,"(CAH20) historical, philosophical and religious studies","(CAH20-01-02) history of art, architecture and design",Quintile 2,All,All,85
2023,"(CAH20) historical, philosophical and religious studies","(CAH20-01-02) history of art, architecture and design",Quintile 2,All,All,90
2024,"(CAH20) historical, philosophical and religious studies","(CAH20-01-02) history of art, architecture and design",Quintile 2,All,All,80
2019,"(CAH20) historical, philosophical and religious studies",(CAH20-02-01) philosophy,Quintile 2,All,All,330
2020,"(CAH20) historical, philosophical and religious studies",(CAH20-02-01) philosophy,Quintile 2,All,All,325
2021,"(CAH20) historical, philosophical and religious studies",(CAH20-02-01) philosophy,Quintile 2,All,All,330
2022,"(CAH20) historical, philosophical and religious studies",(CAH20-02-01) philosophy,Quintile 2,All,All,320
2023,"(CAH20) historical, philosophical and religious studies",(CAH20-02-01) philosophy,Quintile 2,All,All,345
2024,"(CAH20) historical, philosophical and religious studies",(CAH20-02-01) philosophy,Quintile 2,All,All,325
2019,"(CAH20) historical, philosophical and religious studies",(CAH20-02-02) theology and religious studies,Quintile 2,All,All,130
2020,"(CAH20) historical, philosophical and religious studies",(CAH20-02-02) theology and religious studies,Quintile 2,All,All,130
2021,"(CAH20) historical, philosophical and religious studies",(CAH20-02-02) theology and religious studies,Quintile 2,All,All,105
2022,"(CAH20) historical, philosophical and religious studies",(CAH20-02-02) theology and religious studies,Quintile 2,All,All,110
2023,"(CAH20) historical, philosophical and religious studies",(CAH20-02-02) theology and religious studies,Quintile 2,All,All,100
2024,"(CAH20) historical, philosophical and religious studies",(CAH20-02-02) theology and religious studies,Quintile 2,All,All,95
2019,"(CAH20) historical, philosophical and religious studies",(CAH20-01-04) heritage studies,Quintile 2,All,All,5
2020,"(CAH20) historical, philosophical and religious studies",(CAH20-01-04) heritage studies,Quintile 2,All,All,5
2021,"(CAH20) historical, philosophical and religious studies",(CAH20-01-04) heritage studies,Quintile 2,All,All,10
2022,"(CAH20) historical, philosophical and religious studies",(CAH20-01-04) heritage studies,Quintile 2,All,All,10
2023,"(CAH20) historical, philosophical and religious studies",(CAH20-01-04) heritage studies,Quintile 2,All,All,10
2024,"(CAH20) historical, philosophical and religious studies",(CAH20-01-04) heritage studies,Quintile 2,All,All,15
2019,(CAH11) computing,(CAH11-01-08) others in computing,Quintile 2,All,All,240
2020,(CAH11) computing,(CAH11-01-08) others in computing,Quintile 2,All,All,270
2021,(CAH11) computing,(CAH11-01-08) others in computing,Quintile 2,All,All,205
2022,(CAH11) computing,(CAH11-01-08) others in computing,Quintile 2,All,All,195
2023,(CAH11) computing,(CAH11-01-08) others in computing,Quintile 2,All,All,210
2024,(CAH11) computing,(CAH11-01-08) others in computing,Quintile 2,All,All,260
2019,(CAH11) computing,(CAH11-01-05) artificial intelligence,Quintile 2,All,All,40
2020,(CAH11) computing,(CAH11-01-05) artificial intelligence,Quintile 2,All,All,50
2021,(CAH11) computing,(CAH11-01-05) artificial intelligence,Quintile 2,All,All,60
2022,(CAH11) computing,(CAH11-01-05) artificial intelligence,Quintile 2,All,All,75
2023,(CAH11) computing,(CAH11-01-05) artificial intelligence,Quintile 2,All,All,100
2024,(CAH11) computing,(CAH11-01-05) artificial intelligence,Quintile 2,All,All,120
2019,(CAH11) computing,(CAH11-01-07) business computing,Quintile 2,All,All,190
2020,(CAH11) computing,(CAH11-01-07) business computing,Quintile 2,All,All,185
2021,(CAH11) computing,(CAH11-01-07) business computing,Quintile 2,All,All,160
2022,(CAH11) computing,(CAH11-01-07) business computing,Quintile 2,All,All,180
2023,(CAH11) computing,(CAH11-01-07) business computing,Quintile 2,All,All,135
2024,(CAH11) computing,(CAH11-01-07) business computing,Quintile 2,All,All,145
2019,(CAH11) computing,(CAH11-01-06) computer games and animation,Quintile 2,All,All,1005
2020,(CAH11) computing,(CAH11-01-06) computer games and animation,Quintile 2,All,All,1020
2021,(CAH11) computing,(CAH11-01-06) computer games and animation,Quintile 2,All,All,1015
2022,(CAH11) computing,(CAH11-01-06) computer games and animation,Quintile 2,All,All,1095
2023,(CAH11) computing,(CAH11-01-06) computer games and animation,Quintile 2,All,All,1140
2024,(CAH11) computing,(CAH11-01-06) computer games and animation,Quintile 2,All,All,1075
2019,(CAH11) computing,(CAH11-01-01) computer science,Quintile 2,All,All,2055
2020,(CAH11) computing,(CAH11-01-01) computer science,Quintile 2,All,All,2245
2021,(CAH11) computing,(CAH11-01-01) computer science,Quintile 2,All,All,2150
2022,(CAH11) computing,(CAH11-01-01) computer science,Quintile 2,All,All,2310
2023,(CAH11) computing,(CAH11-01-01) computer science,Quintile 2,All,All,2545
2024,(CAH11) computing,(CAH11-01-01) computer science,Quintile 2,All,All,2805
2019,(CAH11) computing,(CAH11-01-02) information technology,Quintile 2,All,All,220
2020,(CAH11) computing,(CAH11-01-02) information technology,Quintile 2,All,All,215
2021,(CAH11) computing,(CAH11-01-02) information technology,Quintile 2,All,All,185
2022,(CAH11) computing,(CAH11-01-02) information technology,Quintile 2,All,All,200
2023,(CAH11) computing,(CAH11-01-02) information technology,Quintile 2,All,All,165
2024,(CAH11) computing,(CAH11-01-02) information technology,Quintile 2,All,All,135
2019,(CAH11) computing,(CAH11-01-03) information systems,Quintile 2,All,All,100
2020,(CAH11) computing,(CAH11-01-03) information systems,Quintile 2,All,All,110
2021,(CAH11) computing,(CAH11-01-03) information systems,Quintile 2,All,All,105
2022,(CAH11) computing,(CAH11-01-03) information systems,Quintile 2,All,All,110
2023,(CAH11) computing,(CAH11-01-03) information systems,Quintile 2,All,All,105
2024,(CAH11) computing,(CAH11-01-03) information systems,Quintile 2,All,All,100
2019,(CAH11) computing,(CAH11-01-04) software engineering,Quintile 2,All,All,570
2020,(CAH11) computing,(CAH11-01-04) software engineering,Quintile 2,All,All,650
2021,(CAH11) computing,(CAH11-01-04) software engineering,Quintile 2,All,All,700
2022,(CAH11) computing,(CAH11-01-04) software engineering,Quintile 2,All,All,815
2023,(CAH11) computing,(CAH11-01-04) software engineering,Quintile 2,All,All,885
2024,(CAH11) computing,(CAH11-01-04) software engineering,Quintile 2,All,All,1035
2019,"(CAH26) geography, earth and environmental studies",(CAH26-01-06) earth sciences,Quintile 2,All,All,200
2020,"(CAH26) geography, earth and environmental studies",(CAH26-01-06) earth sciences,Quintile 2,All,All,180
2021,"(CAH26) geography, earth and environmental studies",(CAH26-01-06) earth sciences,Quintile 2,All,All,205
2022,"(CAH26) geography, earth and environmental studies",(CAH26-01-06) earth sciences,Quintile 2,All,All,210
2023,"(CAH26) geography, earth and environmental studies",(CAH26-01-06) earth sciences,Quintile 2,All,All,210
2024,"(CAH26) geography, earth and environmental studies",(CAH26-01-06) earth sciences,Quintile 2,All,All,205
2019,"(CAH26) geography, earth and environmental studies",(CAH26-01-04) environmental sciences,Quintile 2,All,All,150
2020,"(CAH26) geography, earth and environmental studies",(CAH26-01-04) environmental sciences,Quintile 2,All,All,155
2021,"(CAH26) geography, earth and environmental studies",(CAH26-01-04) environmental sciences,Quintile 2,All,All,170
2022,"(CAH26) geography, earth and environmental studies",(CAH26-01-04) environmental sciences,Quintile 2,All,All,170
2023,"(CAH26) geography, earth and environmental studies",(CAH26-01-04) environmental sciences,Quintile 2,All,All,165
2024,"(CAH26) geography, earth and environmental studies",(CAH26-01-04) environmental sciences,Quintile 2,All,All,160
2019,"(CAH26) geography, earth and environmental studies",(CAH26-01-02) physical geographical sciences,Quintile 2,All,All,265
2020,"(CAH26) geography, earth and environmental studies",(CAH26-01-02) physical geographical sciences,Quintile 2,All,All,240
2021,"(CAH26) geography, earth and environmental studies",(CAH26-01-02) physical geographical sciences,Quintile 2,All,All,275
2022,"(CAH26) geography, earth and environmental studies",(CAH26-01-02) physical geographical sciences,Quintile 2,All,All,255
2023,"(CAH26) geography, earth and environmental studies",(CAH26-01-02) physical geographical sciences,Quintile 2,All,All,265
2024,"(CAH26) geography, earth and environmental studies",(CAH26-01-02) physical geographical sciences,Quintile 2,All,All,245
2019,"(CAH26) geography, earth and environmental studies",(CAH26-01-01) geography (non-specific),Quintile 2,All,All,135
2020,"(CAH26) geography, earth and environmental studies",(CAH26-01-01) geography (non-specific),Quintile 2,All,All,140
2021,"(CAH26) geography, earth and environmental studies",(CAH26-01-01) geography (non-specific),Quintile 2,All,All,120
2022,"(CAH26) geography, earth and environmental studies",(CAH26-01-01) geography (non-specific),Quintile 2,All,All,115
2023,"(CAH26) geography, earth and environmental studies",(CAH26-01-01) geography (non-specific),Quintile 2,All,All,145
2024,"(CAH26) geography, earth and environmental studies",(CAH26-01-01) geography (non-specific),Quintile 2,All,All,115
2019,"(CAH26) geography, earth and environmental studies",(CAH26-01-03) human geography,Quintile 2,All,All,315
2020,"(CAH26) geography, earth and environmental studies",(CAH26-01-03) human geography,Quintile 2,All,All,255
2021,"(CAH26) geography, earth and environmental studies",(CAH26-01-03) human geography,Quintile 2,All,All,250
2022,"(CAH26) geography, earth and environmental studies",(CAH26-01-03) human geography,Quintile 2,All,All,240
2023,"(CAH26) geography, earth and environmental studies",(CAH26-01-03) human geography,Quintile 2,All,All,280
2024,"(CAH26) geography, earth and environmental studies",(CAH26-01-03) human geography,Quintile 2,All,All,265
2019,(CAH07) physical sciences,(CAH07-04-02) forensic and archaeological sciences,Quintile 2,All,All,485
2020,(CAH07) physical sciences,(CAH07-04-02) forensic and archaeological sciences,Quintile 2,All,All,490
2021,(CAH07) physical sciences,(CAH07-04-02) forensic and archaeological sciences,Quintile 2,All,All,520
2022,(CAH07) physical sciences,(CAH07-04-02) forensic and archaeological sciences,Quintile 2,All,All,495
2023,(CAH07) physical sciences,(CAH07-04-02) forensic and archaeological sciences,Quintile 2,All,All,500
2024,(CAH07) physical sciences,(CAH07-04-02) forensic and archaeological sciences,Quintile 2,All,All,485
2019,(CAH07) physical sciences,(CAH07-04-03) sciences (non-specific),Quintile 2,All,All,100
2020,(CAH07) physical sciences,(CAH07-04-03) sciences (non-specific),Quintile 2,All,All,105
2021,(CAH07) physical sciences,(CAH07-04-03) sciences (non-specific),Quintile 2,All,All,95
2022,(CAH07) physical sciences,(CAH07-04-03) sciences (non-specific),Quintile 2,All,All,155
2023,(CAH07) physical sciences,(CAH07-04-03) sciences (non-specific),Quintile 2,All,All,215
2024,(CAH07) physical sciences,(CAH07-04-03) sciences (non-specific),Quintile 2,All,All,205
2019,(CAH07) physical sciences,(CAH07-04-04) natural sciences (non-specific),Quintile 2,All,All,60
2020,(CAH07) physical sciences,(CAH07-04-04) natural sciences (non-specific),Quintile 2,All,All,50
2021,(CAH07) physical sciences,(CAH07-04-04) natural sciences (non-specific),Quintile 2,All,All,70
2022,(CAH07) physical sciences,(CAH07-04-04) natural sciences (non-specific),Quintile 2,All,All,60
2023,(CAH07) physical sciences,(CAH07-04-04) natural sciences (non-specific),Quintile 2,All,All,40
2024,(CAH07) physical sciences,(CAH07-04-04) natural sciences (non-specific),Quintile 2,All,All,50
2019,(CAH07) physical sciences,(CAH07-02-01) chemistry,Quintile 2,All,All,660
2020,(CAH07) physical sciences,(CAH07-02-01) chemistry,Quintile 2,All,All,650
2021,(CAH07) physical sciences,(CAH07-02-01) chemistry,Quintile 2,All,All,605
2022,(CAH07) physical sciences,(CAH07-02-01) chemistry,Quintile 2,All,All,550
2023,(CAH07) physical sciences,(CAH07-02-01) chemistry,Quintile 2,All,All,620
2024,(CAH07) physical sciences,(CAH07-02-01) chemistry,Quintile 2,All,All,590
2019,(CAH07) physical sciences,(CAH07-01-02) astronomy,Quintile 2,All,All,75
2020,(CAH07) physical sciences,(CAH07-01-02) astronomy,Quintile 2,All,All,90
2021,(CAH07) physical sciences,(CAH07-01-02) astronomy,Quintile 2,All,All,105
2022,(CAH07) physical sciences,(CAH07-01-02) astronomy,Quintile 2,All,All,100
2023,(CAH07) physical sciences,(CAH07-01-02) astronomy,Quintile 2,All,All,95
2024,(CAH07) physical sciences,(CAH07-01-02) astronomy,Quintile 2,All,All,105
2019,(CAH07) physical sciences,(CAH07-01-01) physics,Quintile 2,All,All,510
2020,(CAH07) physical sciences,(CAH07-01-01) physics,Quintile 2,All,All,565
2021,(CAH07) physical sciences,(CAH07-01-01) physics,Quintile 2,All,All,575
2022,(CAH07) physical sciences,(CAH07-01-01) physics,Quintile 2,All,All,490
2023,(CAH07) physical sciences,(CAH07-01-01) physics,Quintile 2,All,All,520
2024,(CAH07) physical sciences,(CAH07-01-01) physics,Quintile 2,All,All,530
2019,(CAH07) physical sciences,(CAH07-04-01) physical sciences (non-specific),Quintile 2,All,All,20
2020,(CAH07) physical sciences,(CAH07-04-01) physical sciences (non-specific),Quintile 2,All,All,5
2021,(CAH07) physical sciences,(CAH07-04-01) physical sciences (non-specific),Quintile 2,All,All,5
2022,(CAH07) physical sciences,(CAH07-04-01) physical sciences (non-specific),Quintile 2,All,All,10
2023,(CAH07) physical sciences,(CAH07-04-01) physical sciences (non-specific),Quintile 2,All,All,5
2024,(CAH07) physical sciences,(CAH07-04-01) physical sciences (non-specific),Quintile 2,All,All,10
2019,(CAH04) psychology,(CAH04-01-02) applied psychology,Quintile 2,All,All,475
2020,(CAH04) psychology,(CAH04-01-02) applied psychology,Quintile 2,All,All,545
2021,(CAH04) psychology,(CAH04-01-02) applied psychology,Quintile 2,All,All,530
2022,(CAH04) psychology,(CAH04-01-02) applied psychology,Quintile 2,All,All,510
2023,(CAH04) psychology,(CAH04-01-02) applied psychology,Quintile 2,All,All,505
2024,(CAH04) psychology,(CAH04-01-02) applied psychology,Quintile 2,All,All,515
2019,(CAH04) psychology,(CAH04-01-04) psychology and health,Quintile 2,All,All,35
2020,(CAH04) psychology,(CAH04-01-04) psychology and health,Quintile 2,All,All,55
2021,(CAH04) psychology,(CAH04-01-04) psychology and health,Quintile 2,All,All,65
2022,(CAH04) psychology,(CAH04-01-04) psychology and health,Quintile 2,All,All,50
2023,(CAH04) psychology,(CAH04-01-04) psychology and health,Quintile 2,All,All,45
2024,(CAH04) psychology,(CAH04-01-04) psychology and health,Quintile 2,All,All,45
2019,(CAH04) psychology,(CAH04-01-03) developmental psychology,Quintile 2,All,All,80
2020,(CAH04) psychology,(CAH04-01-03) developmental psychology,Quintile 2,All,All,85
2021,(CAH04) psychology,(CAH04-01-03) developmental psychology,Quintile 2,All,All,105
2022,(CAH04) psychology,(CAH04-01-03) developmental psychology,Quintile 2,All,All,85
2023,(CAH04) psychology,(CAH04-01-03) developmental psychology,Quintile 2,All,All,85
2024,(CAH04) psychology,(CAH04-01-03) developmental psychology,Quintile 2,All,All,80
2019,(CAH04) psychology,(CAH04-01-01) psychology (non-specific),Quintile 2,All,All,3225
2020,(CAH04) psychology,(CAH04-01-01) psychology (non-specific),Quintile 2,All,All,3515
2021,(CAH04) psychology,(CAH04-01-01) psychology (non-specific),Quintile 2,All,All,3425
2022,(CAH04) psychology,(CAH04-01-01) psychology (non-specific),Quintile 2,All,All,3535
2023,(CAH04) psychology,(CAH04-01-01) psychology (non-specific),Quintile 2,All,All,3355
2024,(CAH04) psychology,(CAH04-01-01) psychology (non-specific),Quintile 2,All,All,3180
2019,(CAH04) psychology,(CAH04-01-05) others in psychology,Quintile 2,All,All,70
2020,(CAH04) psychology,(CAH04-01-05) others in psychology,Quintile 2,All,All,60
2021,(CAH04) psychology,(CAH04-01-05) others in psychology,Quintile 2,All,All,60
2022,(CAH04) psychology,(CAH04-01-05) others in psychology,Quintile 2,All,All,60
2023,(CAH04) psychology,(CAH04-01-05) others in psychology,Quintile 2,All,All,55
2024,(CAH04) psychology,(CAH04-01-05) others in psychology,Quintile 2,All,All,45
2019,(CAH09) mathematical sciences,(CAH09-01-01) mathematics,Quintile 2,All,All,925
2020,(CAH09) mathematical sciences,(CAH09-01-01) mathematics,Quintile 2,All,All,920
2021,(CAH09) mathematical sciences,(CAH09-01-01) mathematics,Quintile 2,All,All,975
2022,(CAH09) mathematical sciences,(CAH09-01-01) mathematics,Quintile 2,All,All,855
2023,(CAH09) mathematical sciences,(CAH09-01-01) mathematics,Quintile 2,All,All,845
2024,(CAH09) mathematical sciences,(CAH09-01-01) mathematics,Quintile 2,All,All,850
2019,(CAH09) mathematical sciences,(CAH09-01-02) operational research,Quintile 2,All,All,5
2020,(CAH09) mathematical sciences,(CAH09-01-02) operational research,Quintile 2,All,All,5
2021,(CAH09) mathematical sciences,(CAH09-01-02) operational research,Quintile 2,All,All,10
2022,(CAH09) mathematical sciences,(CAH09-01-02) operational research,Quintile 2,All,All,5
2023,(CAH09) mathematical sciences,(CAH09-01-02) operational research,Quintile 2,All,All,5
2024,(CAH09) mathematical sciences,(CAH09-01-02) operational research,Quintile 2,All,All,5
2019,(CAH09) mathematical sciences,(CAH09-01-03) statistics,Quintile 2,All,All,20
2020,(CAH09) mathematical sciences,(CAH09-01-03) statistics,Quintile 2,All,All,25
2021,(CAH09) mathematical sciences,(CAH09-01-03) statistics,Quintile 2,All,All,35
2022,(CAH09) mathematical sciences,(CAH09-01-03) statistics,Quintile 2,All,All,35
2023,(CAH09) mathematical sciences,(CAH09-01-03) statistics,Quintile 2,All,All,30
2024,(CAH09) mathematical sciences,(CAH09-01-03) statistics,Quintile 2,All,All,35
2019,(CAH22) education and teaching,(CAH22-01-01) education,Quintile 2,All,All,1435
2020,(CAH22) education and teaching,(CAH22-01-01) education,Quintile 2,All,All,1380
2021,(CAH22) education and teaching,(CAH22-01-01) education,Quintile 2,All,All,1275
2022,(CAH22) education and teaching,(CAH22-01-01) education,Quintile 2,All,All,1285
2023,(CAH22) education and teaching,(CAH22-01-01) education,Quintile 2,All,All,1095
2024,(CAH22) education and teaching,(CAH22-01-01) education,Quintile 2,All,All,1095
2019,(CAH22) education and teaching,(CAH22-01-02) teacher training,Quintile 2,All,All,1525
2020,(CAH22) education and teaching,(CAH22-01-02) teacher training,Quintile 2,All,All,1810
2021,(CAH22) education and teaching,(CAH22-01-02) teacher training,Quintile 2,All,All,1735
2022,(CAH22) education and teaching,(CAH22-01-02) teacher training,Quintile 2,All,All,1765
2023,(CAH22) education and teaching,(CAH22-01-02) teacher training,Quintile 2,All,All,1635
2024,(CAH22) education and teaching,(CAH22-01-02) teacher training,Quintile 2,All,All,1615
2019,"(CAH06) agriculture, food and related studies",(CAH06-01-04) rural estate management,Quintile 2,All,All,20
2020,"(CAH06) agriculture, food and related studies",(CAH06-01-04) rural estate management,Quintile 2,All,All,20
2021,"(CAH06) agriculture, food and related studies",(CAH06-01-04) rural estate management,Quintile 2,All,All,15
2022,"(CAH06) agriculture, food and related studies",(CAH06-01-04) rural estate management,Quintile 2,All,All,20
2023,"(CAH06) agriculture, food and related studies",(CAH06-01-04) rural estate management,Quintile 2,All,All,10
2024,"(CAH06) agriculture, food and related studies",(CAH06-01-04) rural estate management,Quintile 2,All,All,10
2019,"(CAH06) agriculture, food and related studies",(CAH06-01-02) agricultural sciences,Quintile 2,All,All,15
2020,"(CAH06) agriculture, food and related studies",(CAH06-01-02) agricultural sciences,Quintile 2,All,All,10
2021,"(CAH06) agriculture, food and related studies",(CAH06-01-02) agricultural sciences,Quintile 2,All,All,5
2022,"(CAH06) agriculture, food and related studies",(CAH06-01-02) agricultural sciences,Quintile 2,All,All,5
2023,"(CAH06) agriculture, food and related studies",(CAH06-01-02) agricultural sciences,Quintile 2,All,All,5
2024,"(CAH06) agriculture, food and related studies",(CAH06-01-02) agricultural sciences,Quintile 2,All,All,10
2019,"(CAH06) agriculture, food and related studies",(CAH06-01-03) agriculture,Quintile 2,All,All,265
2020,"(CAH06) agriculture, food and related studies",(CAH06-01-03) agriculture,Quintile 2,All,All,305
2021,"(CAH06) agriculture, food and related studies",(CAH06-01-03) agriculture,Quintile 2,All,All,290
2022,"(CAH06) agriculture, food and related studies",(CAH06-01-03) agriculture,Quintile 2,All,All,260
2023,"(CAH06) agriculture, food and related studies",(CAH06-01-03) agriculture,Quintile 2,All,All,235
2024,"(CAH06) agriculture, food and related studies",(CAH06-01-03) agriculture,Quintile 2,All,All,240
2019,"(CAH06) agriculture, food and related studies",(CAH06-01-01) animal science,Quintile 2,All,All,440
2020,"(CAH06) agriculture, food and related studies",(CAH06-01-01) animal science,Quintile 2,All,All,415
2021,"(CAH06) agriculture, food and related studies",(CAH06-01-01) animal science,Quintile 2,All,All,415
2022,"(CAH06) agriculture, food and related studies",(CAH06-01-01) animal science,Quintile 2,All,All,390
2023,"(CAH06) agriculture, food and related studies",(CAH06-01-01) animal science,Quintile 2,All,All,330
2024,"(CAH06) agriculture, food and related studies",(CAH06-01-01) animal science,Quintile 2,All,All,335
2019,"(CAH06) agriculture, food and related studies",(CAH06-01-05) forestry and arboriculture,Quintile 2,All,All,10
2020,"(CAH06) agriculture, food and related studies",(CAH06-01-05) forestry and arboriculture,Quintile 2,All,All,15
2021,"(CAH06) agriculture, food and related studies",(CAH06-01-05) forestry and arboriculture,Quintile 2,All,All,15
2022,"(CAH06) agriculture, food and related studies",(CAH06-01-05) forestry and arboriculture,Quintile 2,All,All,15
2023,"(CAH06) agriculture, food and related studies",(CAH06-01-05) forestry and arboriculture,Quintile 2,All,All,10
2024,"(CAH06) agriculture, food and related studies",(CAH06-01-05) forestry and arboriculture,Quintile 2,All,All,10
2019,"(CAH06) agriculture, food and related studies",(CAH06-01-08) food and beverage production,Quintile 2,All,All,50
2020,"(CAH06) agriculture, food and related studies",(CAH06-01-08) food and beverage production,Quintile 2,All,All,20
2021,"(CAH06) agriculture, food and related studies",(CAH06-01-08) food and beverage production,Quintile 2,All,All,45
2022,"(CAH06) agriculture, food and related studies",(CAH06-01-08) food and beverage production,Quintile 2,All,All,30
2023,"(CAH06) agriculture, food and related studies",(CAH06-01-08) food and beverage production,Quintile 2,All,All,20
2024,"(CAH06) agriculture, food and related studies",(CAH06-01-08) food and beverage production,Quintile 2,All,All,25
2019,"(CAH06) agriculture, food and related studies",(CAH06-01-07) food sciences,Quintile 2,All,All,30
2020,"(CAH06) agriculture, food and related studies",(CAH06-01-07) food sciences,Quintile 2,All,All,60
2021,"(CAH06) agriculture, food and related studies",(CAH06-01-07) food sciences,Quintile 2,All,All,50
2022,"(CAH06) agriculture, food and related studies",(CAH06-01-07) food sciences,Quintile 2,All,All,50
2023,"(CAH06) agriculture, food and related studies",(CAH06-01-07) food sciences,Quintile 2,All,All,40
2024,"(CAH06) agriculture, food and related studies",(CAH06-01-07) food sciences,Quintile 2,All,All,35
2019,"(CAH06) agriculture, food and related studies",(CAH06-01-06) food and beverage studies (non-specific),Quintile 2,All,All,20
2020,"(CAH06) agriculture, food and related studies",(CAH06-01-06) food and beverage studies (non-specific),Quintile 2,All,All,15
2021,"(CAH06) agriculture, food and related studies",(CAH06-01-06) food and beverage studies (non-specific),Quintile 2,All,All,15
2022,"(CAH06) agriculture, food and related studies",(CAH06-01-06) food and beverage studies (non-specific),Quintile 2,All,All,15
2023,"(CAH06) agriculture, food and related studies",(CAH06-01-06) food and beverage studies (non-specific),Quintile 2,All,All,10
2024,"(CAH06) agriculture, food and related studies",(CAH06-01-06) food and beverage studies (non-specific),Quintile 2,All,All,15
2019,(CAH16) law,(CAH16-01-01) law,Quintile 2,All,All,3580
2020,(CAH16) law,(CAH16-01-01) law,Quintile 2,All,All,3805
2021,(CAH16) law,(CAH16-01-01) law,Quintile 2,All,All,3940
2022,(CAH16) law,(CAH16-01-01) law,Quintile 2,All,All,4030
2023,(CAH16) law,(CAH16-01-01) law,Quintile 2,All,All,4145
2024,(CAH16) law,(CAH16-01-01) law,Quintile 2,All,All,4275
2019,(CAH05) veterinary sciences,(CAH05-01-01) veterinary medicine and dentistry,Quintile 2,All,All,135
2020,(CAH05) veterinary sciences,(CAH05-01-01) veterinary medicine and dentistry,Quintile 2,All,All,160
2021,(CAH05) veterinary sciences,(CAH05-01-01) veterinary medicine and dentistry,Quintile 2,All,All,140
2022,(CAH05) veterinary sciences,(CAH05-01-01) veterinary medicine and dentistry,Quintile 2,All,All,135
2023,(CAH05) veterinary sciences,(CAH05-01-01) veterinary medicine and dentistry,Quintile 2,All,All,165
2024,(CAH05) veterinary sciences,(CAH05-01-01) veterinary medicine and dentistry,Quintile 2,All,All,170
2019,(CAH05) veterinary sciences,(CAH05-01-02) others in veterinary sciences,Quintile 2,All,All,135
2020,(CAH05) veterinary sciences,(CAH05-01-02) others in veterinary sciences,Quintile 2,All,All,140
2021,(CAH05) veterinary sciences,(CAH05-01-02) others in veterinary sciences,Quintile 2,All,All,150
2022,(CAH05) veterinary sciences,(CAH05-01-02) others in veterinary sciences,Quintile 2,All,All,160
2023,(CAH05) veterinary sciences,(CAH05-01-02) others in veterinary sciences,Quintile 2,All,All,110
2024,(CAH05) veterinary sciences,(CAH05-01-02) others in veterinary sciences,Quintile 2,All,All,155
2019,"(CAH25) design, and creative and performing arts",(CAH25-01-03) design studies,Quintile 3,All,All,3075
2020,"(CAH25) design, and creative and performing arts",(CAH25-01-03) design studies,Quintile 3,All,All,3100
2021,"(CAH25) design, and creative and performing arts",(CAH25-01-03) design studies,Quintile 3,All,All,2895
2022,"(CAH25) design, and creative and performing arts",(CAH25-01-03) design studies,Quintile 3,All,All,3000
2023,"(CAH25) design, and creative and performing arts",(CAH25-01-03) design studies,Quintile 3,All,All,2790
2024,"(CAH25) design, and creative and performing arts",(CAH25-01-03) design studies,Quintile 3,All,All,2890
2019,"(CAH25) design, and creative and performing arts",(CAH25-02-02) music,Quintile 3,All,All,1555
2020,"(CAH25) design, and creative and performing arts",(CAH25-02-02) music,Quintile 3,All,All,1670
2021,"(CAH25) design, and creative and performing arts",(CAH25-02-02) music,Quintile 3,All,All,1655
2022,"(CAH25) design, and creative and performing arts",(CAH25-02-02) music,Quintile 3,All,All,1690
2023,"(CAH25) design, and creative and performing arts",(CAH25-02-02) music,Quintile 3,All,All,1580
2024,"(CAH25) design, and creative and performing arts",(CAH25-02-02) music,Quintile 3,All,All,1530
2019,"(CAH25) design, and creative and performing arts",(CAH25-01-04) cinematics and photography,Quintile 3,All,All,1750
2020,"(CAH25) design, and creative and performing arts",(CAH25-01-04) cinematics and photography,Quintile 3,All,All,1800
2021,"(CAH25) design, and creative and performing arts",(CAH25-01-04) cinematics and photography,Quintile 3,All,All,1795
2022,"(CAH25) design, and creative and performing arts",(CAH25-01-04) cinematics and photography,Quintile 3,All,All,1750
2023,"(CAH25) design, and creative and performing arts",(CAH25-01-04) cinematics and photography,Quintile 3,All,All,1640
2024,"(CAH25) design, and creative and performing arts",(CAH25-01-04) cinematics and photography,Quintile 3,All,All,1620
2019,"(CAH25) design, and creative and performing arts",(CAH25-01-02) art,Quintile 3,All,All,760
2020,"(CAH25) design, and creative and performing arts",(CAH25-01-02) art,Quintile 3,All,All,735
2021,"(CAH25) design, and creative and performing arts",(CAH25-01-02) art,Quintile 3,All,All,725
2022,"(CAH25) design, and creative and performing arts",(CAH25-01-02) art,Quintile 3,All,All,780
2023,"(CAH25) design, and creative and performing arts",(CAH25-01-02) art,Quintile 3,All,All,710
2024,"(CAH25) design, and creative and performing arts",(CAH25-01-02) art,Quintile 3,All,All,710
2019,"(CAH25) design, and creative and performing arts",(CAH25-02-03) drama,Quintile 3,All,All,1045
2020,"(CAH25) design, and creative and performing arts",(CAH25-02-03) drama,Quintile 3,All,All,1035
2021,"(CAH25) design, and creative and performing arts",(CAH25-02-03) drama,Quintile 3,All,All,1085
2022,"(CAH25) design, and creative and performing arts",(CAH25-02-03) drama,Quintile 3,All,All,1015
2023,"(CAH25) design, and creative and performing arts",(CAH25-02-03) drama,Quintile 3,All,All,970
2024,"(CAH25) design, and creative and performing arts",(CAH25-02-03) drama,Quintile 3,All,All,1030
2019,"(CAH25) design, and creative and performing arts",(CAH25-02-04) dance,Quintile 3,All,All,205
2020,"(CAH25) design, and creative and performing arts",(CAH25-02-04) dance,Quintile 3,All,All,195
2021,"(CAH25) design, and creative and performing arts",(CAH25-02-04) dance,Quintile 3,All,All,235
2022,"(CAH25) design, and creative and performing arts",(CAH25-02-04) dance,Quintile 3,All,All,225
2023,"(CAH25) design, and creative and performing arts",(CAH25-02-04) dance,Quintile 3,All,All,235
2024,"(CAH25) design, and creative and performing arts",(CAH25-02-04) dance,Quintile 3,All,All,215
2019,"(CAH25) design, and creative and performing arts",(CAH25-02-01) performing arts (non-specific),Quintile 3,All,All,145
2020,"(CAH25) design, and creative and performing arts",(CAH25-02-01) performing arts (non-specific),Quintile 3,All,All,120
2021,"(CAH25) design, and creative and performing arts",(CAH25-02-01) performing arts (non-specific),Quintile 3,All,All,110
2022,"(CAH25) design, and creative and performing arts",(CAH25-02-01) performing arts (non-specific),Quintile 3,All,All,85
2023,"(CAH25) design, and creative and performing arts",(CAH25-02-01) performing arts (non-specific),Quintile 3,All,All,80
2024,"(CAH25) design, and creative and performing arts",(CAH25-02-01) performing arts (non-specific),Quintile 3,All,All,75
2019,"(CAH25) design, and creative and performing arts",(CAH25-01-05) others in creative arts and design,Quintile 3,All,All,195
2020,"(CAH25) design, and creative and performing arts",(CAH25-01-05) others in creative arts and design,Quintile 3,All,All,220
2021,"(CAH25) design, and creative and performing arts",(CAH25-01-05) others in creative arts and design,Quintile 3,All,All,200
2022,"(CAH25) design, and creative and performing arts",(CAH25-01-05) others in creative arts and design,Quintile 3,All,All,170
2023,"(CAH25) design, and creative and performing arts",(CAH25-01-05) others in creative arts and design,Quintile 3,All,All,155
2024,"(CAH25) design, and creative and performing arts",(CAH25-01-05) others in creative arts and design,Quintile 3,All,All,140
2019,"(CAH25) design, and creative and performing arts",(CAH25-01-01) creative arts and design (non-specific),Quintile 3,All,All,125
2020,"(CAH25) design, and creative and performing arts",(CAH25-01-01) creative arts and design (non-specific),Quintile 3,All,All,160
2021,"(CAH25) design, and creative and performing arts",(CAH25-01-01) creative arts and design (non-specific),Quintile 3,All,All,145
2022,"(CAH25) design, and creative and performing arts",(CAH25-01-01) creative arts and design (non-specific),Quintile 3,All,All,150
2023,"(CAH25) design, and creative and performing arts",(CAH25-01-01) creative arts and design (non-specific),Quintile 3,All,All,140
2024,"(CAH25) design, and creative and performing arts",(CAH25-01-01) creative arts and design (non-specific),Quintile 3,All,All,170
2019,(CAH10) engineering and technology,"(CAH10-01-06) bioengineering, medical and biomedical engineering",Quintile 3,All,All,165
2020,(CAH10) engineering and technology,"(CAH10-01-06) bioengineering, medical and biomedical engineering",Quintile 3,All,All,155
2021,(CAH10) engineering and technology,"(CAH10-01-06) bioengineering, medical and biomedical engineering",Quintile 3,All,All,190
2022,(CAH10) engineering and technology,"(CAH10-01-06) bioengineering, medical and biomedical engineering",Quintile 3,All,All,210
2023,(CAH10) engineering and technology,"(CAH10-01-06) bioengineering, medical and biomedical engineering",Quintile 3,All,All,200
2024,(CAH10) engineering and technology,"(CAH10-01-06) bioengineering, medical and biomedical engineering",Quintile 3,All,All,185
2019,(CAH10) engineering and technology,(CAH10-03-02) materials technology,Quintile 3,All,All,25
2020,(CAH10) engineering and technology,(CAH10-03-02) materials technology,Quintile 3,All,All,25
2021,(CAH10) engineering and technology,(CAH10-03-02) materials technology,Quintile 3,All,All,20
2022,(CAH10) engineering and technology,(CAH10-03-02) materials technology,Quintile 3,All,All,25
2023,(CAH10) engineering and technology,(CAH10-03-02) materials technology,Quintile 3,All,All,35
2024,(CAH10) engineering and technology,(CAH10-03-02) materials technology,Quintile 3,All,All,30
2019,(CAH10) engineering and technology,(CAH10-03-06) others in technology,Quintile 3,All,All,150
2020,(CAH10) engineering and technology,(CAH10-03-06) others in technology,Quintile 3,All,All,145
2021,(CAH10) engineering and technology,(CAH10-03-06) others in technology,Quintile 3,All,All,175
2022,(CAH10) engineering and technology,(CAH10-03-06) others in technology,Quintile 3,All,All,180
2023,(CAH10) engineering and technology,(CAH10-03-06) others in technology,Quintile 3,All,All,160
2024,(CAH10) engineering and technology,(CAH10-03-06) others in technology,Quintile 3,All,All,190
2019,(CAH10) engineering and technology,(CAH10-01-03) production and manufacturing engineering,Quintile 3,All,All,280
2020,(CAH10) engineering and technology,(CAH10-01-03) production and manufacturing engineering,Quintile 3,All,All,335
2021,(CAH10) engineering and technology,(CAH10-01-03) production and manufacturing engineering,Quintile 3,All,All,320
2022,(CAH10) engineering and technology,(CAH10-01-03) production and manufacturing engineering,Quintile 3,All,All,360
2023,(CAH10) engineering and technology,(CAH10-01-03) production and manufacturing engineering,Quintile 3,All,All,340
2024,(CAH10) engineering and technology,(CAH10-01-03) production and manufacturing engineering,Quintile 3,All,All,375
2019,(CAH10) engineering and technology,(CAH10-01-04) aeronautical and aerospace engineering,Quintile 3,All,All,495
2020,(CAH10) engineering and technology,(CAH10-01-04) aeronautical and aerospace engineering,Quintile 3,All,All,555
2021,(CAH10) engineering and technology,(CAH10-01-04) aeronautical and aerospace engineering,Quintile 3,All,All,625
2022,(CAH10) engineering and technology,(CAH10-01-04) aeronautical and aerospace engineering,Quintile 3,All,All,570
2023,(CAH10) engineering and technology,(CAH10-01-04) aeronautical and aerospace engineering,Quintile 3,All,All,600
2024,(CAH10) engineering and technology,(CAH10-01-04) aeronautical and aerospace engineering,Quintile 3,All,All,635
2019,(CAH10) engineering and technology,(CAH10-01-08) electrical and electronic engineering,Quintile 3,All,All,615
2020,(CAH10) engineering and technology,(CAH10-01-08) electrical and electronic engineering,Quintile 3,All,All,595
2021,(CAH10) engineering and technology,(CAH10-01-08) electrical and electronic engineering,Quintile 3,All,All,630
2022,(CAH10) engineering and technology,(CAH10-01-08) electrical and electronic engineering,Quintile 3,All,All,640
2023,(CAH10) engineering and technology,(CAH10-01-08) electrical and electronic engineering,Quintile 3,All,All,685
2024,(CAH10) engineering and technology,(CAH10-01-08) electrical and electronic engineering,Quintile 3,All,All,675
2019,(CAH10) engineering and technology,(CAH10-01-07) civil engineering,Quintile 3,All,All,660
2020,(CAH10) engineering and technology,(CAH10-01-07) civil engineering,Quintile 3,All,All,670
2021,(CAH10) engineering and technology,(CAH10-01-07) civil engineering,Quintile 3,All,All,720
2022,(CAH10) engineering and technology,(CAH10-01-07) civil engineering,Quintile 3,All,All,670
2023,(CAH10) engineering and technology,(CAH10-01-07) civil engineering,Quintile 3,All,All,620
2024,(CAH10) engineering and technology,(CAH10-01-07) civil engineering,Quintile 3,All,All,630
2019,(CAH10) engineering and technology,(CAH10-03-05) biotechnology,Quintile 3,All,All,25
2020,(CAH10) engineering and technology,(CAH10-03-05) biotechnology,Quintile 3,All,All,15
2021,(CAH10) engineering and technology,(CAH10-03-05) biotechnology,Quintile 3,All,All,25
2022,(CAH10) engineering and technology,(CAH10-03-05) biotechnology,Quintile 3,All,All,25
2023,(CAH10) engineering and technology,(CAH10-03-05) biotechnology,Quintile 3,All,All,20
2024,(CAH10) engineering and technology,(CAH10-03-05) biotechnology,Quintile 3,All,All,20
2019,(CAH10) engineering and technology,"(CAH10-01-09) chemical, process and energy engineering",Quintile 3,All,All,360
2020,(CAH10) engineering and technology,"(CAH10-01-09) chemical, process and energy engineering",Quintile 3,All,All,350
2021,(CAH10) engineering and technology,"(CAH10-01-09) chemical, process and energy engineering",Quintile 3,All,All,355
2022,(CAH10) engineering and technology,"(CAH10-01-09) chemical, process and energy engineering",Quintile 3,All,All,295
2023,(CAH10) engineering and technology,"(CAH10-01-09) chemical, process and energy engineering",Quintile 3,All,All,330
2024,(CAH10) engineering and technology,"(CAH10-01-09) chemical, process and energy engineering",Quintile 3,All,All,355
2019,(CAH10) engineering and technology,(CAH10-03-03) polymers and textiles,Quintile 3,All,All,5
2020,(CAH10) engineering and technology,(CAH10-03-03) polymers and textiles,Quintile 3,All,All,5
2021,(CAH10) engineering and technology,(CAH10-03-03) polymers and textiles,Quintile 3,All,All,10
2022,(CAH10) engineering and technology,(CAH10-03-03) polymers and textiles,Quintile 3,All,All,10
2023,(CAH10) engineering and technology,(CAH10-03-03) polymers and textiles,Quintile 3,All,All,15
2024,(CAH10) engineering and technology,(CAH10-03-03) polymers and textiles,Quintile 3,All,All,5
2024,(CAH10) engineering and technology,(CAH10-03-01) minerals technology,Quintile 3,All,All,5
2019,(CAH10) engineering and technology,(CAH10-01-01) engineering (non-specific),Quintile 3,All,All,665
2020,(CAH10) engineering and technology,(CAH10-01-01) engineering (non-specific),Quintile 3,All,All,640
2021,(CAH10) engineering and technology,(CAH10-01-01) engineering (non-specific),Quintile 3,All,All,695
2022,(CAH10) engineering and technology,(CAH10-01-01) engineering (non-specific),Quintile 3,All,All,620
2023,(CAH10) engineering and technology,(CAH10-01-01) engineering (non-specific),Quintile 3,All,All,605
2024,(CAH10) engineering and technology,(CAH10-01-01) engineering (non-specific),Quintile 3,All,All,635
2019,(CAH10) engineering and technology,(CAH10-01-10) others in engineering,Quintile 3,All,All,10
2020,(CAH10) engineering and technology,(CAH10-01-10) others in engineering,Quintile 3,All,All,5
2019,(CAH10) engineering and technology,(CAH10-01-02) mechanical engineering,Quintile 3,All,All,1085
2020,(CAH10) engineering and technology,(CAH10-01-02) mechanical engineering,Quintile 3,All,All,1185
2021,(CAH10) engineering and technology,(CAH10-01-02) mechanical engineering,Quintile 3,All,All,1170
2022,(CAH10) engineering and technology,(CAH10-01-02) mechanical engineering,Quintile 3,All,All,1100
2023,(CAH10) engineering and technology,(CAH10-01-02) mechanical engineering,Quintile 3,All,All,1110
2024,(CAH10) engineering and technology,(CAH10-01-02) mechanical engineering,Quintile 3,All,All,1230
2019,(CAH10) engineering and technology,(CAH10-03-04) maritime technology,Quintile 3,All,All,10
2020,(CAH10) engineering and technology,(CAH10-03-04) maritime technology,Quintile 3,All,All,25
2021,(CAH10) engineering and technology,(CAH10-03-04) maritime technology,Quintile 3,All,All,15
2022,(CAH10) engineering and technology,(CAH10-03-04) maritime technology,Quintile 3,All,All,15
2023,(CAH10) engineering and technology,(CAH10-03-04) maritime technology,Quintile 3,All,All,10
2024,(CAH10) engineering and technology,(CAH10-03-04) maritime technology,Quintile 3,All,All,15
2019,(CAH10) engineering and technology,(CAH10-01-05) naval architecture,Quintile 3,All,All,5
2020,(CAH10) engineering and technology,(CAH10-01-05) naval architecture,Quintile 3,All,All,10
2021,(CAH10) engineering and technology,(CAH10-01-05) naval architecture,Quintile 3,All,All,10
2022,(CAH10) engineering and technology,(CAH10-01-05) naval architecture,Quintile 3,All,All,5
2023,(CAH10) engineering and technology,(CAH10-01-05) naval architecture,Quintile 3,All,All,10
2024,(CAH10) engineering and technology,(CAH10-01-05) naval architecture,Quintile 3,All,All,10
2019,(CAH10) engineering and technology,(CAH10-03-07) materials science,Quintile 3,All,All,25
2020,(CAH10) engineering and technology,(CAH10-03-07) materials science,Quintile 3,All,All,30
2021,(CAH10) engineering and technology,(CAH10-03-07) materials science,Quintile 3,All,All,20
2022,(CAH10) engineering and technology,(CAH10-03-07) materials science,Quintile 3,All,All,20
2023,(CAH10) engineering and technology,(CAH10-03-07) materials science,Quintile 3,All,All,20
2024,(CAH10) engineering and technology,(CAH10-03-07) materials science,Quintile 3,All,All,15
2019,(CAH02) subjects allied to medicine,(CAH02-06-03) ophthalmics,Quintile 3,All,All,270
2020,(CAH02) subjects allied to medicine,(CAH02-06-03) ophthalmics,Quintile 3,All,All,300
2021,(CAH02) subjects allied to medicine,(CAH02-06-03) ophthalmics,Quintile 3,All,All,295
2022,(CAH02) subjects allied to medicine,(CAH02-06-03) ophthalmics,Quintile 3,All,All,270
2023,(CAH02) subjects allied to medicine,(CAH02-06-03) ophthalmics,Quintile 3,All,All,310
2024,(CAH02) subjects allied to medicine,(CAH02-06-03) ophthalmics,Quintile 3,All,All,305
2019,(CAH02) subjects allied to medicine,"(CAH02-05-04) anatomy, physiology and pathology",Quintile 3,All,All,130
2020,(CAH02) subjects allied to medicine,"(CAH02-05-04) anatomy, physiology and pathology",Quintile 3,All,All,145
2021,(CAH02) subjects allied to medicine,"(CAH02-05-04) anatomy, physiology and pathology",Quintile 3,All,All,170
2022,(CAH02) subjects allied to medicine,"(CAH02-05-04) anatomy, physiology and pathology",Quintile 3,All,All,135
2023,(CAH02) subjects allied to medicine,"(CAH02-05-04) anatomy, physiology and pathology",Quintile 3,All,All,130
2024,(CAH02) subjects allied to medicine,"(CAH02-05-04) anatomy, physiology and pathology",Quintile 3,All,All,125
2019,(CAH02) subjects allied to medicine,(CAH02-05-01) medical technology,Quintile 3,All,All,380
2020,(CAH02) subjects allied to medicine,(CAH02-05-01) medical technology,Quintile 3,All,All,455
2021,(CAH02) subjects allied to medicine,(CAH02-05-01) medical technology,Quintile 3,All,All,465
2022,(CAH02) subjects allied to medicine,(CAH02-05-01) medical technology,Quintile 3,All,All,455
2023,(CAH02) subjects allied to medicine,(CAH02-05-01) medical technology,Quintile 3,All,All,435
2024,(CAH02) subjects allied to medicine,(CAH02-05-01) medical technology,Quintile 3,All,All,565
2019,(CAH02) subjects allied to medicine,(CAH02-06-06) complementary and alternative medicine,Quintile 3,All,All,200
2020,(CAH02) subjects allied to medicine,(CAH02-06-06) complementary and alternative medicine,Quintile 3,All,All,230
2021,(CAH02) subjects allied to medicine,(CAH02-06-06) complementary and alternative medicine,Quintile 3,All,All,265
2022,(CAH02) subjects allied to medicine,(CAH02-06-06) complementary and alternative medicine,Quintile 3,All,All,245
2023,(CAH02) subjects allied to medicine,(CAH02-06-06) complementary and alternative medicine,Quintile 3,All,All,175
2024,(CAH02) subjects allied to medicine,(CAH02-06-06) complementary and alternative medicine,Quintile 3,All,All,215
2019,(CAH02) subjects allied to medicine,(CAH02-06-01) health sciences (non-specific),Quintile 3,All,All,1065
2020,(CAH02) subjects allied to medicine,(CAH02-06-01) health sciences (non-specific),Quintile 3,All,All,1275
2021,(CAH02) subjects allied to medicine,(CAH02-06-01) health sciences (non-specific),Quintile 3,All,All,1345
2022,(CAH02) subjects allied to medicine,(CAH02-06-01) health sciences (non-specific),Quintile 3,All,All,1295
2023,(CAH02) subjects allied to medicine,(CAH02-06-01) health sciences (non-specific),Quintile 3,All,All,1340
2024,(CAH02) subjects allied to medicine,(CAH02-06-01) health sciences (non-specific),Quintile 3,All,All,1310
2019,(CAH02) subjects allied to medicine,(CAH02-06-02) nutrition and dietetics,Quintile 3,All,All,260
2020,(CAH02) subjects allied to medicine,(CAH02-06-02) nutrition and dietetics,Quintile 3,All,All,250
2021,(CAH02) subjects allied to medicine,(CAH02-06-02) nutrition and dietetics,Quintile 3,All,All,265
2022,(CAH02) subjects allied to medicine,(CAH02-06-02) nutrition and dietetics,Quintile 3,All,All,245
2023,(CAH02) subjects allied to medicine,(CAH02-06-02) nutrition and dietetics,Quintile 3,All,All,185
2024,(CAH02) subjects allied to medicine,(CAH02-06-02) nutrition and dietetics,Quintile 3,All,All,180
2019,(CAH02) subjects allied to medicine,(CAH02-06-04) environmental and public health,Quintile 3,All,All,140
2020,(CAH02) subjects allied to medicine,(CAH02-06-04) environmental and public health,Quintile 3,All,All,105
2021,(CAH02) subjects allied to medicine,(CAH02-06-04) environmental and public health,Quintile 3,All,All,130
2022,(CAH02) subjects allied to medicine,(CAH02-06-04) environmental and public health,Quintile 3,All,All,100
2023,(CAH02) subjects allied to medicine,(CAH02-06-04) environmental and public health,Quintile 3,All,All,75
2024,(CAH02) subjects allied to medicine,(CAH02-06-04) environmental and public health,Quintile 3,All,All,85
2019,(CAH02) subjects allied to medicine,"(CAH02-06-07) counselling, psychotherapy and occupational therapy",Quintile 3,All,All,645
2020,(CAH02) subjects allied to medicine,"(CAH02-06-07) counselling, psychotherapy and occupational therapy",Quintile 3,All,All,700
2021,(CAH02) subjects allied to medicine,"(CAH02-06-07) counselling, psychotherapy and occupational therapy",Quintile 3,All,All,710
2022,(CAH02) subjects allied to medicine,"(CAH02-06-07) counselling, psychotherapy and occupational therapy",Quintile 3,All,All,715
2023,(CAH02) subjects allied to medicine,"(CAH02-06-07) counselling, psychotherapy and occupational therapy",Quintile 3,All,All,735
2024,(CAH02) subjects allied to medicine,"(CAH02-06-07) counselling, psychotherapy and occupational therapy",Quintile 3,All,All,765
2019,(CAH02) subjects allied to medicine,(CAH02-02-01) pharmacology,Quintile 3,All,All,180
2020,(CAH02) subjects allied to medicine,(CAH02-02-01) pharmacology,Quintile 3,All,All,160
2021,(CAH02) subjects allied to medicine,(CAH02-02-01) pharmacology,Quintile 3,All,All,230
2022,(CAH02) subjects allied to medicine,(CAH02-02-01) pharmacology,Quintile 3,All,All,245
2023,(CAH02) subjects allied to medicine,(CAH02-02-01) pharmacology,Quintile 3,All,All,285
2024,(CAH02) subjects allied to medicine,(CAH02-02-01) pharmacology,Quintile 3,All,All,305
2019,(CAH02) subjects allied to medicine,(CAH02-02-03) pharmacy,Quintile 3,All,All,675
2020,(CAH02) subjects allied to medicine,(CAH02-02-03) pharmacy,Quintile 3,All,All,715
2021,(CAH02) subjects allied to medicine,(CAH02-02-03) pharmacy,Quintile 3,All,All,790
2022,(CAH02) subjects allied to medicine,(CAH02-02-03) pharmacy,Quintile 3,All,All,885
2023,(CAH02) subjects allied to medicine,(CAH02-02-03) pharmacy,Quintile 3,All,All,865
2024,(CAH02) subjects allied to medicine,(CAH02-02-03) pharmacy,Quintile 3,All,All,825
2019,(CAH02) subjects allied to medicine,(CAH02-06-05) physiotherapy,Quintile 3,All,All,430
2020,(CAH02) subjects allied to medicine,(CAH02-06-05) physiotherapy,Quintile 3,All,All,530
2021,(CAH02) subjects allied to medicine,(CAH02-06-05) physiotherapy,Quintile 3,All,All,565
2022,(CAH02) subjects allied to medicine,(CAH02-06-05) physiotherapy,Quintile 3,All,All,535
2023,(CAH02) subjects allied to medicine,(CAH02-06-05) physiotherapy,Quintile 3,All,All,575
2024,(CAH02) subjects allied to medicine,(CAH02-06-05) physiotherapy,Quintile 3,All,All,620
2019,(CAH02) subjects allied to medicine,(CAH02-05-02) healthcare science (non-specific),Quintile 3,All,All,215
2020,(CAH02) subjects allied to medicine,(CAH02-05-02) healthcare science (non-specific),Quintile 3,All,All,235
2021,(CAH02) subjects allied to medicine,(CAH02-05-02) healthcare science (non-specific),Quintile 3,All,All,235
2022,(CAH02) subjects allied to medicine,(CAH02-05-02) healthcare science (non-specific),Quintile 3,All,All,210
2023,(CAH02) subjects allied to medicine,(CAH02-05-02) healthcare science (non-specific),Quintile 3,All,All,790
2024,(CAH02) subjects allied to medicine,(CAH02-05-02) healthcare science (non-specific),Quintile 3,All,All,885
2019,(CAH02) subjects allied to medicine,(CAH02-05-03) biomedical sciences (non-specific),Quintile 3,All,All,1585
2020,(CAH02) subjects allied to medicine,(CAH02-05-03) biomedical sciences (non-specific),Quintile 3,All,All,1620
2021,(CAH02) subjects allied to medicine,(CAH02-05-03) biomedical sciences (non-specific),Quintile 3,All,All,1695
2022,(CAH02) subjects allied to medicine,(CAH02-05-03) biomedical sciences (non-specific),Quintile 3,All,All,1770
2023,(CAH02) subjects allied to medicine,(CAH02-05-03) biomedical sciences (non-specific),Quintile 3,All,All,1765
2024,(CAH02) subjects allied to medicine,(CAH02-05-03) biomedical sciences (non-specific),Quintile 3,All,All,1780
2019,(CAH02) subjects allied to medicine,(CAH02-02-02) toxicology,Quintile 3,All,All,5
2020,(CAH02) subjects allied to medicine,(CAH02-02-02) toxicology,Quintile 3,All,All,5
2021,(CAH02) subjects allied to medicine,(CAH02-02-02) toxicology,Quintile 3,All,All,5
2022,(CAH02) subjects allied to medicine,(CAH02-02-02) toxicology,Quintile 3,All,All,5
2023,(CAH02) subjects allied to medicine,(CAH02-02-02) toxicology,Quintile 3,All,All,5
2024,(CAH02) subjects allied to medicine,(CAH02-02-02) toxicology,Quintile 3,All,All,5
2019,(CAH02) subjects allied to medicine,(CAH02-04-02) adult nursing,Quintile 3,All,All,3105
2020,(CAH02) subjects allied to medicine,(CAH02-04-02) adult nursing,Quintile 3,All,All,3880
2021,(CAH02) subjects allied to medicine,(CAH02-04-02) adult nursing,Quintile 3,All,All,4195
2022,(CAH02) subjects allied to medicine,(CAH02-04-02) adult nursing,Quintile 3,All,All,3615
2023,(CAH02) subjects allied to medicine,(CAH02-04-02) adult nursing,Quintile 3,All,All,3025
2024,(CAH02) subjects allied to medicine,(CAH02-04-02) adult nursing,Quintile 3,All,All,3025
2019,(CAH02) subjects allied to medicine,(CAH02-04-05) children's nursing,Quintile 3,All,All,665
2020,(CAH02) subjects allied to medicine,(CAH02-04-05) children's nursing,Quintile 3,All,All,855
2021,(CAH02) subjects allied to medicine,(CAH02-04-05) children's nursing,Quintile 3,All,All,820
2022,(CAH02) subjects allied to medicine,(CAH02-04-05) children's nursing,Quintile 3,All,All,745
2023,(CAH02) subjects allied to medicine,(CAH02-04-05) children's nursing,Quintile 3,All,All,750
2024,(CAH02) subjects allied to medicine,(CAH02-04-05) children's nursing,Quintile 3,All,All,860
2019,(CAH02) subjects allied to medicine,(CAH02-04-03) community nursing,Quintile 3,All,All,5
2021,(CAH02) subjects allied to medicine,(CAH02-04-03) community nursing,Quintile 3,All,All,10
2022,(CAH02) subjects allied to medicine,(CAH02-04-03) community nursing,Quintile 3,All,All,5
2019,(CAH02) subjects allied to medicine,(CAH02-04-09) others in nursing,Quintile 3,All,All,50
2020,(CAH02) subjects allied to medicine,(CAH02-04-09) others in nursing,Quintile 3,All,All,65
2021,(CAH02) subjects allied to medicine,(CAH02-04-09) others in nursing,Quintile 3,All,All,70
2022,(CAH02) subjects allied to medicine,(CAH02-04-09) others in nursing,Quintile 3,All,All,75
2023,(CAH02) subjects allied to medicine,(CAH02-04-09) others in nursing,Quintile 3,All,All,80
2024,(CAH02) subjects allied to medicine,(CAH02-04-09) others in nursing,Quintile 3,All,All,65
2019,(CAH02) subjects allied to medicine,(CAH02-04-06) dental nursing,Quintile 3,All,All,25
2020,(CAH02) subjects allied to medicine,(CAH02-04-06) dental nursing,Quintile 3,All,All,35
2021,(CAH02) subjects allied to medicine,(CAH02-04-06) dental nursing,Quintile 3,All,All,40
2022,(CAH02) subjects allied to medicine,(CAH02-04-06) dental nursing,Quintile 3,All,All,50
2023,(CAH02) subjects allied to medicine,(CAH02-04-06) dental nursing,Quintile 3,All,All,45
2024,(CAH02) subjects allied to medicine,(CAH02-04-06) dental nursing,Quintile 3,All,All,65
2019,(CAH02) subjects allied to medicine,(CAH02-04-08) learning disabilities nursing,Quintile 3,All,All,120
2020,(CAH02) subjects allied to medicine,(CAH02-04-08) learning disabilities nursing,Quintile 3,All,All,150
2021,(CAH02) subjects allied to medicine,(CAH02-04-08) learning disabilities nursing,Quintile 3,All,All,170
2022,(CAH02) subjects allied to medicine,(CAH02-04-08) learning disabilities nursing,Quintile 3,All,All,140
2023,(CAH02) subjects allied to medicine,(CAH02-04-08) learning disabilities nursing,Quintile 3,All,All,110
2024,(CAH02) subjects allied to medicine,(CAH02-04-08) learning disabilities nursing,Quintile 3,All,All,110
2019,(CAH02) subjects allied to medicine,(CAH02-04-07) mental health nursing,Quintile 3,All,All,940
2020,(CAH02) subjects allied to medicine,(CAH02-04-07) mental health nursing,Quintile 3,All,All,1340
2021,(CAH02) subjects allied to medicine,(CAH02-04-07) mental health nursing,Quintile 3,All,All,1170
2022,(CAH02) subjects allied to medicine,(CAH02-04-07) mental health nursing,Quintile 3,All,All,1055
2023,(CAH02) subjects allied to medicine,(CAH02-04-07) mental health nursing,Quintile 3,All,All,1120
2024,(CAH02) subjects allied to medicine,(CAH02-04-07) mental health nursing,Quintile 3,All,All,1140
2019,(CAH02) subjects allied to medicine,(CAH02-04-04) midwifery,Quintile 3,All,All,760
2020,(CAH02) subjects allied to medicine,(CAH02-04-04) midwifery,Quintile 3,All,All,890
2021,(CAH02) subjects allied to medicine,(CAH02-04-04) midwifery,Quintile 3,All,All,875
2022,(CAH02) subjects allied to medicine,(CAH02-04-04) midwifery,Quintile 3,All,All,835
2023,(CAH02) subjects allied to medicine,(CAH02-04-04) midwifery,Quintile 3,All,All,940
2024,(CAH02) subjects allied to medicine,(CAH02-04-04) midwifery,Quintile 3,All,All,870
2019,(CAH02) subjects allied to medicine,(CAH02-04-01) nursing (non-specific),Quintile 3,All,All,445
2020,(CAH02) subjects allied to medicine,(CAH02-04-01) nursing (non-specific),Quintile 3,All,All,390
2021,(CAH02) subjects allied to medicine,(CAH02-04-01) nursing (non-specific),Quintile 3,All,All,375
2022,(CAH02) subjects allied to medicine,(CAH02-04-01) nursing (non-specific),Quintile 3,All,All,310
2023,(CAH02) subjects allied to medicine,(CAH02-04-01) nursing (non-specific),Quintile 3,All,All,320
2024,(CAH02) subjects allied to medicine,(CAH02-04-01) nursing (non-specific),Quintile 3,All,All,335
2019,(CAH19) language and area studies,(CAH19-01-05) creative writing,Quintile 3,All,All,310
2020,(CAH19) language and area studies,(CAH19-01-05) creative writing,Quintile 3,All,All,325
2021,(CAH19) language and area studies,(CAH19-01-05) creative writing,Quintile 3,All,All,310
2022,(CAH19) language and area studies,(CAH19-01-05) creative writing,Quintile 3,All,All,325
2023,(CAH19) language and area studies,(CAH19-01-05) creative writing,Quintile 3,All,All,340
2024,(CAH19) language and area studies,(CAH19-01-05) creative writing,Quintile 3,All,All,310
2019,(CAH19) language and area studies,(CAH19-04-08) American and Australasian studies,Quintile 3,All,All,65
2020,(CAH19) language and area studies,(CAH19-04-08) American and Australasian studies,Quintile 3,All,All,45
2021,(CAH19) language and area studies,(CAH19-04-08) American and Australasian studies,Quintile 3,All,All,40
2022,(CAH19) language and area studies,(CAH19-04-08) American and Australasian studies,Quintile 3,All,All,35
2023,(CAH19) language and area studies,(CAH19-04-08) American and Australasian studies,Quintile 3,All,All,25
2024,(CAH19) language and area studies,(CAH19-04-08) American and Australasian studies,Quintile 3,All,All,20
2019,(CAH19) language and area studies,(CAH19-01-06) others in English studies,Quintile 3,All,All,25
2020,(CAH19) language and area studies,(CAH19-01-06) others in English studies,Quintile 3,All,All,10
2021,(CAH19) language and area studies,(CAH19-01-06) others in English studies,Quintile 3,All,All,15
2022,(CAH19) language and area studies,(CAH19-01-06) others in English studies,Quintile 3,All,All,5
2023,(CAH19) language and area studies,(CAH19-01-06) others in English studies,Quintile 3,All,All,15
2024,(CAH19) language and area studies,(CAH19-01-06) others in English studies,Quintile 3,All,All,10
2019,(CAH19) language and area studies,(CAH19-01-02) English language,Quintile 3,All,All,210
2020,(CAH19) language and area studies,(CAH19-01-02) English language,Quintile 3,All,All,180
2021,(CAH19) language and area studies,(CAH19-01-02) English language,Quintile 3,All,All,150
2022,(CAH19) language and area studies,(CAH19-01-02) English language,Quintile 3,All,All,155
2023,(CAH19) language and area studies,(CAH19-01-02) English language,Quintile 3,All,All,135
2024,(CAH19) language and area studies,(CAH19-01-02) English language,Quintile 3,All,All,125
2019,(CAH19) language and area studies,(CAH19-01-03) literature in English,Quintile 3,All,All,680
2020,(CAH19) language and area studies,(CAH19-01-03) literature in English,Quintile 3,All,All,645
2021,(CAH19) language and area studies,(CAH19-01-03) literature in English,Quintile 3,All,All,605
2022,(CAH19) language and area studies,(CAH19-01-03) literature in English,Quintile 3,All,All,645
2023,(CAH19) language and area studies,(CAH19-01-03) literature in English,Quintile 3,All,All,620
2024,(CAH19) language and area studies,(CAH19-01-03) literature in English,Quintile 3,All,All,610
2019,(CAH19) language and area studies,(CAH19-01-01) English studies (non-specific),Quintile 3,All,All,705
2020,(CAH19) language and area studies,(CAH19-01-01) English studies (non-specific),Quintile 3,All,All,670
2021,(CAH19) language and area studies,(CAH19-01-01) English studies (non-specific),Quintile 3,All,All,665
2022,(CAH19) language and area studies,(CAH19-01-01) English studies (non-specific),Quintile 3,All,All,635
2023,(CAH19) language and area studies,(CAH19-01-01) English studies (non-specific),Quintile 3,All,All,575
2024,(CAH19) language and area studies,(CAH19-01-01) English studies (non-specific),Quintile 3,All,All,590
2019,(CAH19) language and area studies,(CAH19-04-01) French studies,Quintile 3,All,All,150
2020,(CAH19) language and area studies,(CAH19-04-01) French studies,Quintile 3,All,All,145
2021,(CAH19) language and area studies,(CAH19-04-01) French studies,Quintile 3,All,All,130
2022,(CAH19) language and area studies,(CAH19-04-01) French studies,Quintile 3,All,All,120
2023,(CAH19) language and area studies,(CAH19-04-01) French studies,Quintile 3,All,All,100
2024,(CAH19) language and area studies,(CAH19-04-01) French studies,Quintile 3,All,All,95
2019,(CAH19) language and area studies,(CAH19-04-02) German and Scandinavian studies,Quintile 3,All,All,60
2020,(CAH19) language and area studies,(CAH19-04-02) German and Scandinavian studies,Quintile 3,All,All,55
2021,(CAH19) language and area studies,(CAH19-04-02) German and Scandinavian studies,Quintile 3,All,All,45
2022,(CAH19) language and area studies,(CAH19-04-02) German and Scandinavian studies,Quintile 3,All,All,50
2023,(CAH19) language and area studies,(CAH19-04-02) German and Scandinavian studies,Quintile 3,All,All,30
2024,(CAH19) language and area studies,(CAH19-04-02) German and Scandinavian studies,Quintile 3,All,All,35
2019,(CAH19) language and area studies,(CAH19-04-04) Iberian studies,Quintile 3,All,All,170
2020,(CAH19) language and area studies,(CAH19-04-04) Iberian studies,Quintile 3,All,All,155
2021,(CAH19) language and area studies,(CAH19-04-04) Iberian studies,Quintile 3,All,All,140
2022,(CAH19) language and area studies,(CAH19-04-04) Iberian studies,Quintile 3,All,All,105
2023,(CAH19) language and area studies,(CAH19-04-04) Iberian studies,Quintile 3,All,All,115
2024,(CAH19) language and area studies,(CAH19-04-04) Iberian studies,Quintile 3,All,All,125
2019,(CAH19) language and area studies,(CAH19-04-03) Italian studies,Quintile 3,All,All,20
2020,(CAH19) language and area studies,(CAH19-04-03) Italian studies,Quintile 3,All,All,20
2021,(CAH19) language and area studies,(CAH19-04-03) Italian studies,Quintile 3,All,All,20
2022,(CAH19) language and area studies,(CAH19-04-03) Italian studies,Quintile 3,All,All,15
2023,(CAH19) language and area studies,(CAH19-04-03) Italian studies,Quintile 3,All,All,10
2024,(CAH19) language and area studies,(CAH19-04-03) Italian studies,Quintile 3,All,All,15
2019,(CAH19) language and area studies,(CAH19-01-07) linguistics,Quintile 3,All,All,160
2020,(CAH19) language and area studies,(CAH19-01-07) linguistics,Quintile 3,All,All,150
2021,(CAH19) language and area studies,(CAH19-01-07) linguistics,Quintile 3,All,All,135
2022,(CAH19) language and area studies,(CAH19-01-07) linguistics,Quintile 3,All,All,135
2023,(CAH19) language and area studies,(CAH19-01-07) linguistics,Quintile 3,All,All,115
2024,(CAH19) language and area studies,(CAH19-01-07) linguistics,Quintile 3,All,All,125
2019,(CAH19) language and area studies,(CAH19-04-09) others in language and area studies,Quintile 3,All,All,270
2020,(CAH19) language and area studies,(CAH19-04-09) others in language and area studies,Quintile 3,All,All,295
2021,(CAH19) language and area studies,(CAH19-04-09) others in language and area studies,Quintile 3,All,All,285
2022,(CAH19) language and area studies,(CAH19-04-09) others in language and area studies,Quintile 3,All,All,315
2023,(CAH19) language and area studies,(CAH19-04-09) others in language and area studies,Quintile 3,All,All,225
2024,(CAH19) language and area studies,(CAH19-04-09) others in language and area studies,Quintile 3,All,All,235
2019,(CAH19) language and area studies,(CAH19-04-05) Slavic studies,Quintile 3,All,All,15
2020,(CAH19) language and area studies,(CAH19-04-05) Slavic studies,Quintile 3,All,All,15
2021,(CAH19) language and area studies,(CAH19-04-05) Slavic studies,Quintile 3,All,All,15
2022,(CAH19) language and area studies,(CAH19-04-05) Slavic studies,Quintile 3,All,All,15
2023,(CAH19) language and area studies,(CAH19-04-05) Slavic studies,Quintile 3,All,All,15
2024,(CAH19) language and area studies,(CAH19-04-05) Slavic studies,Quintile 3,All,All,15
2019,(CAH19) language and area studies,(CAH19-02-03) Welsh studies,Quintile 3,All,All,15
2020,(CAH19) language and area studies,(CAH19-02-03) Welsh studies,Quintile 3,All,All,15
2021,(CAH19) language and area studies,(CAH19-02-03) Welsh studies,Quintile 3,All,All,10
2022,(CAH19) language and area studies,(CAH19-02-03) Welsh studies,Quintile 3,All,All,15
2023,(CAH19) language and area studies,(CAH19-02-03) Welsh studies,Quintile 3,All,All,10
2024,(CAH19) language and area studies,(CAH19-02-03) Welsh studies,Quintile 3,All,All,15
2019,(CAH19) language and area studies,(CAH19-02-01) Celtic studies (non-specific),Quintile 3,All,All,5
2020,(CAH19) language and area studies,(CAH19-02-01) Celtic studies (non-specific),Quintile 3,All,All,5
2021,(CAH19) language and area studies,(CAH19-02-01) Celtic studies (non-specific),Quintile 3,All,All,10
2022,(CAH19) language and area studies,(CAH19-02-01) Celtic studies (non-specific),Quintile 3,All,All,5
2023,(CAH19) language and area studies,(CAH19-02-01) Celtic studies (non-specific),Quintile 3,All,All,5
2024,(CAH19) language and area studies,(CAH19-02-01) Celtic studies (non-specific),Quintile 3,All,All,5
2019,(CAH19) language and area studies,(CAH19-02-02) Gaelic studies,Quintile 3,All,All,10
2020,(CAH19) language and area studies,(CAH19-02-02) Gaelic studies,Quintile 3,All,All,5
2021,(CAH19) language and area studies,(CAH19-02-02) Gaelic studies,Quintile 3,All,All,5
2022,(CAH19) language and area studies,(CAH19-02-02) Gaelic studies,Quintile 3,All,All,10
2023,(CAH19) language and area studies,(CAH19-02-02) Gaelic studies,Quintile 3,All,All,5
2024,(CAH19) language and area studies,(CAH19-02-02) Gaelic studies,Quintile 3,All,All,5
2019,(CAH19) language and area studies,(CAH19-02-04) others in Celtic studies,Quintile 3,All,All,10
2020,(CAH19) language and area studies,(CAH19-02-04) others in Celtic studies,Quintile 3,All,All,5
2021,(CAH19) language and area studies,(CAH19-02-04) others in Celtic studies,Quintile 3,All,All,5
2022,(CAH19) language and area studies,(CAH19-02-04) others in Celtic studies,Quintile 3,All,All,5
2023,(CAH19) language and area studies,(CAH19-02-04) others in Celtic studies,Quintile 3,All,All,5
2024,(CAH19) language and area studies,(CAH19-02-04) others in Celtic studies,Quintile 3,All,All,10
2019,(CAH19) language and area studies,(CAH19-04-06) Asian studies,Quintile 3,All,All,145
2020,(CAH19) language and area studies,(CAH19-04-06) Asian studies,Quintile 3,All,All,140
2021,(CAH19) language and area studies,(CAH19-04-06) Asian studies,Quintile 3,All,All,140
2022,(CAH19) language and area studies,(CAH19-04-06) Asian studies,Quintile 3,All,All,135
2023,(CAH19) language and area studies,(CAH19-04-06) Asian studies,Quintile 3,All,All,90
2024,(CAH19) language and area studies,(CAH19-04-06) Asian studies,Quintile 3,All,All,95
2019,(CAH19) language and area studies,(CAH19-04-07) African and modern Middle Eastern studies,Quintile 3,All,All,35
2020,(CAH19) language and area studies,(CAH19-04-07) African and modern Middle Eastern studies,Quintile 3,All,All,20
2021,(CAH19) language and area studies,(CAH19-04-07) African and modern Middle Eastern studies,Quintile 3,All,All,15
2022,(CAH19) language and area studies,(CAH19-04-07) African and modern Middle Eastern studies,Quintile 3,All,All,20
2023,(CAH19) language and area studies,(CAH19-04-07) African and modern Middle Eastern studies,Quintile 3,All,All,20
2024,(CAH19) language and area studies,(CAH19-04-07) African and modern Middle Eastern studies,Quintile 3,All,All,25
2019,"(CAH24) media, journalism and communications",(CAH24-01-05) media studies,Quintile 3,All,All,1200
2020,"(CAH24) media, journalism and communications",(CAH24-01-05) media studies,Quintile 3,All,All,1275
2021,"(CAH24) media, journalism and communications",(CAH24-01-05) media studies,Quintile 3,All,All,1300
2022,"(CAH24) media, journalism and communications",(CAH24-01-05) media studies,Quintile 3,All,All,1360
2023,"(CAH24) media, journalism and communications",(CAH24-01-05) media studies,Quintile 3,All,All,1265
2024,"(CAH24) media, journalism and communications",(CAH24-01-05) media studies,Quintile 3,All,All,1290
2019,"(CAH24) media, journalism and communications",(CAH24-01-02) publicity studies,Quintile 3,All,All,40
2020,"(CAH24) media, journalism and communications",(CAH24-01-02) publicity studies,Quintile 3,All,All,50
2021,"(CAH24) media, journalism and communications",(CAH24-01-02) publicity studies,Quintile 3,All,All,25
2022,"(CAH24) media, journalism and communications",(CAH24-01-02) publicity studies,Quintile 3,All,All,35
2023,"(CAH24) media, journalism and communications",(CAH24-01-02) publicity studies,Quintile 3,All,All,25
2024,"(CAH24) media, journalism and communications",(CAH24-01-02) publicity studies,Quintile 3,All,All,30
2019,"(CAH24) media, journalism and communications",(CAH24-01-01) information services,Quintile 3,All,All,5
2020,"(CAH24) media, journalism and communications",(CAH24-01-01) information services,Quintile 3,All,All,10
2021,"(CAH24) media, journalism and communications",(CAH24-01-01) information services,Quintile 3,All,All,5
2022,"(CAH24) media, journalism and communications",(CAH24-01-01) information services,Quintile 3,All,All,15
2023,"(CAH24) media, journalism and communications",(CAH24-01-01) information services,Quintile 3,All,All,10
2024,"(CAH24) media, journalism and communications",(CAH24-01-01) information services,Quintile 3,All,All,15
2019,"(CAH24) media, journalism and communications",(CAH24-01-04) journalism,Quintile 3,All,All,545
2020,"(CAH24) media, journalism and communications",(CAH24-01-04) journalism,Quintile 3,All,All,505
2021,"(CAH24) media, journalism and communications",(CAH24-01-04) journalism,Quintile 3,All,All,570
2022,"(CAH24) media, journalism and communications",(CAH24-01-04) journalism,Quintile 3,All,All,560
2023,"(CAH24) media, journalism and communications",(CAH24-01-04) journalism,Quintile 3,All,All,555
2024,"(CAH24) media, journalism and communications",(CAH24-01-04) journalism,Quintile 3,All,All,515
2019,"(CAH24) media, journalism and communications",(CAH24-01-03) publishing,Quintile 3,All,All,25
2020,"(CAH24) media, journalism and communications",(CAH24-01-03) publishing,Quintile 3,All,All,15
2021,"(CAH24) media, journalism and communications",(CAH24-01-03) publishing,Quintile 3,All,All,20
2022,"(CAH24) media, journalism and communications",(CAH24-01-03) publishing,Quintile 3,All,All,20
2023,"(CAH24) media, journalism and communications",(CAH24-01-03) publishing,Quintile 3,All,All,20
2024,"(CAH24) media, journalism and communications",(CAH24-01-03) publishing,Quintile 3,All,All,15
2019,(CAH23) combined and general studies,(CAH23-01-04) liberal arts (non-specific),Quintile 3,All,All,55
2020,(CAH23) combined and general studies,(CAH23-01-04) liberal arts (non-specific),Quintile 3,All,All,70
2021,(CAH23) combined and general studies,(CAH23-01-04) liberal arts (non-specific),Quintile 3,All,All,90
2022,(CAH23) combined and general studies,(CAH23-01-04) liberal arts (non-specific),Quintile 3,All,All,70
2023,(CAH23) combined and general studies,(CAH23-01-04) liberal arts (non-specific),Quintile 3,All,All,85
2024,(CAH23) combined and general studies,(CAH23-01-04) liberal arts (non-specific),Quintile 3,All,All,65
2019,(CAH23) combined and general studies,(CAH23-01-03) humanities (non-specific),Quintile 3,All,All,70
2020,(CAH23) combined and general studies,(CAH23-01-03) humanities (non-specific),Quintile 3,All,All,40
2021,(CAH23) combined and general studies,(CAH23-01-03) humanities (non-specific),Quintile 3,All,All,35
2022,(CAH23) combined and general studies,(CAH23-01-03) humanities (non-specific),Quintile 3,All,All,45
2023,(CAH23) combined and general studies,(CAH23-01-03) humanities (non-specific),Quintile 3,All,All,55
2024,(CAH23) combined and general studies,(CAH23-01-03) humanities (non-specific),Quintile 3,All,All,40
2019,(CAH23) combined and general studies,(CAH23-01-02) personal development,Quintile 3,All,All,85
2020,(CAH23) combined and general studies,(CAH23-01-02) personal development,Quintile 3,All,All,80
2021,(CAH23) combined and general studies,(CAH23-01-02) personal development,Quintile 3,All,All,120
2022,(CAH23) combined and general studies,(CAH23-01-02) personal development,Quintile 3,All,All,65
2023,(CAH23) combined and general studies,(CAH23-01-02) personal development,Quintile 3,All,All,65
2024,(CAH23) combined and general studies,(CAH23-01-02) personal development,Quintile 3,All,All,65
2019,(CAH23) combined and general studies,"(CAH23-01-01) combined, general or negotiated studies",Quintile 3,All,All,75
2020,(CAH23) combined and general studies,"(CAH23-01-01) combined, general or negotiated studies",Quintile 3,All,All,100
2021,(CAH23) combined and general studies,"(CAH23-01-01) combined, general or negotiated studies",Quintile 3,All,All,110
2022,(CAH23) combined and general studies,"(CAH23-01-01) combined, general or negotiated studies",Quintile 3,All,All,125
2023,(CAH23) combined and general studies,"(CAH23-01-01) combined, general or negotiated studies",Quintile 3,All,All,110
2024,(CAH23) combined and general studies,"(CAH23-01-01) combined, general or negotiated studies",Quintile 3,All,All,120
2019,(CAH17) business and management,(CAH17-01-03) marketing,Quintile 3,All,All,1065
2020,(CAH17) business and management,(CAH17-01-03) marketing,Quintile 3,All,All,1165
2021,(CAH17) business and management,(CAH17-01-03) marketing,Quintile 3,All,All,1165
2022,(CAH17) business and management,(CAH17-01-03) marketing,Quintile 3,All,All,1225
2023,(CAH17) business and management,(CAH17-01-03) marketing,Quintile 3,All,All,1265
2024,(CAH17) business and management,(CAH17-01-03) marketing,Quintile 3,All,All,1275
2019,(CAH17) business and management,(CAH17-01-01) business and management (non-specific),Quintile 3,All,All,2075
2020,(CAH17) business and management,(CAH17-01-01) business and management (non-specific),Quintile 3,All,All,2100
2021,(CAH17) business and management,(CAH17-01-01) business and management (non-specific),Quintile 3,All,All,2430
2022,(CAH17) business and management,(CAH17-01-01) business and management (non-specific),Quintile 3,All,All,2890
2023,(CAH17) business and management,(CAH17-01-01) business and management (non-specific),Quintile 3,All,All,3770
2024,(CAH17) business and management,(CAH17-01-01) business and management (non-specific),Quintile 3,All,All,3525
2019,(CAH17) business and management,(CAH17-01-02) business studies,Quintile 3,All,All,2815
2020,(CAH17) business and management,(CAH17-01-02) business studies,Quintile 3,All,All,2970
2021,(CAH17) business and management,(CAH17-01-02) business studies,Quintile 3,All,All,2940
2022,(CAH17) business and management,(CAH17-01-02) business studies,Quintile 3,All,All,3550
2023,(CAH17) business and management,(CAH17-01-02) business studies,Quintile 3,All,All,3175
2024,(CAH17) business and management,(CAH17-01-02) business studies,Quintile 3,All,All,3610
2019,(CAH17) business and management,"(CAH17-01-06) tourism, transport and travel",Quintile 3,All,All,1300
2020,(CAH17) business and management,"(CAH17-01-06) tourism, transport and travel",Quintile 3,All,All,1160
2021,(CAH17) business and management,"(CAH17-01-06) tourism, transport and travel",Quintile 3,All,All,1325
2022,(CAH17) business and management,"(CAH17-01-06) tourism, transport and travel",Quintile 3,All,All,1535
2023,(CAH17) business and management,"(CAH17-01-06) tourism, transport and travel",Quintile 3,All,All,1160
2024,(CAH17) business and management,"(CAH17-01-06) tourism, transport and travel",Quintile 3,All,All,1160
2019,(CAH17) business and management,(CAH17-01-05) human resource management,Quintile 3,All,All,240
2020,(CAH17) business and management,(CAH17-01-05) human resource management,Quintile 3,All,All,235
2021,(CAH17) business and management,(CAH17-01-05) human resource management,Quintile 3,All,All,185
2022,(CAH17) business and management,(CAH17-01-05) human resource management,Quintile 3,All,All,170
2023,(CAH17) business and management,(CAH17-01-05) human resource management,Quintile 3,All,All,160
2024,(CAH17) business and management,(CAH17-01-05) human resource management,Quintile 3,All,All,140
2019,(CAH17) business and management,(CAH17-01-04) management studies,Quintile 3,All,All,1430
2020,(CAH17) business and management,(CAH17-01-04) management studies,Quintile 3,All,All,1375
2021,(CAH17) business and management,(CAH17-01-04) management studies,Quintile 3,All,All,1410
2022,(CAH17) business and management,(CAH17-01-04) management studies,Quintile 3,All,All,1300
2023,(CAH17) business and management,(CAH17-01-04) management studies,Quintile 3,All,All,1180
2024,(CAH17) business and management,(CAH17-01-04) management studies,Quintile 3,All,All,1240
2019,(CAH17) business and management,(CAH17-01-08) accounting,Quintile 3,All,All,1520
2020,(CAH17) business and management,(CAH17-01-08) accounting,Quintile 3,All,All,1595
2021,(CAH17) business and management,(CAH17-01-08) accounting,Quintile 3,All,All,1720
2022,(CAH17) business and management,(CAH17-01-08) accounting,Quintile 3,All,All,1665
2023,(CAH17) business and management,(CAH17-01-08) accounting,Quintile 3,All,All,1680
2024,(CAH17) business and management,(CAH17-01-08) accounting,Quintile 3,All,All,1965
2019,(CAH17) business and management,(CAH17-01-07) finance,Quintile 3,All,All,1100
2020,(CAH17) business and management,(CAH17-01-07) finance,Quintile 3,All,All,1130
2021,(CAH17) business and management,(CAH17-01-07) finance,Quintile 3,All,All,1185
2022,(CAH17) business and management,(CAH17-01-07) finance,Quintile 3,All,All,1270
2023,(CAH17) business and management,(CAH17-01-07) finance,Quintile 3,All,All,1345
2024,(CAH17) business and management,(CAH17-01-07) finance,Quintile 3,All,All,1445
2019,(CAH15) social sciences,(CAH15-03-01) politics,Quintile 3,All,All,1455
2020,(CAH15) social sciences,(CAH15-03-01) politics,Quintile 3,All,All,1435
2021,(CAH15) social sciences,(CAH15-03-01) politics,Quintile 3,All,All,1475
2022,(CAH15) social sciences,(CAH15-03-01) politics,Quintile 3,All,All,1430
2023,(CAH15) social sciences,(CAH15-03-01) politics,Quintile 3,All,All,1445
2024,(CAH15) social sciences,(CAH15-03-01) politics,Quintile 3,All,All,1515
2019,(CAH15) social sciences,(CAH15-01-04) anthropology,Quintile 3,All,All,145
2020,(CAH15) social sciences,(CAH15-01-04) anthropology,Quintile 3,All,All,150
2021,(CAH15) social sciences,(CAH15-01-04) anthropology,Quintile 3,All,All,130
2022,(CAH15) social sciences,(CAH15-01-04) anthropology,Quintile 3,All,All,145
2023,(CAH15) social sciences,(CAH15-01-04) anthropology,Quintile 3,All,All,135
2024,(CAH15) social sciences,(CAH15-01-04) anthropology,Quintile 3,All,All,120
2019,(CAH15) social sciences,(CAH15-02-01) economics,Quintile 3,All,All,1535
2020,(CAH15) social sciences,(CAH15-02-01) economics,Quintile 3,All,All,1645
2021,(CAH15) social sciences,(CAH15-02-01) economics,Quintile 3,All,All,1625
2022,(CAH15) social sciences,(CAH15-02-01) economics,Quintile 3,All,All,1515
2023,(CAH15) social sciences,(CAH15-02-01) economics,Quintile 3,All,All,1630
2024,(CAH15) social sciences,(CAH15-02-01) economics,Quintile 3,All,All,1695
2019,(CAH15) social sciences,(CAH15-04-02) childhood and youth studies,Quintile 3,All,All,1080
2020,(CAH15) social sciences,(CAH15-04-02) childhood and youth studies,Quintile 3,All,All,965
2021,(CAH15) social sciences,(CAH15-04-02) childhood and youth studies,Quintile 3,All,All,830
2022,(CAH15) social sciences,(CAH15-04-02) childhood and youth studies,Quintile 3,All,All,735
2023,(CAH15) social sciences,(CAH15-04-02) childhood and youth studies,Quintile 3,All,All,650
2024,(CAH15) social sciences,(CAH15-04-02) childhood and youth studies,Quintile 3,All,All,605
2019,(CAH15) social sciences,(CAH15-04-01) social work,Quintile 3,All,All,1360
2020,(CAH15) social sciences,(CAH15-04-01) social work,Quintile 3,All,All,1425
2021,(CAH15) social sciences,(CAH15-04-01) social work,Quintile 3,All,All,1340
2022,(CAH15) social sciences,(CAH15-04-01) social work,Quintile 3,All,All,1205
2023,(CAH15) social sciences,(CAH15-04-01) social work,Quintile 3,All,All,1105
2024,(CAH15) social sciences,(CAH15-04-01) social work,Quintile 3,All,All,1150
2019,(CAH15) social sciences,(CAH15-01-01) social sciences (non-specific),Quintile 3,All,All,410
2020,(CAH15) social sciences,(CAH15-01-01) social sciences (non-specific),Quintile 3,All,All,370
2021,(CAH15) social sciences,(CAH15-01-01) social sciences (non-specific),Quintile 3,All,All,400
2022,(CAH15) social sciences,(CAH15-01-01) social sciences (non-specific),Quintile 3,All,All,305
2023,(CAH15) social sciences,(CAH15-01-01) social sciences (non-specific),Quintile 3,All,All,345
2024,(CAH15) social sciences,(CAH15-01-01) social sciences (non-specific),Quintile 3,All,All,290
2019,(CAH15) social sciences,(CAH15-04-03) health studies,Quintile 3,All,All,1455
2020,(CAH15) social sciences,(CAH15-04-03) health studies,Quintile 3,All,All,1070
2021,(CAH15) social sciences,(CAH15-04-03) health studies,Quintile 3,All,All,1040
2022,(CAH15) social sciences,(CAH15-04-03) health studies,Quintile 3,All,All,840
2023,(CAH15) social sciences,(CAH15-04-03) health studies,Quintile 3,All,All,665
2024,(CAH15) social sciences,(CAH15-04-03) health studies,Quintile 3,All,All,630
2019,(CAH15) social sciences,(CAH15-01-03) social policy,Quintile 3,All,All,325
2020,(CAH15) social sciences,(CAH15-01-03) social policy,Quintile 3,All,All,325
2021,(CAH15) social sciences,(CAH15-01-03) social policy,Quintile 3,All,All,300
2022,(CAH15) social sciences,(CAH15-01-03) social policy,Quintile 3,All,All,260
2023,(CAH15) social sciences,(CAH15-01-03) social policy,Quintile 3,All,All,200
2024,(CAH15) social sciences,(CAH15-01-03) social policy,Quintile 3,All,All,220
2019,(CAH15) social sciences,(CAH15-01-02) sociology,Quintile 3,All,All,3060
2020,(CAH15) social sciences,(CAH15-01-02) sociology,Quintile 3,All,All,3180
2021,(CAH15) social sciences,(CAH15-01-02) sociology,Quintile 3,All,All,3280
2022,(CAH15) social sciences,(CAH15-01-02) sociology,Quintile 3,All,All,3160
2023,(CAH15) social sciences,(CAH15-01-02) sociology,Quintile 3,All,All,2820
2024,(CAH15) social sciences,(CAH15-01-02) sociology,Quintile 3,All,All,2560
2019,(CAH15) social sciences,(CAH15-01-05) development studies,Quintile 3,All,All,55
2020,(CAH15) social sciences,(CAH15-01-05) development studies,Quintile 3,All,All,45
2021,(CAH15) social sciences,(CAH15-01-05) development studies,Quintile 3,All,All,55
2022,(CAH15) social sciences,(CAH15-01-05) development studies,Quintile 3,All,All,45
2023,(CAH15) social sciences,(CAH15-01-05) development studies,Quintile 3,All,All,45
2024,(CAH15) social sciences,(CAH15-01-05) development studies,Quintile 3,All,All,45
2019,(CAH15) social sciences,(CAH15-01-06) cultural studies,Quintile 3,All,All,50
2020,(CAH15) social sciences,(CAH15-01-06) cultural studies,Quintile 3,All,All,25
2021,(CAH15) social sciences,(CAH15-01-06) cultural studies,Quintile 3,All,All,35
2022,(CAH15) social sciences,(CAH15-01-06) cultural studies,Quintile 3,All,All,25
2023,(CAH15) social sciences,(CAH15-01-06) cultural studies,Quintile 3,All,All,20
2024,(CAH15) social sciences,(CAH15-01-06) cultural studies,Quintile 3,All,All,15
2019,(CAH03) biological and sport sciences,(CAH03-02-01) sport and exercise sciences,Quintile 3,All,All,3215
2020,(CAH03) biological and sport sciences,(CAH03-02-01) sport and exercise sciences,Quintile 3,All,All,3235
2021,(CAH03) biological and sport sciences,(CAH03-02-01) sport and exercise sciences,Quintile 3,All,All,3335
2022,(CAH03) biological and sport sciences,(CAH03-02-01) sport and exercise sciences,Quintile 3,All,All,3400
2023,(CAH03) biological and sport sciences,(CAH03-02-01) sport and exercise sciences,Quintile 3,All,All,3055
2024,(CAH03) biological and sport sciences,(CAH03-02-01) sport and exercise sciences,Quintile 3,All,All,3115
2019,(CAH03) biological and sport sciences,(CAH03-01-07) genetics,Quintile 3,All,All,55
2020,(CAH03) biological and sport sciences,(CAH03-01-07) genetics,Quintile 3,All,All,45
2021,(CAH03) biological and sport sciences,(CAH03-01-07) genetics,Quintile 3,All,All,50
2022,(CAH03) biological and sport sciences,(CAH03-01-07) genetics,Quintile 3,All,All,50
2023,(CAH03) biological and sport sciences,(CAH03-01-07) genetics,Quintile 3,All,All,40
2024,(CAH03) biological and sport sciences,(CAH03-01-07) genetics,Quintile 3,All,All,30
2019,(CAH03) biological and sport sciences,(CAH03-01-10) others in biosciences,Quintile 3,All,All,130
2020,(CAH03) biological and sport sciences,(CAH03-01-10) others in biosciences,Quintile 3,All,All,130
2021,(CAH03) biological and sport sciences,(CAH03-01-10) others in biosciences,Quintile 3,All,All,115
2022,(CAH03) biological and sport sciences,(CAH03-01-10) others in biosciences,Quintile 3,All,All,125
2023,(CAH03) biological and sport sciences,(CAH03-01-10) others in biosciences,Quintile 3,All,All,120
2024,(CAH03) biological and sport sciences,(CAH03-01-10) others in biosciences,Quintile 3,All,All,120
2019,(CAH03) biological and sport sciences,"(CAH03-01-08) molecular biology, biophysics and biochemistry",Quintile 3,All,All,515
2020,(CAH03) biological and sport sciences,"(CAH03-01-08) molecular biology, biophysics and biochemistry",Quintile 3,All,All,505
2021,(CAH03) biological and sport sciences,"(CAH03-01-08) molecular biology, biophysics and biochemistry",Quintile 3,All,All,560
2022,(CAH03) biological and sport sciences,"(CAH03-01-08) molecular biology, biophysics and biochemistry",Quintile 3,All,All,495
2023,(CAH03) biological and sport sciences,"(CAH03-01-08) molecular biology, biophysics and biochemistry",Quintile 3,All,All,590
2024,(CAH03) biological and sport sciences,"(CAH03-01-08) molecular biology, biophysics and biochemistry",Quintile 3,All,All,570
2019,(CAH03) biological and sport sciences,(CAH03-01-01) biosciences (non-specific),Quintile 3,All,All,490
2020,(CAH03) biological and sport sciences,(CAH03-01-01) biosciences (non-specific),Quintile 3,All,All,430
2021,(CAH03) biological and sport sciences,(CAH03-01-01) biosciences (non-specific),Quintile 3,All,All,480
2022,(CAH03) biological and sport sciences,(CAH03-01-01) biosciences (non-specific),Quintile 3,All,All,465
2023,(CAH03) biological and sport sciences,(CAH03-01-01) biosciences (non-specific),Quintile 3,All,All,480
2024,(CAH03) biological and sport sciences,(CAH03-01-01) biosciences (non-specific),Quintile 3,All,All,420
2019,(CAH03) biological and sport sciences,(CAH03-01-02) biology (non-specific),Quintile 3,All,All,685
2020,(CAH03) biological and sport sciences,(CAH03-01-02) biology (non-specific),Quintile 3,All,All,625
2021,(CAH03) biological and sport sciences,(CAH03-01-02) biology (non-specific),Quintile 3,All,All,640
2022,(CAH03) biological and sport sciences,(CAH03-01-02) biology (non-specific),Quintile 3,All,All,585
2023,(CAH03) biological and sport sciences,(CAH03-01-02) biology (non-specific),Quintile 3,All,All,580
2024,(CAH03) biological and sport sciences,(CAH03-01-02) biology (non-specific),Quintile 3,All,All,570
2019,(CAH03) biological and sport sciences,(CAH03-01-03) ecology and environmental biology,Quintile 3,All,All,325
2020,(CAH03) biological and sport sciences,(CAH03-01-03) ecology and environmental biology,Quintile 3,All,All,320
2021,(CAH03) biological and sport sciences,(CAH03-01-03) ecology and environmental biology,Quintile 3,All,All,385
2022,(CAH03) biological and sport sciences,(CAH03-01-03) ecology and environmental biology,Quintile 3,All,All,395
2023,(CAH03) biological and sport sciences,(CAH03-01-03) ecology and environmental biology,Quintile 3,All,All,375
2024,(CAH03) biological and sport sciences,(CAH03-01-03) ecology and environmental biology,Quintile 3,All,All,385
2019,(CAH03) biological and sport sciences,(CAH03-01-04) microbiology and cell science,Quintile 3,All,All,115
2020,(CAH03) biological and sport sciences,(CAH03-01-04) microbiology and cell science,Quintile 3,All,All,105
2021,(CAH03) biological and sport sciences,(CAH03-01-04) microbiology and cell science,Quintile 3,All,All,120
2022,(CAH03) biological and sport sciences,(CAH03-01-04) microbiology and cell science,Quintile 3,All,All,105
2023,(CAH03) biological and sport sciences,(CAH03-01-04) microbiology and cell science,Quintile 3,All,All,80
2024,(CAH03) biological and sport sciences,(CAH03-01-04) microbiology and cell science,Quintile 3,All,All,100
2019,(CAH03) biological and sport sciences,(CAH03-01-05) plant sciences,Quintile 3,All,All,10
2020,(CAH03) biological and sport sciences,(CAH03-01-05) plant sciences,Quintile 3,All,All,15
2021,(CAH03) biological and sport sciences,(CAH03-01-05) plant sciences,Quintile 3,All,All,10
2022,(CAH03) biological and sport sciences,(CAH03-01-05) plant sciences,Quintile 3,All,All,10
2023,(CAH03) biological and sport sciences,(CAH03-01-05) plant sciences,Quintile 3,All,All,15
2024,(CAH03) biological and sport sciences,(CAH03-01-05) plant sciences,Quintile 3,All,All,5
2019,(CAH03) biological and sport sciences,(CAH03-01-06) zoology,Quintile 3,All,All,290
2020,(CAH03) biological and sport sciences,(CAH03-01-06) zoology,Quintile 3,All,All,335
2021,(CAH03) biological and sport sciences,(CAH03-01-06) zoology,Quintile 3,All,All,370
2022,(CAH03) biological and sport sciences,(CAH03-01-06) zoology,Quintile 3,All,All,360
2023,(CAH03) biological and sport sciences,(CAH03-01-06) zoology,Quintile 3,All,All,325
2024,(CAH03) biological and sport sciences,(CAH03-01-06) zoology,Quintile 3,All,All,315
2019,(CAH03) biological and sport sciences,(CAH03-01-09) hair and beauty sciences,Quintile 3,All,All,10
2020,(CAH03) biological and sport sciences,(CAH03-01-09) hair and beauty sciences,Quintile 3,All,All,15
2021,(CAH03) biological and sport sciences,(CAH03-01-09) hair and beauty sciences,Quintile 3,All,All,10
2022,(CAH03) biological and sport sciences,(CAH03-01-09) hair and beauty sciences,Quintile 3,All,All,5
2023,(CAH03) biological and sport sciences,(CAH03-01-09) hair and beauty sciences,Quintile 3,All,All,5
2024,(CAH03) biological and sport sciences,(CAH03-01-09) hair and beauty sciences,Quintile 3,All,All,5
2019,"(CAH13) architecture, building and planning",(CAH13-01-01) architecture,Quintile 3,All,All,780
2020,"(CAH13) architecture, building and planning",(CAH13-01-01) architecture,Quintile 3,All,All,825
2021,"(CAH13) architecture, building and planning",(CAH13-01-01) architecture,Quintile 3,All,All,825
2022,"(CAH13) architecture, building and planning",(CAH13-01-01) architecture,Quintile 3,All,All,855
2023,"(CAH13) architecture, building and planning",(CAH13-01-01) architecture,Quintile 3,All,All,855
2024,"(CAH13) architecture, building and planning",(CAH13-01-01) architecture,Quintile 3,All,All,920
2019,"(CAH13) architecture, building and planning",(CAH13-01-03) landscape design,Quintile 3,All,All,15
2020,"(CAH13) architecture, building and planning",(CAH13-01-03) landscape design,Quintile 3,All,All,30
2021,"(CAH13) architecture, building and planning",(CAH13-01-03) landscape design,Quintile 3,All,All,15
2022,"(CAH13) architecture, building and planning",(CAH13-01-03) landscape design,Quintile 3,All,All,15
2023,"(CAH13) architecture, building and planning",(CAH13-01-03) landscape design,Quintile 3,All,All,25
2024,"(CAH13) architecture, building and planning",(CAH13-01-03) landscape design,Quintile 3,All,All,40
2019,"(CAH13) architecture, building and planning",(CAH13-01-02) building,Quintile 3,All,All,595
2020,"(CAH13) architecture, building and planning",(CAH13-01-02) building,Quintile 3,All,All,695
2021,"(CAH13) architecture, building and planning",(CAH13-01-02) building,Quintile 3,All,All,585
2022,"(CAH13) architecture, building and planning",(CAH13-01-02) building,Quintile 3,All,All,1050
2023,"(CAH13) architecture, building and planning",(CAH13-01-02) building,Quintile 3,All,All,1165
2024,"(CAH13) architecture, building and planning",(CAH13-01-02) building,Quintile 3,All,All,1310
2019,"(CAH13) architecture, building and planning","(CAH13-01-04) planning (urban, rural and regional)",Quintile 3,All,All,160
2020,"(CAH13) architecture, building and planning","(CAH13-01-04) planning (urban, rural and regional)",Quintile 3,All,All,185
2021,"(CAH13) architecture, building and planning","(CAH13-01-04) planning (urban, rural and regional)",Quintile 3,All,All,130
2022,"(CAH13) architecture, building and planning","(CAH13-01-04) planning (urban, rural and regional)",Quintile 3,All,All,110
2023,"(CAH13) architecture, building and planning","(CAH13-01-04) planning (urban, rural and regional)",Quintile 3,All,All,105
2024,"(CAH13) architecture, building and planning","(CAH13-01-04) planning (urban, rural and regional)",Quintile 3,All,All,105
2019,(CAH01) medicine and dentistry,(CAH01-01-03) medicine by specialism,Quintile 3,All,All,45
2020,(CAH01) medicine and dentistry,(CAH01-01-03) medicine by specialism,Quintile 3,All,All,45
2021,(CAH01) medicine and dentistry,(CAH01-01-03) medicine by specialism,Quintile 3,All,All,40
2022,(CAH01) medicine and dentistry,(CAH01-01-03) medicine by specialism,Quintile 3,All,All,55
2023,(CAH01) medicine and dentistry,(CAH01-01-03) medicine by specialism,Quintile 3,All,All,40
2024,(CAH01) medicine and dentistry,(CAH01-01-03) medicine by specialism,Quintile 3,All,All,40
2019,(CAH01) medicine and dentistry,(CAH01-01-04) dentistry,Quintile 3,All,All,230
2020,(CAH01) medicine and dentistry,(CAH01-01-04) dentistry,Quintile 3,All,All,260
2021,(CAH01) medicine and dentistry,(CAH01-01-04) dentistry,Quintile 3,All,All,255
2022,(CAH01) medicine and dentistry,(CAH01-01-04) dentistry,Quintile 3,All,All,210
2023,(CAH01) medicine and dentistry,(CAH01-01-04) dentistry,Quintile 3,All,All,245
2024,(CAH01) medicine and dentistry,(CAH01-01-04) dentistry,Quintile 3,All,All,235
2019,(CAH01) medicine and dentistry,(CAH01-01-02) medicine (non-specific),Quintile 3,All,All,1435
2020,(CAH01) medicine and dentistry,(CAH01-01-02) medicine (non-specific),Quintile 3,All,All,1460
2021,(CAH01) medicine and dentistry,(CAH01-01-02) medicine (non-specific),Quintile 3,All,All,1605
2022,(CAH01) medicine and dentistry,(CAH01-01-02) medicine (non-specific),Quintile 3,All,All,1425
2023,(CAH01) medicine and dentistry,(CAH01-01-02) medicine (non-specific),Quintile 3,All,All,1480
2024,(CAH01) medicine and dentistry,(CAH01-01-02) medicine (non-specific),Quintile 3,All,All,1560
2019,(CAH01) medicine and dentistry,(CAH01-01-01) medical sciences (non-specific),Quintile 3,All,All,70
2020,(CAH01) medicine and dentistry,(CAH01-01-01) medical sciences (non-specific),Quintile 3,All,All,70
2021,(CAH01) medicine and dentistry,(CAH01-01-01) medical sciences (non-specific),Quintile 3,All,All,75
2022,(CAH01) medicine and dentistry,(CAH01-01-01) medical sciences (non-specific),Quintile 3,All,All,70
2023,(CAH01) medicine and dentistry,(CAH01-01-01) medical sciences (non-specific),Quintile 3,All,All,105
2024,(CAH01) medicine and dentistry,(CAH01-01-01) medical sciences (non-specific),Quintile 3,All,All,85
2019,"(CAH20) historical, philosophical and religious studies",(CAH20-01-01) history,Quintile 3,All,All,1715
2020,"(CAH20) historical, philosophical and religious studies",(CAH20-01-01) history,Quintile 3,All,All,1565
2021,"(CAH20) historical, philosophical and religious studies",(CAH20-01-01) history,Quintile 3,All,All,1460
2022,"(CAH20) historical, philosophical and religious studies",(CAH20-01-01) history,Quintile 3,All,All,1445
2023,"(CAH20) historical, philosophical and religious studies",(CAH20-01-01) history,Quintile 3,All,All,1460
2024,"(CAH20) historical, philosophical and religious studies",(CAH20-01-01) history,Quintile 3,All,All,1445
2019,"(CAH20) historical, philosophical and religious studies",(CAH20-01-03) archaeology,Quintile 3,All,All,145
2020,"(CAH20) historical, philosophical and religious studies",(CAH20-01-03) archaeology,Quintile 3,All,All,120
2021,"(CAH20) historical, philosophical and religious studies",(CAH20-01-03) archaeology,Quintile 3,All,All,115
2022,"(CAH20) historical, philosophical and religious studies",(CAH20-01-03) archaeology,Quintile 3,All,All,135
2023,"(CAH20) historical, philosophical and religious studies",(CAH20-01-03) archaeology,Quintile 3,All,All,175
2024,"(CAH20) historical, philosophical and religious studies",(CAH20-01-03) archaeology,Quintile 3,All,All,155
2019,"(CAH20) historical, philosophical and religious studies",(CAH20-01-05) classics,Quintile 3,All,All,145
2020,"(CAH20) historical, philosophical and religious studies",(CAH20-01-05) classics,Quintile 3,All,All,140
2021,"(CAH20) historical, philosophical and religious studies",(CAH20-01-05) classics,Quintile 3,All,All,160
2022,"(CAH20) historical, philosophical and religious studies",(CAH20-01-05) classics,Quintile 3,All,All,175
2023,"(CAH20) historical, philosophical and religious studies",(CAH20-01-05) classics,Quintile 3,All,All,185
2024,"(CAH20) historical, philosophical and religious studies",(CAH20-01-05) classics,Quintile 3,All,All,165
2019,"(CAH20) historical, philosophical and religious studies","(CAH20-01-02) history of art, architecture and design",Quintile 3,All,All,105
2020,"(CAH20) historical, philosophical and religious studies","(CAH20-01-02) history of art, architecture and design",Quintile 3,All,All,115
2021,"(CAH20) historical, philosophical and religious studies","(CAH20-01-02) history of art, architecture and design",Quintile 3,All,All,115
2022,"(CAH20) historical, philosophical and religious studies","(CAH20-01-02) history of art, architecture and design",Quintile 3,All,All,125
2023,"(CAH20) historical, philosophical and religious studies","(CAH20-01-02) history of art, architecture and design",Quintile 3,All,All,125
2024,"(CAH20) historical, philosophical and religious studies","(CAH20-01-02) history of art, architecture and design",Quintile 3,All,All,125
2019,"(CAH20) historical, philosophical and religious studies",(CAH20-02-01) philosophy,Quintile 3,All,All,435
2020,"(CAH20) historical, philosophical and religious studies",(CAH20-02-01) philosophy,Quintile 3,All,All,435
2021,"(CAH20) historical, philosophical and religious studies",(CAH20-02-01) philosophy,Quintile 3,All,All,460
2022,"(CAH20) historical, philosophical and religious studies",(CAH20-02-01) philosophy,Quintile 3,All,All,420
2023,"(CAH20) historical, philosophical and religious studies",(CAH20-02-01) philosophy,Quintile 3,All,All,445
2024,"(CAH20) historical, philosophical and religious studies",(CAH20-02-01) philosophy,Quintile 3,All,All,440
2019,"(CAH20) historical, philosophical and religious studies",(CAH20-02-02) theology and religious studies,Quintile 3,All,All,155
2020,"(CAH20) historical, philosophical and religious studies",(CAH20-02-02) theology and religious studies,Quintile 3,All,All,180
2021,"(CAH20) historical, philosophical and religious studies",(CAH20-02-02) theology and religious studies,Quintile 3,All,All,135
2022,"(CAH20) historical, philosophical and religious studies",(CAH20-02-02) theology and religious studies,Quintile 3,All,All,130
2023,"(CAH20) historical, philosophical and religious studies",(CAH20-02-02) theology and religious studies,Quintile 3,All,All,120
2024,"(CAH20) historical, philosophical and religious studies",(CAH20-02-02) theology and religious studies,Quintile 3,All,All,130
2019,"(CAH20) historical, philosophical and religious studies",(CAH20-01-04) heritage studies,Quintile 3,All,All,15
2020,"(CAH20) historical, philosophical and religious studies",(CAH20-01-04) heritage studies,Quintile 3,All,All,10
2021,"(CAH20) historical, philosophical and religious studies",(CAH20-01-04) heritage studies,Quintile 3,All,All,5
2022,"(CAH20) historical, philosophical and religious studies",(CAH20-01-04) heritage studies,Quintile 3,All,All,10
2023,"(CAH20) historical, philosophical and religious studies",(CAH20-01-04) heritage studies,Quintile 3,All,All,10
2024,"(CAH20) historical, philosophical and religious studies",(CAH20-01-04) heritage studies,Quintile 3,All,All,10
2019,(CAH11) computing,(CAH11-01-08) others in computing,Quintile 3,All,All,290
2020,(CAH11) computing,(CAH11-01-08) others in computing,Quintile 3,All,All,265
2021,(CAH11) computing,(CAH11-01-08) others in computing,Quintile 3,All,All,215
2022,(CAH11) computing,(CAH11-01-08) others in computing,Quintile 3,All,All,195
2023,(CAH11) computing,(CAH11-01-08) others in computing,Quintile 3,All,All,235
2024,(CAH11) computing,(CAH11-01-08) others in computing,Quintile 3,All,All,355
2019,(CAH11) computing,(CAH11-01-05) artificial intelligence,Quintile 3,All,All,40
2020,(CAH11) computing,(CAH11-01-05) artificial intelligence,Quintile 3,All,All,70
2021,(CAH11) computing,(CAH11-01-05) artificial intelligence,Quintile 3,All,All,75
2022,(CAH11) computing,(CAH11-01-05) artificial intelligence,Quintile 3,All,All,95
2023,(CAH11) computing,(CAH11-01-05) artificial intelligence,Quintile 3,All,All,95
2024,(CAH11) computing,(CAH11-01-05) artificial intelligence,Quintile 3,All,All,135
2019,(CAH11) computing,(CAH11-01-07) business computing,Quintile 3,All,All,255
2020,(CAH11) computing,(CAH11-01-07) business computing,Quintile 3,All,All,250
2021,(CAH11) computing,(CAH11-01-07) business computing,Quintile 3,All,All,215
2022,(CAH11) computing,(CAH11-01-07) business computing,Quintile 3,All,All,190
2023,(CAH11) computing,(CAH11-01-07) business computing,Quintile 3,All,All,170
2024,(CAH11) computing,(CAH11-01-07) business computing,Quintile 3,All,All,180
2019,(CAH11) computing,(CAH11-01-06) computer games and animation,Quintile 3,All,All,980
2020,(CAH11) computing,(CAH11-01-06) computer games and animation,Quintile 3,All,All,945
2021,(CAH11) computing,(CAH11-01-06) computer games and animation,Quintile 3,All,All,970
2022,(CAH11) computing,(CAH11-01-06) computer games and animation,Quintile 3,All,All,1145
2023,(CAH11) computing,(CAH11-01-06) computer games and animation,Quintile 3,All,All,1115
2024,(CAH11) computing,(CAH11-01-06) computer games and animation,Quintile 3,All,All,1115
2019,(CAH11) computing,(CAH11-01-01) computer science,Quintile 3,All,All,2560
2020,(CAH11) computing,(CAH11-01-01) computer science,Quintile 3,All,All,2710
2021,(CAH11) computing,(CAH11-01-01) computer science,Quintile 3,All,All,2680
2022,(CAH11) computing,(CAH11-01-01) computer science,Quintile 3,All,All,2950
2023,(CAH11) computing,(CAH11-01-01) computer science,Quintile 3,All,All,3230
2024,(CAH11) computing,(CAH11-01-01) computer science,Quintile 3,All,All,3455
2019,(CAH11) computing,(CAH11-01-02) information technology,Quintile 3,All,All,185
2020,(CAH11) computing,(CAH11-01-02) information technology,Quintile 3,All,All,220
2021,(CAH11) computing,(CAH11-01-02) information technology,Quintile 3,All,All,225
2022,(CAH11) computing,(CAH11-01-02) information technology,Quintile 3,All,All,170
2023,(CAH11) computing,(CAH11-01-02) information technology,Quintile 3,All,All,165
2024,(CAH11) computing,(CAH11-01-02) information technology,Quintile 3,All,All,120
2019,(CAH11) computing,(CAH11-01-03) information systems,Quintile 3,All,All,140
2020,(CAH11) computing,(CAH11-01-03) information systems,Quintile 3,All,All,140
2021,(CAH11) computing,(CAH11-01-03) information systems,Quintile 3,All,All,170
2022,(CAH11) computing,(CAH11-01-03) information systems,Quintile 3,All,All,155
2023,(CAH11) computing,(CAH11-01-03) information systems,Quintile 3,All,All,130
2024,(CAH11) computing,(CAH11-01-03) information systems,Quintile 3,All,All,140
2019,(CAH11) computing,(CAH11-01-04) software engineering,Quintile 3,All,All,590
2020,(CAH11) computing,(CAH11-01-04) software engineering,Quintile 3,All,All,675
2021,(CAH11) computing,(CAH11-01-04) software engineering,Quintile 3,All,All,735
2022,(CAH11) computing,(CAH11-01-04) software engineering,Quintile 3,All,All,860
2023,(CAH11) computing,(CAH11-01-04) software engineering,Quintile 3,All,All,965
2024,(CAH11) computing,(CAH11-01-04) software engineering,Quintile 3,All,All,1095
2019,"(CAH26) geography, earth and environmental studies",(CAH26-01-06) earth sciences,Quintile 3,All,All,265
2020,"(CAH26) geography, earth and environmental studies",(CAH26-01-06) earth sciences,Quintile 3,All,All,225
2021,"(CAH26) geography, earth and environmental studies",(CAH26-01-06) earth sciences,Quintile 3,All,All,245
2022,"(CAH26) geography, earth and environmental studies",(CAH26-01-06) earth sciences,Quintile 3,All,All,280
2023,"(CAH26) geography, earth and environmental studies",(CAH26-01-06) earth sciences,Quintile 3,All,All,260
2024,"(CAH26) geography, earth and environmental studies",(CAH26-01-06) earth sciences,Quintile 3,All,All,255
2019,"(CAH26) geography, earth and environmental studies",(CAH26-01-04) environmental sciences,Quintile 3,All,All,180
2020,"(CAH26) geography, earth and environmental studies",(CAH26-01-04) environmental sciences,Quintile 3,All,All,220
2021,"(CAH26) geography, earth and environmental studies",(CAH26-01-04) environmental sciences,Quintile 3,All,All,200
2022,"(CAH26) geography, earth and environmental studies",(CAH26-01-04) environmental sciences,Quintile 3,All,All,225
2023,"(CAH26) geography, earth and environmental studies",(CAH26-01-04) environmental sciences,Quintile 3,All,All,200
2024,"(CAH26) geography, earth and environmental studies",(CAH26-01-04) environmental sciences,Quintile 3,All,All,230
2019,"(CAH26) geography, earth and environmental studies",(CAH26-01-02) physical geographical sciences,Quintile 3,All,All,320
2020,"(CAH26) geography, earth and environmental studies",(CAH26-01-02) physical geographical sciences,Quintile 3,All,All,370
2021,"(CAH26) geography, earth and environmental studies",(CAH26-01-02) physical geographical sciences,Quintile 3,All,All,350
2022,"(CAH26) geography, earth and environmental studies",(CAH26-01-02) physical geographical sciences,Quintile 3,All,All,390
2023,"(CAH26) geography, earth and environmental studies",(CAH26-01-02) physical geographical sciences,Quintile 3,All,All,340
2024,"(CAH26) geography, earth and environmental studies",(CAH26-01-02) physical geographical sciences,Quintile 3,All,All,355
2019,"(CAH26) geography, earth and environmental studies",(CAH26-01-01) geography (non-specific),Quintile 3,All,All,185
2020,"(CAH26) geography, earth and environmental studies",(CAH26-01-01) geography (non-specific),Quintile 3,All,All,145
2021,"(CAH26) geography, earth and environmental studies",(CAH26-01-01) geography (non-specific),Quintile 3,All,All,150
2022,"(CAH26) geography, earth and environmental studies",(CAH26-01-01) geography (non-specific),Quintile 3,All,All,160
2023,"(CAH26) geography, earth and environmental studies",(CAH26-01-01) geography (non-specific),Quintile 3,All,All,165
2024,"(CAH26) geography, earth and environmental studies",(CAH26-01-01) geography (non-specific),Quintile 3,All,All,165
2019,"(CAH26) geography, earth and environmental studies",(CAH26-01-03) human geography,Quintile 3,All,All,470
2020,"(CAH26) geography, earth and environmental studies",(CAH26-01-03) human geography,Quintile 3,All,All,395
2021,"(CAH26) geography, earth and environmental studies",(CAH26-01-03) human geography,Quintile 3,All,All,425
2022,"(CAH26) geography, earth and environmental studies",(CAH26-01-03) human geography,Quintile 3,All,All,395
2023,"(CAH26) geography, earth and environmental studies",(CAH26-01-03) human geography,Quintile 3,All,All,400
2024,"(CAH26) geography, earth and environmental studies",(CAH26-01-03) human geography,Quintile 3,All,All,355
2019,(CAH07) physical sciences,(CAH07-04-02) forensic and archaeological sciences,Quintile 3,All,All,450
2020,(CAH07) physical sciences,(CAH07-04-02) forensic and archaeological sciences,Quintile 3,All,All,480
2021,(CAH07) physical sciences,(CAH07-04-02) forensic and archaeological sciences,Quintile 3,All,All,510
2022,(CAH07) physical sciences,(CAH07-04-02) forensic and archaeological sciences,Quintile 3,All,All,525
2023,(CAH07) physical sciences,(CAH07-04-02) forensic and archaeological sciences,Quintile 3,All,All,470
2024,(CAH07) physical sciences,(CAH07-04-02) forensic and archaeological sciences,Quintile 3,All,All,465
2019,(CAH07) physical sciences,(CAH07-04-03) sciences (non-specific),Quintile 3,All,All,80
2020,(CAH07) physical sciences,(CAH07-04-03) sciences (non-specific),Quintile 3,All,All,95
2021,(CAH07) physical sciences,(CAH07-04-03) sciences (non-specific),Quintile 3,All,All,95
2022,(CAH07) physical sciences,(CAH07-04-03) sciences (non-specific),Quintile 3,All,All,175
2023,(CAH07) physical sciences,(CAH07-04-03) sciences (non-specific),Quintile 3,All,All,175
2024,(CAH07) physical sciences,(CAH07-04-03) sciences (non-specific),Quintile 3,All,All,240
2019,(CAH07) physical sciences,(CAH07-04-04) natural sciences (non-specific),Quintile 3,All,All,85
2020,(CAH07) physical sciences,(CAH07-04-04) natural sciences (non-specific),Quintile 3,All,All,80
2021,(CAH07) physical sciences,(CAH07-04-04) natural sciences (non-specific),Quintile 3,All,All,95
2022,(CAH07) physical sciences,(CAH07-04-04) natural sciences (non-specific),Quintile 3,All,All,85
2023,(CAH07) physical sciences,(CAH07-04-04) natural sciences (non-specific),Quintile 3,All,All,75
2024,(CAH07) physical sciences,(CAH07-04-04) natural sciences (non-specific),Quintile 3,All,All,75
2019,(CAH07) physical sciences,(CAH07-02-01) chemistry,Quintile 3,All,All,865
2020,(CAH07) physical sciences,(CAH07-02-01) chemistry,Quintile 3,All,All,835
2021,(CAH07) physical sciences,(CAH07-02-01) chemistry,Quintile 3,All,All,755
2022,(CAH07) physical sciences,(CAH07-02-01) chemistry,Quintile 3,All,All,750
2023,(CAH07) physical sciences,(CAH07-02-01) chemistry,Quintile 3,All,All,770
2024,(CAH07) physical sciences,(CAH07-02-01) chemistry,Quintile 3,All,All,790
2019,(CAH07) physical sciences,(CAH07-01-02) astronomy,Quintile 3,All,All,100
2020,(CAH07) physical sciences,(CAH07-01-02) astronomy,Quintile 3,All,All,105
2021,(CAH07) physical sciences,(CAH07-01-02) astronomy,Quintile 3,All,All,130
2022,(CAH07) physical sciences,(CAH07-01-02) astronomy,Quintile 3,All,All,120
2023,(CAH07) physical sciences,(CAH07-01-02) astronomy,Quintile 3,All,All,110
2024,(CAH07) physical sciences,(CAH07-01-02) astronomy,Quintile 3,All,All,140
2019,(CAH07) physical sciences,(CAH07-01-01) physics,Quintile 3,All,All,750
2020,(CAH07) physical sciences,(CAH07-01-01) physics,Quintile 3,All,All,720
2021,(CAH07) physical sciences,(CAH07-01-01) physics,Quintile 3,All,All,720
2022,(CAH07) physical sciences,(CAH07-01-01) physics,Quintile 3,All,All,715
2023,(CAH07) physical sciences,(CAH07-01-01) physics,Quintile 3,All,All,640
2024,(CAH07) physical sciences,(CAH07-01-01) physics,Quintile 3,All,All,690
2019,(CAH07) physical sciences,(CAH07-04-01) physical sciences (non-specific),Quintile 3,All,All,15
2020,(CAH07) physical sciences,(CAH07-04-01) physical sciences (non-specific),Quintile 3,All,All,5
2021,(CAH07) physical sciences,(CAH07-04-01) physical sciences (non-specific),Quintile 3,All,All,5
2022,(CAH07) physical sciences,(CAH07-04-01) physical sciences (non-specific),Quintile 3,All,All,5
2023,(CAH07) physical sciences,(CAH07-04-01) physical sciences (non-specific),Quintile 3,All,All,5
2024,(CAH07) physical sciences,(CAH07-04-01) physical sciences (non-specific),Quintile 3,All,All,5
2019,(CAH04) psychology,(CAH04-01-02) applied psychology,Quintile 3,All,All,515
2020,(CAH04) psychology,(CAH04-01-02) applied psychology,Quintile 3,All,All,575
2021,(CAH04) psychology,(CAH04-01-02) applied psychology,Quintile 3,All,All,560
2022,(CAH04) psychology,(CAH04-01-02) applied psychology,Quintile 3,All,All,520
2023,(CAH04) psychology,(CAH04-01-02) applied psychology,Quintile 3,All,All,575
2024,(CAH04) psychology,(CAH04-01-02) applied psychology,Quintile 3,All,All,545
2019,(CAH04) psychology,(CAH04-01-04) psychology and health,Quintile 3,All,All,60
2020,(CAH04) psychology,(CAH04-01-04) psychology and health,Quintile 3,All,All,60
2021,(CAH04) psychology,(CAH04-01-04) psychology and health,Quintile 3,All,All,60
2022,(CAH04) psychology,(CAH04-01-04) psychology and health,Quintile 3,All,All,55
2023,(CAH04) psychology,(CAH04-01-04) psychology and health,Quintile 3,All,All,55
2024,(CAH04) psychology,(CAH04-01-04) psychology and health,Quintile 3,All,All,55
2019,(CAH04) psychology,(CAH04-01-03) developmental psychology,Quintile 3,All,All,80
2020,(CAH04) psychology,(CAH04-01-03) developmental psychology,Quintile 3,All,All,95
2021,(CAH04) psychology,(CAH04-01-03) developmental psychology,Quintile 3,All,All,100
2022,(CAH04) psychology,(CAH04-01-03) developmental psychology,Quintile 3,All,All,90
2023,(CAH04) psychology,(CAH04-01-03) developmental psychology,Quintile 3,All,All,80
2024,(CAH04) psychology,(CAH04-01-03) developmental psychology,Quintile 3,All,All,95
2019,(CAH04) psychology,(CAH04-01-01) psychology (non-specific),Quintile 3,All,All,3835
2020,(CAH04) psychology,(CAH04-01-01) psychology (non-specific),Quintile 3,All,All,3970
2021,(CAH04) psychology,(CAH04-01-01) psychology (non-specific),Quintile 3,All,All,4050
2022,(CAH04) psychology,(CAH04-01-01) psychology (non-specific),Quintile 3,All,All,4035
2023,(CAH04) psychology,(CAH04-01-01) psychology (non-specific),Quintile 3,All,All,3780
2024,(CAH04) psychology,(CAH04-01-01) psychology (non-specific),Quintile 3,All,All,3820
2019,(CAH04) psychology,(CAH04-01-05) others in psychology,Quintile 3,All,All,70
2020,(CAH04) psychology,(CAH04-01-05) others in psychology,Quintile 3,All,All,65
2021,(CAH04) psychology,(CAH04-01-05) others in psychology,Quintile 3,All,All,80
2022,(CAH04) psychology,(CAH04-01-05) others in psychology,Quintile 3,All,All,75
2023,(CAH04) psychology,(CAH04-01-05) others in psychology,Quintile 3,All,All,50
2024,(CAH04) psychology,(CAH04-01-05) others in psychology,Quintile 3,All,All,60
2019,(CAH09) mathematical sciences,(CAH09-01-01) mathematics,Quintile 3,All,All,1285
2020,(CAH09) mathematical sciences,(CAH09-01-01) mathematics,Quintile 3,All,All,1255
2021,(CAH09) mathematical sciences,(CAH09-01-01) mathematics,Quintile 3,All,All,1240
2022,(CAH09) mathematical sciences,(CAH09-01-01) mathematics,Quintile 3,All,All,1200
2023,(CAH09) mathematical sciences,(CAH09-01-01) mathematics,Quintile 3,All,All,1195
2024,(CAH09) mathematical sciences,(CAH09-01-01) mathematics,Quintile 3,All,All,1195
2019,(CAH09) mathematical sciences,(CAH09-01-02) operational research,Quintile 3,All,All,5
2020,(CAH09) mathematical sciences,(CAH09-01-02) operational research,Quintile 3,All,All,5
2021,(CAH09) mathematical sciences,(CAH09-01-02) operational research,Quintile 3,All,All,5
2022,(CAH09) mathematical sciences,(CAH09-01-02) operational research,Quintile 3,All,All,5
2023,(CAH09) mathematical sciences,(CAH09-01-02) operational research,Quintile 3,All,All,5
2024,(CAH09) mathematical sciences,(CAH09-01-02) operational research,Quintile 3,All,All,5
2019,(CAH09) mathematical sciences,(CAH09-01-03) statistics,Quintile 3,All,All,25
2020,(CAH09) mathematical sciences,(CAH09-01-03) statistics,Quintile 3,All,All,45
2021,(CAH09) mathematical sciences,(CAH09-01-03) statistics,Quintile 3,All,All,55
2022,(CAH09) mathematical sciences,(CAH09-01-03) statistics,Quintile 3,All,All,50
2023,(CAH09) mathematical sciences,(CAH09-01-03) statistics,Quintile 3,All,All,55
2024,(CAH09) mathematical sciences,(CAH09-01-03) statistics,Quintile 3,All,All,60
2019,(CAH22) education and teaching,(CAH22-01-01) education,Quintile 3,All,All,1590
2020,(CAH22) education and teaching,(CAH22-01-01) education,Quintile 3,All,All,1485
2021,(CAH22) education and teaching,(CAH22-01-01) education,Quintile 3,All,All,1315
2022,(CAH22) education and teaching,(CAH22-01-01) education,Quintile 3,All,All,1295
2023,(CAH22) education and teaching,(CAH22-01-01) education,Quintile 3,All,All,1205
2024,(CAH22) education and teaching,(CAH22-01-01) education,Quintile 3,All,All,1215
2019,(CAH22) education and teaching,(CAH22-01-02) teacher training,Quintile 3,All,All,1755
2020,(CAH22) education and teaching,(CAH22-01-02) teacher training,Quintile 3,All,All,2120
2021,(CAH22) education and teaching,(CAH22-01-02) teacher training,Quintile 3,All,All,2085
2022,(CAH22) education and teaching,(CAH22-01-02) teacher training,Quintile 3,All,All,2155
2023,(CAH22) education and teaching,(CAH22-01-02) teacher training,Quintile 3,All,All,1885
2024,(CAH22) education and teaching,(CAH22-01-02) teacher training,Quintile 3,All,All,1840
2019,"(CAH06) agriculture, food and related studies",(CAH06-01-04) rural estate management,Quintile 3,All,All,25
2020,"(CAH06) agriculture, food and related studies",(CAH06-01-04) rural estate management,Quintile 3,All,All,35
2021,"(CAH06) agriculture, food and related studies",(CAH06-01-04) rural estate management,Quintile 3,All,All,25
2022,"(CAH06) agriculture, food and related studies",(CAH06-01-04) rural estate management,Quintile 3,All,All,30
2023,"(CAH06) agriculture, food and related studies",(CAH06-01-04) rural estate management,Quintile 3,All,All,40
2024,"(CAH06) agriculture, food and related studies",(CAH06-01-04) rural estate management,Quintile 3,All,All,25
2019,"(CAH06) agriculture, food and related studies",(CAH06-01-02) agricultural sciences,Quintile 3,All,All,20
2020,"(CAH06) agriculture, food and related studies",(CAH06-01-02) agricultural sciences,Quintile 3,All,All,20
2021,"(CAH06) agriculture, food and related studies",(CAH06-01-02) agricultural sciences,Quintile 3,All,All,10
2022,"(CAH06) agriculture, food and related studies",(CAH06-01-02) agricultural sciences,Quintile 3,All,All,10
2023,"(CAH06) agriculture, food and related studies",(CAH06-01-02) agricultural sciences,Quintile 3,All,All,15
2024,"(CAH06) agriculture, food and related studies",(CAH06-01-02) agricultural sciences,Quintile 3,All,All,20
2019,"(CAH06) agriculture, food and related studies",(CAH06-01-03) agriculture,Quintile 3,All,All,350
2020,"(CAH06) agriculture, food and related studies",(CAH06-01-03) agriculture,Quintile 3,All,All,425
2021,"(CAH06) agriculture, food and related studies",(CAH06-01-03) agriculture,Quintile 3,All,All,410
2022,"(CAH06) agriculture, food and related studies",(CAH06-01-03) agriculture,Quintile 3,All,All,390
2023,"(CAH06) agriculture, food and related studies",(CAH06-01-03) agriculture,Quintile 3,All,All,375
2024,"(CAH06) agriculture, food and related studies",(CAH06-01-03) agriculture,Quintile 3,All,All,330
2019,"(CAH06) agriculture, food and related studies",(CAH06-01-01) animal science,Quintile 3,All,All,475
2020,"(CAH06) agriculture, food and related studies",(CAH06-01-01) animal science,Quintile 3,All,All,460
2021,"(CAH06) agriculture, food and related studies",(CAH06-01-01) animal science,Quintile 3,All,All,475
2022,"(CAH06) agriculture, food and related studies",(CAH06-01-01) animal science,Quintile 3,All,All,445
2023,"(CAH06) agriculture, food and related studies",(CAH06-01-01) animal science,Quintile 3,All,All,375
2024,"(CAH06) agriculture, food and related studies",(CAH06-01-01) animal science,Quintile 3,All,All,335
2019,"(CAH06) agriculture, food and related studies",(CAH06-01-05) forestry and arboriculture,Quintile 3,All,All,20
2020,"(CAH06) agriculture, food and related studies",(CAH06-01-05) forestry and arboriculture,Quintile 3,All,All,15
2021,"(CAH06) agriculture, food and related studies",(CAH06-01-05) forestry and arboriculture,Quintile 3,All,All,20
2022,"(CAH06) agriculture, food and related studies",(CAH06-01-05) forestry and arboriculture,Quintile 3,All,All,20
2023,"(CAH06) agriculture, food and related studies",(CAH06-01-05) forestry and arboriculture,Quintile 3,All,All,15
2024,"(CAH06) agriculture, food and related studies",(CAH06-01-05) forestry and arboriculture,Quintile 3,All,All,10
2019,"(CAH06) agriculture, food and related studies",(CAH06-01-08) food and beverage production,Quintile 3,All,All,35
2020,"(CAH06) agriculture, food and related studies",(CAH06-01-08) food and beverage production,Quintile 3,All,All,40
2021,"(CAH06) agriculture, food and related studies",(CAH06-01-08) food and beverage production,Quintile 3,All,All,45
2022,"(CAH06) agriculture, food and related studies",(CAH06-01-08) food and beverage production,Quintile 3,All,All,40
2023,"(CAH06) agriculture, food and related studies",(CAH06-01-08) food and beverage production,Quintile 3,All,All,30
2024,"(CAH06) agriculture, food and related studies",(CAH06-01-08) food and beverage production,Quintile 3,All,All,35
2019,"(CAH06) agriculture, food and related studies",(CAH06-01-07) food sciences,Quintile 3,All,All,30
2020,"(CAH06) agriculture, food and related studies",(CAH06-01-07) food sciences,Quintile 3,All,All,60
2021,"(CAH06) agriculture, food and related studies",(CAH06-01-07) food sciences,Quintile 3,All,All,55
2022,"(CAH06) agriculture, food and related studies",(CAH06-01-07) food sciences,Quintile 3,All,All,55
2023,"(CAH06) agriculture, food and related studies",(CAH06-01-07) food sciences,Quintile 3,All,All,50
2024,"(CAH06) agriculture, food and related studies",(CAH06-01-07) food sciences,Quintile 3,All,All,45
2019,"(CAH06) agriculture, food and related studies",(CAH06-01-06) food and beverage studies (non-specific),Quintile 3,All,All,25
2020,"(CAH06) agriculture, food and related studies",(CAH06-01-06) food and beverage studies (non-specific),Quintile 3,All,All,25
2021,"(CAH06) agriculture, food and related studies",(CAH06-01-06) food and beverage studies (non-specific),Quintile 3,All,All,30
2022,"(CAH06) agriculture, food and related studies",(CAH06-01-06) food and beverage studies (non-specific),Quintile 3,All,All,20
2023,"(CAH06) agriculture, food and related studies",(CAH06-01-06) food and beverage studies (non-specific),Quintile 3,All,All,15
2024,"(CAH06) agriculture, food and related studies",(CAH06-01-06) food and beverage studies (non-specific),Quintile 3,All,All,20
2019,(CAH16) law,(CAH16-01-01) law,Quintile 3,All,All,4190
2020,(CAH16) law,(CAH16-01-01) law,Quintile 3,All,All,4390
2021,(CAH16) law,(CAH16-01-01) law,Quintile 3,All,All,4520
2022,(CAH16) law,(CAH16-01-01) law,Quintile 3,All,All,4450
2023,(CAH16) law,(CAH16-01-01) law,Quintile 3,All,All,4540
2024,(CAH16) law,(CAH16-01-01) law,Quintile 3,All,All,4875
2019,(CAH05) veterinary sciences,(CAH05-01-01) veterinary medicine and dentistry,Quintile 3,All,All,190
2020,(CAH05) veterinary sciences,(CAH05-01-01) veterinary medicine and dentistry,Quintile 3,All,All,235
2021,(CAH05) veterinary sciences,(CAH05-01-01) veterinary medicine and dentistry,Quintile 3,All,All,235
2022,(CAH05) veterinary sciences,(CAH05-01-01) veterinary medicine and dentistry,Quintile 3,All,All,210
2023,(CAH05) veterinary sciences,(CAH05-01-01) veterinary medicine and dentistry,Quintile 3,All,All,260
2024,(CAH05) veterinary sciences,(CAH05-01-01) veterinary medicine and dentistry,Quintile 3,All,All,240
2019,(CAH05) veterinary sciences,(CAH05-01-02) others in veterinary sciences,Quintile 3,All,All,155
2020,(CAH05) veterinary sciences,(CAH05-01-02) others in veterinary sciences,Quintile 3,All,All,170
2021,(CAH05) veterinary sciences,(CAH05-01-02) others in veterinary sciences,Quintile 3,All,All,170
2022,(CAH05) veterinary sciences,(CAH05-01-02) others in veterinary sciences,Quintile 3,All,All,155
2023,(CAH05) veterinary sciences,(CAH05-01-02) others in veterinary sciences,Quintile 3,All,All,135
2024,(CAH05) veterinary sciences,(CAH05-01-02) others in veterinary sciences,Quintile 3,All,All,160
2019,"(CAH25) design, and creative and performing arts",(CAH25-01-03) design studies,Quintile 4,All,All,3720
2020,"(CAH25) design, and creative and performing arts",(CAH25-01-03) design studies,Quintile 4,All,All,3785
2021,"(CAH25) design, and creative and performing arts",(CAH25-01-03) design studies,Quintile 4,All,All,3595
2022,"(CAH25) design, and creative and performing arts",(CAH25-01-03) design studies,Quintile 4,All,All,3760
2023,"(CAH25) design, and creative and performing arts",(CAH25-01-03) design studies,Quintile 4,All,All,3490
2024,"(CAH25) design, and creative and performing arts",(CAH25-01-03) design studies,Quintile 4,All,All,3555
2019,"(CAH25) design, and creative and performing arts",(CAH25-02-02) music,Quintile 4,All,All,1970
2020,"(CAH25) design, and creative and performing arts",(CAH25-02-02) music,Quintile 4,All,All,1960
2021,"(CAH25) design, and creative and performing arts",(CAH25-02-02) music,Quintile 4,All,All,1880
2022,"(CAH25) design, and creative and performing arts",(CAH25-02-02) music,Quintile 4,All,All,1895
2023,"(CAH25) design, and creative and performing arts",(CAH25-02-02) music,Quintile 4,All,All,1775
2024,"(CAH25) design, and creative and performing arts",(CAH25-02-02) music,Quintile 4,All,All,1875
2019,"(CAH25) design, and creative and performing arts",(CAH25-01-04) cinematics and photography,Quintile 4,All,All,1985
2020,"(CAH25) design, and creative and performing arts",(CAH25-01-04) cinematics and photography,Quintile 4,All,All,2090
2021,"(CAH25) design, and creative and performing arts",(CAH25-01-04) cinematics and photography,Quintile 4,All,All,2000
2022,"(CAH25) design, and creative and performing arts",(CAH25-01-04) cinematics and photography,Quintile 4,All,All,2120
2023,"(CAH25) design, and creative and performing arts",(CAH25-01-04) cinematics and photography,Quintile 4,All,All,1905
2024,"(CAH25) design, and creative and performing arts",(CAH25-01-04) cinematics and photography,Quintile 4,All,All,1890
2019,"(CAH25) design, and creative and performing arts",(CAH25-01-02) art,Quintile 4,All,All,860
2020,"(CAH25) design, and creative and performing arts",(CAH25-01-02) art,Quintile 4,All,All,845
2021,"(CAH25) design, and creative and performing arts",(CAH25-01-02) art,Quintile 4,All,All,845
2022,"(CAH25) design, and creative and performing arts",(CAH25-01-02) art,Quintile 4,All,All,940
2023,"(CAH25) design, and creative and performing arts",(CAH25-01-02) art,Quintile 4,All,All,825
2024,"(CAH25) design, and creative and performing arts",(CAH25-01-02) art,Quintile 4,All,All,820
2019,"(CAH25) design, and creative and performing arts",(CAH25-02-03) drama,Quintile 4,All,All,1175
2020,"(CAH25) design, and creative and performing arts",(CAH25-02-03) drama,Quintile 4,All,All,1225
2021,"(CAH25) design, and creative and performing arts",(CAH25-02-03) drama,Quintile 4,All,All,1150
2022,"(CAH25) design, and creative and performing arts",(CAH25-02-03) drama,Quintile 4,All,All,1225
2023,"(CAH25) design, and creative and performing arts",(CAH25-02-03) drama,Quintile 4,All,All,1200
2024,"(CAH25) design, and creative and performing arts",(CAH25-02-03) drama,Quintile 4,All,All,1220
2019,"(CAH25) design, and creative and performing arts",(CAH25-02-04) dance,Quintile 4,All,All,230
2020,"(CAH25) design, and creative and performing arts",(CAH25-02-04) dance,Quintile 4,All,All,220
2021,"(CAH25) design, and creative and performing arts",(CAH25-02-04) dance,Quintile 4,All,All,250
2022,"(CAH25) design, and creative and performing arts",(CAH25-02-04) dance,Quintile 4,All,All,235
2023,"(CAH25) design, and creative and performing arts",(CAH25-02-04) dance,Quintile 4,All,All,245
2024,"(CAH25) design, and creative and performing arts",(CAH25-02-04) dance,Quintile 4,All,All,225
2019,"(CAH25) design, and creative and performing arts",(CAH25-02-01) performing arts (non-specific),Quintile 4,All,All,145
2020,"(CAH25) design, and creative and performing arts",(CAH25-02-01) performing arts (non-specific),Quintile 4,All,All,95
2021,"(CAH25) design, and creative and performing arts",(CAH25-02-01) performing arts (non-specific),Quintile 4,All,All,100
2022,"(CAH25) design, and creative and performing arts",(CAH25-02-01) performing arts (non-specific),Quintile 4,All,All,95
2023,"(CAH25) design, and creative and performing arts",(CAH25-02-01) performing arts (non-specific),Quintile 4,All,All,70
2024,"(CAH25) design, and creative and performing arts",(CAH25-02-01) performing arts (non-specific),Quintile 4,All,All,60
2019,"(CAH25) design, and creative and performing arts",(CAH25-01-05) others in creative arts and design,Quintile 4,All,All,215
2020,"(CAH25) design, and creative and performing arts",(CAH25-01-05) others in creative arts and design,Quintile 4,All,All,205
2021,"(CAH25) design, and creative and performing arts",(CAH25-01-05) others in creative arts and design,Quintile 4,All,All,180
2022,"(CAH25) design, and creative and performing arts",(CAH25-01-05) others in creative arts and design,Quintile 4,All,All,180
2023,"(CAH25) design, and creative and performing arts",(CAH25-01-05) others in creative arts and design,Quintile 4,All,All,140
2024,"(CAH25) design, and creative and performing arts",(CAH25-01-05) others in creative arts and design,Quintile 4,All,All,145
2019,"(CAH25) design, and creative and performing arts",(CAH25-01-01) creative arts and design (non-specific),Quintile 4,All,All,140
2020,"(CAH25) design, and creative and performing arts",(CAH25-01-01) creative arts and design (non-specific),Quintile 4,All,All,180
2021,"(CAH25) design, and creative and performing arts",(CAH25-01-01) creative arts and design (non-specific),Quintile 4,All,All,160
2022,"(CAH25) design, and creative and performing arts",(CAH25-01-01) creative arts and design (non-specific),Quintile 4,All,All,185
2023,"(CAH25) design, and creative and performing arts",(CAH25-01-01) creative arts and design (non-specific),Quintile 4,All,All,185
2024,"(CAH25) design, and creative and performing arts",(CAH25-01-01) creative arts and design (non-specific),Quintile 4,All,All,215
2019,(CAH10) engineering and technology,"(CAH10-01-06) bioengineering, medical and biomedical engineering",Quintile 4,All,All,205
2020,(CAH10) engineering and technology,"(CAH10-01-06) bioengineering, medical and biomedical engineering",Quintile 4,All,All,235
2021,(CAH10) engineering and technology,"(CAH10-01-06) bioengineering, medical and biomedical engineering",Quintile 4,All,All,210
2022,(CAH10) engineering and technology,"(CAH10-01-06) bioengineering, medical and biomedical engineering",Quintile 4,All,All,205
2023,(CAH10) engineering and technology,"(CAH10-01-06) bioengineering, medical and biomedical engineering",Quintile 4,All,All,230
2024,(CAH10) engineering and technology,"(CAH10-01-06) bioengineering, medical and biomedical engineering",Quintile 4,All,All,225
2019,(CAH10) engineering and technology,(CAH10-03-02) materials technology,Quintile 4,All,All,30
2020,(CAH10) engineering and technology,(CAH10-03-02) materials technology,Quintile 4,All,All,35
2021,(CAH10) engineering and technology,(CAH10-03-02) materials technology,Quintile 4,All,All,35
2022,(CAH10) engineering and technology,(CAH10-03-02) materials technology,Quintile 4,All,All,25
2023,(CAH10) engineering and technology,(CAH10-03-02) materials technology,Quintile 4,All,All,35
2024,(CAH10) engineering and technology,(CAH10-03-02) materials technology,Quintile 4,All,All,60
2019,(CAH10) engineering and technology,(CAH10-03-06) others in technology,Quintile 4,All,All,190
2020,(CAH10) engineering and technology,(CAH10-03-06) others in technology,Quintile 4,All,All,175
2021,(CAH10) engineering and technology,(CAH10-03-06) others in technology,Quintile 4,All,All,180
2022,(CAH10) engineering and technology,(CAH10-03-06) others in technology,Quintile 4,All,All,220
2023,(CAH10) engineering and technology,(CAH10-03-06) others in technology,Quintile 4,All,All,210
2024,(CAH10) engineering and technology,(CAH10-03-06) others in technology,Quintile 4,All,All,235
2019,(CAH10) engineering and technology,(CAH10-01-03) production and manufacturing engineering,Quintile 4,All,All,335
2020,(CAH10) engineering and technology,(CAH10-01-03) production and manufacturing engineering,Quintile 4,All,All,340
2021,(CAH10) engineering and technology,(CAH10-01-03) production and manufacturing engineering,Quintile 4,All,All,370
2022,(CAH10) engineering and technology,(CAH10-01-03) production and manufacturing engineering,Quintile 4,All,All,425
2023,(CAH10) engineering and technology,(CAH10-01-03) production and manufacturing engineering,Quintile 4,All,All,340
2024,(CAH10) engineering and technology,(CAH10-01-03) production and manufacturing engineering,Quintile 4,All,All,445
2019,(CAH10) engineering and technology,(CAH10-01-04) aeronautical and aerospace engineering,Quintile 4,All,All,690
2020,(CAH10) engineering and technology,(CAH10-01-04) aeronautical and aerospace engineering,Quintile 4,All,All,725
2021,(CAH10) engineering and technology,(CAH10-01-04) aeronautical and aerospace engineering,Quintile 4,All,All,795
2022,(CAH10) engineering and technology,(CAH10-01-04) aeronautical and aerospace engineering,Quintile 4,All,All,760
2023,(CAH10) engineering and technology,(CAH10-01-04) aeronautical and aerospace engineering,Quintile 4,All,All,730
2024,(CAH10) engineering and technology,(CAH10-01-04) aeronautical and aerospace engineering,Quintile 4,All,All,855
2019,(CAH10) engineering and technology,(CAH10-01-08) electrical and electronic engineering,Quintile 4,All,All,725
2020,(CAH10) engineering and technology,(CAH10-01-08) electrical and electronic engineering,Quintile 4,All,All,770
2021,(CAH10) engineering and technology,(CAH10-01-08) electrical and electronic engineering,Quintile 4,All,All,785
2022,(CAH10) engineering and technology,(CAH10-01-08) electrical and electronic engineering,Quintile 4,All,All,800
2023,(CAH10) engineering and technology,(CAH10-01-08) electrical and electronic engineering,Quintile 4,All,All,795
2024,(CAH10) engineering and technology,(CAH10-01-08) electrical and electronic engineering,Quintile 4,All,All,875
2019,(CAH10) engineering and technology,(CAH10-01-07) civil engineering,Quintile 4,All,All,910
2020,(CAH10) engineering and technology,(CAH10-01-07) civil engineering,Quintile 4,All,All,895
2021,(CAH10) engineering and technology,(CAH10-01-07) civil engineering,Quintile 4,All,All,865
2022,(CAH10) engineering and technology,(CAH10-01-07) civil engineering,Quintile 4,All,All,755
2023,(CAH10) engineering and technology,(CAH10-01-07) civil engineering,Quintile 4,All,All,700
2024,(CAH10) engineering and technology,(CAH10-01-07) civil engineering,Quintile 4,All,All,790
2019,(CAH10) engineering and technology,(CAH10-03-05) biotechnology,Quintile 4,All,All,30
2020,(CAH10) engineering and technology,(CAH10-03-05) biotechnology,Quintile 4,All,All,30
2021,(CAH10) engineering and technology,(CAH10-03-05) biotechnology,Quintile 4,All,All,35
2022,(CAH10) engineering and technology,(CAH10-03-05) biotechnology,Quintile 4,All,All,30
2023,(CAH10) engineering and technology,(CAH10-03-05) biotechnology,Quintile 4,All,All,15
2024,(CAH10) engineering and technology,(CAH10-03-05) biotechnology,Quintile 4,All,All,30
2019,(CAH10) engineering and technology,"(CAH10-01-09) chemical, process and energy engineering",Quintile 4,All,All,475
2020,(CAH10) engineering and technology,"(CAH10-01-09) chemical, process and energy engineering",Quintile 4,All,All,420
2021,(CAH10) engineering and technology,"(CAH10-01-09) chemical, process and energy engineering",Quintile 4,All,All,410
2022,(CAH10) engineering and technology,"(CAH10-01-09) chemical, process and energy engineering",Quintile 4,All,All,405
2023,(CAH10) engineering and technology,"(CAH10-01-09) chemical, process and energy engineering",Quintile 4,All,All,430
2024,(CAH10) engineering and technology,"(CAH10-01-09) chemical, process and energy engineering",Quintile 4,All,All,430
2019,(CAH10) engineering and technology,(CAH10-03-03) polymers and textiles,Quintile 4,All,All,5
2020,(CAH10) engineering and technology,(CAH10-03-03) polymers and textiles,Quintile 4,All,All,5
2021,(CAH10) engineering and technology,(CAH10-03-03) polymers and textiles,Quintile 4,All,All,5
2022,(CAH10) engineering and technology,(CAH10-03-03) polymers and textiles,Quintile 4,All,All,5
2023,(CAH10) engineering and technology,(CAH10-03-03) polymers and textiles,Quintile 4,All,All,10
2024,(CAH10) engineering and technology,(CAH10-03-03) polymers and textiles,Quintile 4,All,All,10
2020,(CAH10) engineering and technology,(CAH10-03-01) minerals technology,Quintile 4,All,All,5
2019,(CAH10) engineering and technology,(CAH10-01-01) engineering (non-specific),Quintile 4,All,All,775
2020,(CAH10) engineering and technology,(CAH10-01-01) engineering (non-specific),Quintile 4,All,All,800
2021,(CAH10) engineering and technology,(CAH10-01-01) engineering (non-specific),Quintile 4,All,All,880
2022,(CAH10) engineering and technology,(CAH10-01-01) engineering (non-specific),Quintile 4,All,All,800
2023,(CAH10) engineering and technology,(CAH10-01-01) engineering (non-specific),Quintile 4,All,All,765
2024,(CAH10) engineering and technology,(CAH10-01-01) engineering (non-specific),Quintile 4,All,All,775
2019,(CAH10) engineering and technology,(CAH10-01-10) others in engineering,Quintile 4,All,All,10
2020,(CAH10) engineering and technology,(CAH10-01-10) others in engineering,Quintile 4,All,All,5
2021,(CAH10) engineering and technology,(CAH10-01-10) others in engineering,Quintile 4,All,All,5
2024,(CAH10) engineering and technology,(CAH10-01-10) others in engineering,Quintile 4,All,All,5
2019,(CAH10) engineering and technology,(CAH10-01-02) mechanical engineering,Quintile 4,All,All,1400
2020,(CAH10) engineering and technology,(CAH10-01-02) mechanical engineering,Quintile 4,All,All,1485
2021,(CAH10) engineering and technology,(CAH10-01-02) mechanical engineering,Quintile 4,All,All,1470
2022,(CAH10) engineering and technology,(CAH10-01-02) mechanical engineering,Quintile 4,All,All,1450
2023,(CAH10) engineering and technology,(CAH10-01-02) mechanical engineering,Quintile 4,All,All,1365
2024,(CAH10) engineering and technology,(CAH10-01-02) mechanical engineering,Quintile 4,All,All,1565
2019,(CAH10) engineering and technology,(CAH10-03-04) maritime technology,Quintile 4,All,All,20
2020,(CAH10) engineering and technology,(CAH10-03-04) maritime technology,Quintile 4,All,All,15
2021,(CAH10) engineering and technology,(CAH10-03-04) maritime technology,Quintile 4,All,All,25
2022,(CAH10) engineering and technology,(CAH10-03-04) maritime technology,Quintile 4,All,All,20
2023,(CAH10) engineering and technology,(CAH10-03-04) maritime technology,Quintile 4,All,All,15
2024,(CAH10) engineering and technology,(CAH10-03-04) maritime technology,Quintile 4,All,All,15
2019,(CAH10) engineering and technology,(CAH10-01-05) naval architecture,Quintile 4,All,All,10
2020,(CAH10) engineering and technology,(CAH10-01-05) naval architecture,Quintile 4,All,All,10
2021,(CAH10) engineering and technology,(CAH10-01-05) naval architecture,Quintile 4,All,All,10
2022,(CAH10) engineering and technology,(CAH10-01-05) naval architecture,Quintile 4,All,All,5
2023,(CAH10) engineering and technology,(CAH10-01-05) naval architecture,Quintile 4,All,All,10
2024,(CAH10) engineering and technology,(CAH10-01-05) naval architecture,Quintile 4,All,All,10
2019,(CAH10) engineering and technology,(CAH10-03-07) materials science,Quintile 4,All,All,45
2020,(CAH10) engineering and technology,(CAH10-03-07) materials science,Quintile 4,All,All,45
2021,(CAH10) engineering and technology,(CAH10-03-07) materials science,Quintile 4,All,All,45
2022,(CAH10) engineering and technology,(CAH10-03-07) materials science,Quintile 4,All,All,40
2023,(CAH10) engineering and technology,(CAH10-03-07) materials science,Quintile 4,All,All,35
2024,(CAH10) engineering and technology,(CAH10-03-07) materials science,Quintile 4,All,All,30
2019,(CAH02) subjects allied to medicine,(CAH02-06-03) ophthalmics,Quintile 4,All,All,300
2020,(CAH02) subjects allied to medicine,(CAH02-06-03) ophthalmics,Quintile 4,All,All,300
2021,(CAH02) subjects allied to medicine,(CAH02-06-03) ophthalmics,Quintile 4,All,All,295
2022,(CAH02) subjects allied to medicine,(CAH02-06-03) ophthalmics,Quintile 4,All,All,280
2023,(CAH02) subjects allied to medicine,(CAH02-06-03) ophthalmics,Quintile 4,All,All,270
2024,(CAH02) subjects allied to medicine,(CAH02-06-03) ophthalmics,Quintile 4,All,All,280
2019,(CAH02) subjects allied to medicine,"(CAH02-05-04) anatomy, physiology and pathology",Quintile 4,All,All,185
2020,(CAH02) subjects allied to medicine,"(CAH02-05-04) anatomy, physiology and pathology",Quintile 4,All,All,185
2021,(CAH02) subjects allied to medicine,"(CAH02-05-04) anatomy, physiology and pathology",Quintile 4,All,All,200
2022,(CAH02) subjects allied to medicine,"(CAH02-05-04) anatomy, physiology and pathology",Quintile 4,All,All,180
2023,(CAH02) subjects allied to medicine,"(CAH02-05-04) anatomy, physiology and pathology",Quintile 4,All,All,165
2024,(CAH02) subjects allied to medicine,"(CAH02-05-04) anatomy, physiology and pathology",Quintile 4,All,All,165
2019,(CAH02) subjects allied to medicine,(CAH02-05-01) medical technology,Quintile 4,All,All,405
2020,(CAH02) subjects allied to medicine,(CAH02-05-01) medical technology,Quintile 4,All,All,495
2021,(CAH02) subjects allied to medicine,(CAH02-05-01) medical technology,Quintile 4,All,All,455
2022,(CAH02) subjects allied to medicine,(CAH02-05-01) medical technology,Quintile 4,All,All,475
2023,(CAH02) subjects allied to medicine,(CAH02-05-01) medical technology,Quintile 4,All,All,465
2024,(CAH02) subjects allied to medicine,(CAH02-05-01) medical technology,Quintile 4,All,All,540
2019,(CAH02) subjects allied to medicine,(CAH02-06-06) complementary and alternative medicine,Quintile 4,All,All,240
2020,(CAH02) subjects allied to medicine,(CAH02-06-06) complementary and alternative medicine,Quintile 4,All,All,285
2021,(CAH02) subjects allied to medicine,(CAH02-06-06) complementary and alternative medicine,Quintile 4,All,All,290
2022,(CAH02) subjects allied to medicine,(CAH02-06-06) complementary and alternative medicine,Quintile 4,All,All,260
2023,(CAH02) subjects allied to medicine,(CAH02-06-06) complementary and alternative medicine,Quintile 4,All,All,195
2024,(CAH02) subjects allied to medicine,(CAH02-06-06) complementary and alternative medicine,Quintile 4,All,All,220
2019,(CAH02) subjects allied to medicine,(CAH02-06-01) health sciences (non-specific),Quintile 4,All,All,970
2020,(CAH02) subjects allied to medicine,(CAH02-06-01) health sciences (non-specific),Quintile 4,All,All,1180
2021,(CAH02) subjects allied to medicine,(CAH02-06-01) health sciences (non-specific),Quintile 4,All,All,1260
2022,(CAH02) subjects allied to medicine,(CAH02-06-01) health sciences (non-specific),Quintile 4,All,All,1340
2023,(CAH02) subjects allied to medicine,(CAH02-06-01) health sciences (non-specific),Quintile 4,All,All,1205
2024,(CAH02) subjects allied to medicine,(CAH02-06-01) health sciences (non-specific),Quintile 4,All,All,1280
2019,(CAH02) subjects allied to medicine,(CAH02-06-02) nutrition and dietetics,Quintile 4,All,All,320
2020,(CAH02) subjects allied to medicine,(CAH02-06-02) nutrition and dietetics,Quintile 4,All,All,325
2021,(CAH02) subjects allied to medicine,(CAH02-06-02) nutrition and dietetics,Quintile 4,All,All,350
2022,(CAH02) subjects allied to medicine,(CAH02-06-02) nutrition and dietetics,Quintile 4,All,All,295
2023,(CAH02) subjects allied to medicine,(CAH02-06-02) nutrition and dietetics,Quintile 4,All,All,275
2024,(CAH02) subjects allied to medicine,(CAH02-06-02) nutrition and dietetics,Quintile 4,All,All,265
2019,(CAH02) subjects allied to medicine,(CAH02-06-04) environmental and public health,Quintile 4,All,All,155
2020,(CAH02) subjects allied to medicine,(CAH02-06-04) environmental and public health,Quintile 4,All,All,100
2021,(CAH02) subjects allied to medicine,(CAH02-06-04) environmental and public health,Quintile 4,All,All,160
2022,(CAH02) subjects allied to medicine,(CAH02-06-04) environmental and public health,Quintile 4,All,All,110
2023,(CAH02) subjects allied to medicine,(CAH02-06-04) environmental and public health,Quintile 4,All,All,90
2024,(CAH02) subjects allied to medicine,(CAH02-06-04) environmental and public health,Quintile 4,All,All,120
2019,(CAH02) subjects allied to medicine,"(CAH02-06-07) counselling, psychotherapy and occupational therapy",Quintile 4,All,All,700
2020,(CAH02) subjects allied to medicine,"(CAH02-06-07) counselling, psychotherapy and occupational therapy",Quintile 4,All,All,680
2021,(CAH02) subjects allied to medicine,"(CAH02-06-07) counselling, psychotherapy and occupational therapy",Quintile 4,All,All,745
2022,(CAH02) subjects allied to medicine,"(CAH02-06-07) counselling, psychotherapy and occupational therapy",Quintile 4,All,All,740
2023,(CAH02) subjects allied to medicine,"(CAH02-06-07) counselling, psychotherapy and occupational therapy",Quintile 4,All,All,740
2024,(CAH02) subjects allied to medicine,"(CAH02-06-07) counselling, psychotherapy and occupational therapy",Quintile 4,All,All,755
2019,(CAH02) subjects allied to medicine,(CAH02-02-01) pharmacology,Quintile 4,All,All,250
2020,(CAH02) subjects allied to medicine,(CAH02-02-01) pharmacology,Quintile 4,All,All,240
2021,(CAH02) subjects allied to medicine,(CAH02-02-01) pharmacology,Quintile 4,All,All,295
2022,(CAH02) subjects allied to medicine,(CAH02-02-01) pharmacology,Quintile 4,All,All,295
2023,(CAH02) subjects allied to medicine,(CAH02-02-01) pharmacology,Quintile 4,All,All,380
2024,(CAH02) subjects allied to medicine,(CAH02-02-01) pharmacology,Quintile 4,All,All,420
2019,(CAH02) subjects allied to medicine,(CAH02-02-03) pharmacy,Quintile 4,All,All,685
2020,(CAH02) subjects allied to medicine,(CAH02-02-03) pharmacy,Quintile 4,All,All,805
2021,(CAH02) subjects allied to medicine,(CAH02-02-03) pharmacy,Quintile 4,All,All,885
2022,(CAH02) subjects allied to medicine,(CAH02-02-03) pharmacy,Quintile 4,All,All,915
2023,(CAH02) subjects allied to medicine,(CAH02-02-03) pharmacy,Quintile 4,All,All,1015
2024,(CAH02) subjects allied to medicine,(CAH02-02-03) pharmacy,Quintile 4,All,All,945
2019,(CAH02) subjects allied to medicine,(CAH02-06-05) physiotherapy,Quintile 4,All,All,520
2020,(CAH02) subjects allied to medicine,(CAH02-06-05) physiotherapy,Quintile 4,All,All,710
2021,(CAH02) subjects allied to medicine,(CAH02-06-05) physiotherapy,Quintile 4,All,All,645
2022,(CAH02) subjects allied to medicine,(CAH02-06-05) physiotherapy,Quintile 4,All,All,665
2023,(CAH02) subjects allied to medicine,(CAH02-06-05) physiotherapy,Quintile 4,All,All,715
2024,(CAH02) subjects allied to medicine,(CAH02-06-05) physiotherapy,Quintile 4,All,All,765
2019,(CAH02) subjects allied to medicine,(CAH02-05-02) healthcare science (non-specific),Quintile 4,All,All,250
2020,(CAH02) subjects allied to medicine,(CAH02-05-02) healthcare science (non-specific),Quintile 4,All,All,270
2021,(CAH02) subjects allied to medicine,(CAH02-05-02) healthcare science (non-specific),Quintile 4,All,All,285
2022,(CAH02) subjects allied to medicine,(CAH02-05-02) healthcare science (non-specific),Quintile 4,All,All,250
2023,(CAH02) subjects allied to medicine,(CAH02-05-02) healthcare science (non-specific),Quintile 4,All,All,745
2024,(CAH02) subjects allied to medicine,(CAH02-05-02) healthcare science (non-specific),Quintile 4,All,All,835
2019,(CAH02) subjects allied to medicine,(CAH02-05-03) biomedical sciences (non-specific),Quintile 4,All,All,1915
2020,(CAH02) subjects allied to medicine,(CAH02-05-03) biomedical sciences (non-specific),Quintile 4,All,All,2035
2021,(CAH02) subjects allied to medicine,(CAH02-05-03) biomedical sciences (non-specific),Quintile 4,All,All,2075
2022,(CAH02) subjects allied to medicine,(CAH02-05-03) biomedical sciences (non-specific),Quintile 4,All,All,2135
2023,(CAH02) subjects allied to medicine,(CAH02-05-03) biomedical sciences (non-specific),Quintile 4,All,All,2145
2024,(CAH02) subjects allied to medicine,(CAH02-05-03) biomedical sciences (non-specific),Quintile 4,All,All,1975
2019,(CAH02) subjects allied to medicine,(CAH02-02-02) toxicology,Quintile 4,All,All,10
2020,(CAH02) subjects allied to medicine,(CAH02-02-02) toxicology,Quintile 4,All,All,10
2021,(CAH02) subjects allied to medicine,(CAH02-02-02) toxicology,Quintile 4,All,All,5
2022,(CAH02) subjects allied to medicine,(CAH02-02-02) toxicology,Quintile 4,All,All,5
2023,(CAH02) subjects allied to medicine,(CAH02-02-02) toxicology,Quintile 4,All,All,10
2024,(CAH02) subjects allied to medicine,(CAH02-02-02) toxicology,Quintile 4,All,All,10
2019,(CAH02) subjects allied to medicine,(CAH02-04-02) adult nursing,Quintile 4,All,All,2955
2020,(CAH02) subjects allied to medicine,(CAH02-04-02) adult nursing,Quintile 4,All,All,3655
2021,(CAH02) subjects allied to medicine,(CAH02-04-02) adult nursing,Quintile 4,All,All,3770
2022,(CAH02) subjects allied to medicine,(CAH02-04-02) adult nursing,Quintile 4,All,All,3310
2023,(CAH02) subjects allied to medicine,(CAH02-04-02) adult nursing,Quintile 4,All,All,2780
2024,(CAH02) subjects allied to medicine,(CAH02-04-02) adult nursing,Quintile 4,All,All,2630
2019,(CAH02) subjects allied to medicine,(CAH02-04-05) children's nursing,Quintile 4,All,All,685
2020,(CAH02) subjects allied to medicine,(CAH02-04-05) children's nursing,Quintile 4,All,All,880
2021,(CAH02) subjects allied to medicine,(CAH02-04-05) children's nursing,Quintile 4,All,All,925
2022,(CAH02) subjects allied to medicine,(CAH02-04-05) children's nursing,Quintile 4,All,All,820
2023,(CAH02) subjects allied to medicine,(CAH02-04-05) children's nursing,Quintile 4,All,All,785
2024,(CAH02) subjects allied to medicine,(CAH02-04-05) children's nursing,Quintile 4,All,All,850
2020,(CAH02) subjects allied to medicine,(CAH02-04-03) community nursing,Quintile 4,All,All,5
2021,(CAH02) subjects allied to medicine,(CAH02-04-03) community nursing,Quintile 4,All,All,10
2022,(CAH02) subjects allied to medicine,(CAH02-04-03) community nursing,Quintile 4,All,All,5
2019,(CAH02) subjects allied to medicine,(CAH02-04-09) others in nursing,Quintile 4,All,All,95
2020,(CAH02) subjects allied to medicine,(CAH02-04-09) others in nursing,Quintile 4,All,All,110
2021,(CAH02) subjects allied to medicine,(CAH02-04-09) others in nursing,Quintile 4,All,All,100
2022,(CAH02) subjects allied to medicine,(CAH02-04-09) others in nursing,Quintile 4,All,All,110
2023,(CAH02) subjects allied to medicine,(CAH02-04-09) others in nursing,Quintile 4,All,All,110
2024,(CAH02) subjects allied to medicine,(CAH02-04-09) others in nursing,Quintile 4,All,All,85
2019,(CAH02) subjects allied to medicine,(CAH02-04-06) dental nursing,Quintile 4,All,All,35
2020,(CAH02) subjects allied to medicine,(CAH02-04-06) dental nursing,Quintile 4,All,All,45
2021,(CAH02) subjects allied to medicine,(CAH02-04-06) dental nursing,Quintile 4,All,All,40
2022,(CAH02) subjects allied to medicine,(CAH02-04-06) dental nursing,Quintile 4,All,All,30
2023,(CAH02) subjects allied to medicine,(CAH02-04-06) dental nursing,Quintile 4,All,All,60
2024,(CAH02) subjects allied to medicine,(CAH02-04-06) dental nursing,Quintile 4,All,All,75
2019,(CAH02) subjects allied to medicine,(CAH02-04-08) learning disabilities nursing,Quintile 4,All,All,145
2020,(CAH02) subjects allied to medicine,(CAH02-04-08) learning disabilities nursing,Quintile 4,All,All,160
2021,(CAH02) subjects allied to medicine,(CAH02-04-08) learning disabilities nursing,Quintile 4,All,All,180
2022,(CAH02) subjects allied to medicine,(CAH02-04-08) learning disabilities nursing,Quintile 4,All,All,145
2023,(CAH02) subjects allied to medicine,(CAH02-04-08) learning disabilities nursing,Quintile 4,All,All,100
2024,(CAH02) subjects allied to medicine,(CAH02-04-08) learning disabilities nursing,Quintile 4,All,All,135
2019,(CAH02) subjects allied to medicine,(CAH02-04-07) mental health nursing,Quintile 4,All,All,900
2020,(CAH02) subjects allied to medicine,(CAH02-04-07) mental health nursing,Quintile 4,All,All,1195
2021,(CAH02) subjects allied to medicine,(CAH02-04-07) mental health nursing,Quintile 4,All,All,1185
2022,(CAH02) subjects allied to medicine,(CAH02-04-07) mental health nursing,Quintile 4,All,All,1110
2023,(CAH02) subjects allied to medicine,(CAH02-04-07) mental health nursing,Quintile 4,All,All,1015
2024,(CAH02) subjects allied to medicine,(CAH02-04-07) mental health nursing,Quintile 4,All,All,1045
2019,(CAH02) subjects allied to medicine,(CAH02-04-04) midwifery,Quintile 4,All,All,810
2020,(CAH02) subjects allied to medicine,(CAH02-04-04) midwifery,Quintile 4,All,All,990
2021,(CAH02) subjects allied to medicine,(CAH02-04-04) midwifery,Quintile 4,All,All,915
2022,(CAH02) subjects allied to medicine,(CAH02-04-04) midwifery,Quintile 4,All,All,880
2023,(CAH02) subjects allied to medicine,(CAH02-04-04) midwifery,Quintile 4,All,All,860
2024,(CAH02) subjects allied to medicine,(CAH02-04-04) midwifery,Quintile 4,All,All,955
2019,(CAH02) subjects allied to medicine,(CAH02-04-01) nursing (non-specific),Quintile 4,All,All,410
2020,(CAH02) subjects allied to medicine,(CAH02-04-01) nursing (non-specific),Quintile 4,All,All,440
2021,(CAH02) subjects allied to medicine,(CAH02-04-01) nursing (non-specific),Quintile 4,All,All,410
2022,(CAH02) subjects allied to medicine,(CAH02-04-01) nursing (non-specific),Quintile 4,All,All,340
2023,(CAH02) subjects allied to medicine,(CAH02-04-01) nursing (non-specific),Quintile 4,All,All,345
2024,(CAH02) subjects allied to medicine,(CAH02-04-01) nursing (non-specific),Quintile 4,All,All,385
2019,(CAH19) language and area studies,(CAH19-01-05) creative writing,Quintile 4,All,All,345
2020,(CAH19) language and area studies,(CAH19-01-05) creative writing,Quintile 4,All,All,325
2021,(CAH19) language and area studies,(CAH19-01-05) creative writing,Quintile 4,All,All,345
2022,(CAH19) language and area studies,(CAH19-01-05) creative writing,Quintile 4,All,All,380
2023,(CAH19) language and area studies,(CAH19-01-05) creative writing,Quintile 4,All,All,330
2024,(CAH19) language and area studies,(CAH19-01-05) creative writing,Quintile 4,All,All,330
2019,(CAH19) language and area studies,(CAH19-04-08) American and Australasian studies,Quintile 4,All,All,90
2020,(CAH19) language and area studies,(CAH19-04-08) American and Australasian studies,Quintile 4,All,All,55
2021,(CAH19) language and area studies,(CAH19-04-08) American and Australasian studies,Quintile 4,All,All,50
2022,(CAH19) language and area studies,(CAH19-04-08) American and Australasian studies,Quintile 4,All,All,60
2023,(CAH19) language and area studies,(CAH19-04-08) American and Australasian studies,Quintile 4,All,All,35
2024,(CAH19) language and area studies,(CAH19-04-08) American and Australasian studies,Quintile 4,All,All,25
2019,(CAH19) language and area studies,(CAH19-01-06) others in English studies,Quintile 4,All,All,10
2020,(CAH19) language and area studies,(CAH19-01-06) others in English studies,Quintile 4,All,All,10
2021,(CAH19) language and area studies,(CAH19-01-06) others in English studies,Quintile 4,All,All,10
2022,(CAH19) language and area studies,(CAH19-01-06) others in English studies,Quintile 4,All,All,5
2023,(CAH19) language and area studies,(CAH19-01-06) others in English studies,Quintile 4,All,All,10
2024,(CAH19) language and area studies,(CAH19-01-06) others in English studies,Quintile 4,All,All,15
2019,(CAH19) language and area studies,(CAH19-01-02) English language,Quintile 4,All,All,215
2020,(CAH19) language and area studies,(CAH19-01-02) English language,Quintile 4,All,All,200
2021,(CAH19) language and area studies,(CAH19-01-02) English language,Quintile 4,All,All,145
2022,(CAH19) language and area studies,(CAH19-01-02) English language,Quintile 4,All,All,140
2023,(CAH19) language and area studies,(CAH19-01-02) English language,Quintile 4,All,All,140
2024,(CAH19) language and area studies,(CAH19-01-02) English language,Quintile 4,All,All,130
2019,(CAH19) language and area studies,(CAH19-01-03) literature in English,Quintile 4,All,All,855
2020,(CAH19) language and area studies,(CAH19-01-03) literature in English,Quintile 4,All,All,760
2021,(CAH19) language and area studies,(CAH19-01-03) literature in English,Quintile 4,All,All,745
2022,(CAH19) language and area studies,(CAH19-01-03) literature in English,Quintile 4,All,All,715
2023,(CAH19) language and area studies,(CAH19-01-03) literature in English,Quintile 4,All,All,720
2024,(CAH19) language and area studies,(CAH19-01-03) literature in English,Quintile 4,All,All,720
2019,(CAH19) language and area studies,(CAH19-01-01) English studies (non-specific),Quintile 4,All,All,900
2020,(CAH19) language and area studies,(CAH19-01-01) English studies (non-specific),Quintile 4,All,All,915
2021,(CAH19) language and area studies,(CAH19-01-01) English studies (non-specific),Quintile 4,All,All,860
2022,(CAH19) language and area studies,(CAH19-01-01) English studies (non-specific),Quintile 4,All,All,845
2023,(CAH19) language and area studies,(CAH19-01-01) English studies (non-specific),Quintile 4,All,All,805
2024,(CAH19) language and area studies,(CAH19-01-01) English studies (non-specific),Quintile 4,All,All,775
2019,(CAH19) language and area studies,(CAH19-04-01) French studies,Quintile 4,All,All,235
2020,(CAH19) language and area studies,(CAH19-04-01) French studies,Quintile 4,All,All,210
2021,(CAH19) language and area studies,(CAH19-04-01) French studies,Quintile 4,All,All,185
2022,(CAH19) language and area studies,(CAH19-04-01) French studies,Quintile 4,All,All,165
2023,(CAH19) language and area studies,(CAH19-04-01) French studies,Quintile 4,All,All,165
2024,(CAH19) language and area studies,(CAH19-04-01) French studies,Quintile 4,All,All,160
2019,(CAH19) language and area studies,(CAH19-04-02) German and Scandinavian studies,Quintile 4,All,All,80
2020,(CAH19) language and area studies,(CAH19-04-02) German and Scandinavian studies,Quintile 4,All,All,85
2021,(CAH19) language and area studies,(CAH19-04-02) German and Scandinavian studies,Quintile 4,All,All,75
2022,(CAH19) language and area studies,(CAH19-04-02) German and Scandinavian studies,Quintile 4,All,All,65
2023,(CAH19) language and area studies,(CAH19-04-02) German and Scandinavian studies,Quintile 4,All,All,50
2024,(CAH19) language and area studies,(CAH19-04-02) German and Scandinavian studies,Quintile 4,All,All,55
2019,(CAH19) language and area studies,(CAH19-04-04) Iberian studies,Quintile 4,All,All,230
2020,(CAH19) language and area studies,(CAH19-04-04) Iberian studies,Quintile 4,All,All,230
2021,(CAH19) language and area studies,(CAH19-04-04) Iberian studies,Quintile 4,All,All,205
2022,(CAH19) language and area studies,(CAH19-04-04) Iberian studies,Quintile 4,All,All,175
2023,(CAH19) language and area studies,(CAH19-04-04) Iberian studies,Quintile 4,All,All,160
2024,(CAH19) language and area studies,(CAH19-04-04) Iberian studies,Quintile 4,All,All,150
2019,(CAH19) language and area studies,(CAH19-04-03) Italian studies,Quintile 4,All,All,30
2020,(CAH19) language and area studies,(CAH19-04-03) Italian studies,Quintile 4,All,All,30
2021,(CAH19) language and area studies,(CAH19-04-03) Italian studies,Quintile 4,All,All,30
2022,(CAH19) language and area studies,(CAH19-04-03) Italian studies,Quintile 4,All,All,25
2023,(CAH19) language and area studies,(CAH19-04-03) Italian studies,Quintile 4,All,All,25
2024,(CAH19) language and area studies,(CAH19-04-03) Italian studies,Quintile 4,All,All,25
2019,(CAH19) language and area studies,(CAH19-01-07) linguistics,Quintile 4,All,All,185
2020,(CAH19) language and area studies,(CAH19-01-07) linguistics,Quintile 4,All,All,190
2021,(CAH19) language and area studies,(CAH19-01-07) linguistics,Quintile 4,All,All,175
2022,(CAH19) language and area studies,(CAH19-01-07) linguistics,Quintile 4,All,All,175
2023,(CAH19) language and area studies,(CAH19-01-07) linguistics,Quintile 4,All,All,150
2024,(CAH19) language and area studies,(CAH19-01-07) linguistics,Quintile 4,All,All,175
2019,(CAH19) language and area studies,(CAH19-04-09) others in language and area studies,Quintile 4,All,All,390
2020,(CAH19) language and area studies,(CAH19-04-09) others in language and area studies,Quintile 4,All,All,450
2021,(CAH19) language and area studies,(CAH19-04-09) others in language and area studies,Quintile 4,All,All,410
2022,(CAH19) language and area studies,(CAH19-04-09) others in language and area studies,Quintile 4,All,All,440
2023,(CAH19) language and area studies,(CAH19-04-09) others in language and area studies,Quintile 4,All,All,320
2024,(CAH19) language and area studies,(CAH19-04-09) others in language and area studies,Quintile 4,All,All,365
2019,(CAH19) language and area studies,(CAH19-04-05) Slavic studies,Quintile 4,All,All,25
2020,(CAH19) language and area studies,(CAH19-04-05) Slavic studies,Quintile 4,All,All,30
2021,(CAH19) language and area studies,(CAH19-04-05) Slavic studies,Quintile 4,All,All,30
2022,(CAH19) language and area studies,(CAH19-04-05) Slavic studies,Quintile 4,All,All,25
2023,(CAH19) language and area studies,(CAH19-04-05) Slavic studies,Quintile 4,All,All,30
2024,(CAH19) language and area studies,(CAH19-04-05) Slavic studies,Quintile 4,All,All,35
2019,(CAH19) language and area studies,(CAH19-02-03) Welsh studies,Quintile 4,All,All,15
2020,(CAH19) language and area studies,(CAH19-02-03) Welsh studies,Quintile 4,All,All,15
2021,(CAH19) language and area studies,(CAH19-02-03) Welsh studies,Quintile 4,All,All,15
2022,(CAH19) language and area studies,(CAH19-02-03) Welsh studies,Quintile 4,All,All,15
2023,(CAH19) language and area studies,(CAH19-02-03) Welsh studies,Quintile 4,All,All,15
2024,(CAH19) language and area studies,(CAH19-02-03) Welsh studies,Quintile 4,All,All,10
2019,(CAH19) language and area studies,(CAH19-02-01) Celtic studies (non-specific),Quintile 4,All,All,5
2020,(CAH19) language and area studies,(CAH19-02-01) Celtic studies (non-specific),Quintile 4,All,All,5
2021,(CAH19) language and area studies,(CAH19-02-01) Celtic studies (non-specific),Quintile 4,All,All,10
2022,(CAH19) language and area studies,(CAH19-02-01) Celtic studies (non-specific),Quintile 4,All,All,10
2023,(CAH19) language and area studies,(CAH19-02-01) Celtic studies (non-specific),Quintile 4,All,All,10
2024,(CAH19) language and area studies,(CAH19-02-01) Celtic studies (non-specific),Quintile 4,All,All,10
2019,(CAH19) language and area studies,(CAH19-02-02) Gaelic studies,Quintile 4,All,All,10
2020,(CAH19) language and area studies,(CAH19-02-02) Gaelic studies,Quintile 4,All,All,15
2021,(CAH19) language and area studies,(CAH19-02-02) Gaelic studies,Quintile 4,All,All,10
2022,(CAH19) language and area studies,(CAH19-02-02) Gaelic studies,Quintile 4,All,All,5
2023,(CAH19) language and area studies,(CAH19-02-02) Gaelic studies,Quintile 4,All,All,10
2024,(CAH19) language and area studies,(CAH19-02-02) Gaelic studies,Quintile 4,All,All,15
2019,(CAH19) language and area studies,(CAH19-02-04) others in Celtic studies,Quintile 4,All,All,5
2020,(CAH19) language and area studies,(CAH19-02-04) others in Celtic studies,Quintile 4,All,All,5
2021,(CAH19) language and area studies,(CAH19-02-04) others in Celtic studies,Quintile 4,All,All,10
2022,(CAH19) language and area studies,(CAH19-02-04) others in Celtic studies,Quintile 4,All,All,10
2023,(CAH19) language and area studies,(CAH19-02-04) others in Celtic studies,Quintile 4,All,All,10
2024,(CAH19) language and area studies,(CAH19-02-04) others in Celtic studies,Quintile 4,All,All,20
2019,(CAH19) language and area studies,(CAH19-04-06) Asian studies,Quintile 4,All,All,170
2020,(CAH19) language and area studies,(CAH19-04-06) Asian studies,Quintile 4,All,All,180
2021,(CAH19) language and area studies,(CAH19-04-06) Asian studies,Quintile 4,All,All,180
2022,(CAH19) language and area studies,(CAH19-04-06) Asian studies,Quintile 4,All,All,170
2023,(CAH19) language and area studies,(CAH19-04-06) Asian studies,Quintile 4,All,All,135
2024,(CAH19) language and area studies,(CAH19-04-06) Asian studies,Quintile 4,All,All,120
2019,(CAH19) language and area studies,(CAH19-04-07) African and modern Middle Eastern studies,Quintile 4,All,All,50
2020,(CAH19) language and area studies,(CAH19-04-07) African and modern Middle Eastern studies,Quintile 4,All,All,40
2021,(CAH19) language and area studies,(CAH19-04-07) African and modern Middle Eastern studies,Quintile 4,All,All,40
2022,(CAH19) language and area studies,(CAH19-04-07) African and modern Middle Eastern studies,Quintile 4,All,All,30
2023,(CAH19) language and area studies,(CAH19-04-07) African and modern Middle Eastern studies,Quintile 4,All,All,35
2024,(CAH19) language and area studies,(CAH19-04-07) African and modern Middle Eastern studies,Quintile 4,All,All,40
2019,"(CAH24) media, journalism and communications",(CAH24-01-05) media studies,Quintile 4,All,All,1450
2020,"(CAH24) media, journalism and communications",(CAH24-01-05) media studies,Quintile 4,All,All,1540
2021,"(CAH24) media, journalism and communications",(CAH24-01-05) media studies,Quintile 4,All,All,1590
2022,"(CAH24) media, journalism and communications",(CAH24-01-05) media studies,Quintile 4,All,All,1610
2023,"(CAH24) media, journalism and communications",(CAH24-01-05) media studies,Quintile 4,All,All,1545
2024,"(CAH24) media, journalism and communications",(CAH24-01-05) media studies,Quintile 4,All,All,1545
2019,"(CAH24) media, journalism and communications",(CAH24-01-02) publicity studies,Quintile 4,All,All,50
2020,"(CAH24) media, journalism and communications",(CAH24-01-02) publicity studies,Quintile 4,All,All,55
2021,"(CAH24) media, journalism and communications",(CAH24-01-02) publicity studies,Quintile 4,All,All,40
2022,"(CAH24) media, journalism and communications",(CAH24-01-02) publicity studies,Quintile 4,All,All,50
2023,"(CAH24) media, journalism and communications",(CAH24-01-02) publicity studies,Quintile 4,All,All,40
2024,"(CAH24) media, journalism and communications",(CAH24-01-02) publicity studies,Quintile 4,All,All,30
2019,"(CAH24) media, journalism and communications",(CAH24-01-01) information services,Quintile 4,All,All,10
2020,"(CAH24) media, journalism and communications",(CAH24-01-01) information services,Quintile 4,All,All,20
2021,"(CAH24) media, journalism and communications",(CAH24-01-01) information services,Quintile 4,All,All,20
2022,"(CAH24) media, journalism and communications",(CAH24-01-01) information services,Quintile 4,All,All,15
2023,"(CAH24) media, journalism and communications",(CAH24-01-01) information services,Quintile 4,All,All,20
2024,"(CAH24) media, journalism and communications",(CAH24-01-01) information services,Quintile 4,All,All,20
2019,"(CAH24) media, journalism and communications",(CAH24-01-04) journalism,Quintile 4,All,All,645
2020,"(CAH24) media, journalism and communications",(CAH24-01-04) journalism,Quintile 4,All,All,645
2021,"(CAH24) media, journalism and communications",(CAH24-01-04) journalism,Quintile 4,All,All,600
2022,"(CAH24) media, journalism and communications",(CAH24-01-04) journalism,Quintile 4,All,All,630
2023,"(CAH24) media, journalism and communications",(CAH24-01-04) journalism,Quintile 4,All,All,610
2024,"(CAH24) media, journalism and communications",(CAH24-01-04) journalism,Quintile 4,All,All,610
2019,"(CAH24) media, journalism and communications",(CAH24-01-03) publishing,Quintile 4,All,All,30
2020,"(CAH24) media, journalism and communications",(CAH24-01-03) publishing,Quintile 4,All,All,25
2021,"(CAH24) media, journalism and communications",(CAH24-01-03) publishing,Quintile 4,All,All,20
2022,"(CAH24) media, journalism and communications",(CAH24-01-03) publishing,Quintile 4,All,All,30
2023,"(CAH24) media, journalism and communications",(CAH24-01-03) publishing,Quintile 4,All,All,20
2024,"(CAH24) media, journalism and communications",(CAH24-01-03) publishing,Quintile 4,All,All,10
2019,(CAH23) combined and general studies,(CAH23-01-04) liberal arts (non-specific),Quintile 4,All,All,105
2020,(CAH23) combined and general studies,(CAH23-01-04) liberal arts (non-specific),Quintile 4,All,All,120
2021,(CAH23) combined and general studies,(CAH23-01-04) liberal arts (non-specific),Quintile 4,All,All,145
2022,(CAH23) combined and general studies,(CAH23-01-04) liberal arts (non-specific),Quintile 4,All,All,130
2023,(CAH23) combined and general studies,(CAH23-01-04) liberal arts (non-specific),Quintile 4,All,All,155
2024,(CAH23) combined and general studies,(CAH23-01-04) liberal arts (non-specific),Quintile 4,All,All,120
2019,(CAH23) combined and general studies,(CAH23-01-03) humanities (non-specific),Quintile 4,All,All,100
2020,(CAH23) combined and general studies,(CAH23-01-03) humanities (non-specific),Quintile 4,All,All,60
2021,(CAH23) combined and general studies,(CAH23-01-03) humanities (non-specific),Quintile 4,All,All,50
2022,(CAH23) combined and general studies,(CAH23-01-03) humanities (non-specific),Quintile 4,All,All,65
2023,(CAH23) combined and general studies,(CAH23-01-03) humanities (non-specific),Quintile 4,All,All,85
2024,(CAH23) combined and general studies,(CAH23-01-03) humanities (non-specific),Quintile 4,All,All,55
2019,(CAH23) combined and general studies,(CAH23-01-02) personal development,Quintile 4,All,All,95
2020,(CAH23) combined and general studies,(CAH23-01-02) personal development,Quintile 4,All,All,85
2021,(CAH23) combined and general studies,(CAH23-01-02) personal development,Quintile 4,All,All,125
2022,(CAH23) combined and general studies,(CAH23-01-02) personal development,Quintile 4,All,All,85
2023,(CAH23) combined and general studies,(CAH23-01-02) personal development,Quintile 4,All,All,65
2024,(CAH23) combined and general studies,(CAH23-01-02) personal development,Quintile 4,All,All,95
2019,(CAH23) combined and general studies,"(CAH23-01-01) combined, general or negotiated studies",Quintile 4,All,All,125
2020,(CAH23) combined and general studies,"(CAH23-01-01) combined, general or negotiated studies",Quintile 4,All,All,130
2021,(CAH23) combined and general studies,"(CAH23-01-01) combined, general or negotiated studies",Quintile 4,All,All,160
2022,(CAH23) combined and general studies,"(CAH23-01-01) combined, general or negotiated studies",Quintile 4,All,All,160
2023,(CAH23) combined and general studies,"(CAH23-01-01) combined, general or negotiated studies",Quintile 4,All,All,135
2024,(CAH23) combined and general studies,"(CAH23-01-01) combined, general or negotiated studies",Quintile 4,All,All,150
2019,(CAH17) business and management,(CAH17-01-03) marketing,Quintile 4,All,All,1380
2020,(CAH17) business and management,(CAH17-01-03) marketing,Quintile 4,All,All,1500
2021,(CAH17) business and management,(CAH17-01-03) marketing,Quintile 4,All,All,1660
2022,(CAH17) business and management,(CAH17-01-03) marketing,Quintile 4,All,All,1605
2023,(CAH17) business and management,(CAH17-01-03) marketing,Quintile 4,All,All,1585
2024,(CAH17) business and management,(CAH17-01-03) marketing,Quintile 4,All,All,1640
2019,(CAH17) business and management,(CAH17-01-01) business and management (non-specific),Quintile 4,All,All,2425
2020,(CAH17) business and management,(CAH17-01-01) business and management (non-specific),Quintile 4,All,All,2755
2021,(CAH17) business and management,(CAH17-01-01) business and management (non-specific),Quintile 4,All,All,3205
2022,(CAH17) business and management,(CAH17-01-01) business and management (non-specific),Quintile 4,All,All,3865
2023,(CAH17) business and management,(CAH17-01-01) business and management (non-specific),Quintile 4,All,All,4435
2024,(CAH17) business and management,(CAH17-01-01) business and management (non-specific),Quintile 4,All,All,4555
2019,(CAH17) business and management,(CAH17-01-02) business studies,Quintile 4,All,All,3905
2020,(CAH17) business and management,(CAH17-01-02) business studies,Quintile 4,All,All,3710
2021,(CAH17) business and management,(CAH17-01-02) business studies,Quintile 4,All,All,3665
2022,(CAH17) business and management,(CAH17-01-02) business studies,Quintile 4,All,All,4955
2023,(CAH17) business and management,(CAH17-01-02) business studies,Quintile 4,All,All,3645
2024,(CAH17) business and management,(CAH17-01-02) business studies,Quintile 4,All,All,4745
2019,(CAH17) business and management,"(CAH17-01-06) tourism, transport and travel",Quintile 4,All,All,1650
2020,(CAH17) business and management,"(CAH17-01-06) tourism, transport and travel",Quintile 4,All,All,1425
2021,(CAH17) business and management,"(CAH17-01-06) tourism, transport and travel",Quintile 4,All,All,1575
2022,(CAH17) business and management,"(CAH17-01-06) tourism, transport and travel",Quintile 4,All,All,1685
2023,(CAH17) business and management,"(CAH17-01-06) tourism, transport and travel",Quintile 4,All,All,1290
2024,(CAH17) business and management,"(CAH17-01-06) tourism, transport and travel",Quintile 4,All,All,1375
2019,(CAH17) business and management,(CAH17-01-05) human resource management,Quintile 4,All,All,260
2020,(CAH17) business and management,(CAH17-01-05) human resource management,Quintile 4,All,All,215
2021,(CAH17) business and management,(CAH17-01-05) human resource management,Quintile 4,All,All,210
2022,(CAH17) business and management,(CAH17-01-05) human resource management,Quintile 4,All,All,160
2023,(CAH17) business and management,(CAH17-01-05) human resource management,Quintile 4,All,All,175
2024,(CAH17) business and management,(CAH17-01-05) human resource management,Quintile 4,All,All,140
2019,(CAH17) business and management,(CAH17-01-04) management studies,Quintile 4,All,All,1980
2020,(CAH17) business and management,(CAH17-01-04) management studies,Quintile 4,All,All,1850
2021,(CAH17) business and management,(CAH17-01-04) management studies,Quintile 4,All,All,1835
2022,(CAH17) business and management,(CAH17-01-04) management studies,Quintile 4,All,All,1720
2023,(CAH17) business and management,(CAH17-01-04) management studies,Quintile 4,All,All,1560
2024,(CAH17) business and management,(CAH17-01-04) management studies,Quintile 4,All,All,1625
2019,(CAH17) business and management,(CAH17-01-08) accounting,Quintile 4,All,All,1830
2020,(CAH17) business and management,(CAH17-01-08) accounting,Quintile 4,All,All,1850
2021,(CAH17) business and management,(CAH17-01-08) accounting,Quintile 4,All,All,2040
2022,(CAH17) business and management,(CAH17-01-08) accounting,Quintile 4,All,All,2005
2023,(CAH17) business and management,(CAH17-01-08) accounting,Quintile 4,All,All,1950
2024,(CAH17) business and management,(CAH17-01-08) accounting,Quintile 4,All,All,2335
2019,(CAH17) business and management,(CAH17-01-07) finance,Quintile 4,All,All,1350
2020,(CAH17) business and management,(CAH17-01-07) finance,Quintile 4,All,All,1320
2021,(CAH17) business and management,(CAH17-01-07) finance,Quintile 4,All,All,1520
2022,(CAH17) business and management,(CAH17-01-07) finance,Quintile 4,All,All,1555
2023,(CAH17) business and management,(CAH17-01-07) finance,Quintile 4,All,All,1625
2024,(CAH17) business and management,(CAH17-01-07) finance,Quintile 4,All,All,1895
2019,(CAH15) social sciences,(CAH15-03-01) politics,Quintile 4,All,All,2030
2020,(CAH15) social sciences,(CAH15-03-01) politics,Quintile 4,All,All,2050
2021,(CAH15) social sciences,(CAH15-03-01) politics,Quintile 4,All,All,2150
2022,(CAH15) social sciences,(CAH15-03-01) politics,Quintile 4,All,All,1995
2023,(CAH15) social sciences,(CAH15-03-01) politics,Quintile 4,All,All,2095
2024,(CAH15) social sciences,(CAH15-03-01) politics,Quintile 4,All,All,2275
2019,(CAH15) social sciences,(CAH15-01-04) anthropology,Quintile 4,All,All,205
2020,(CAH15) social sciences,(CAH15-01-04) anthropology,Quintile 4,All,All,240
2021,(CAH15) social sciences,(CAH15-01-04) anthropology,Quintile 4,All,All,215
2022,(CAH15) social sciences,(CAH15-01-04) anthropology,Quintile 4,All,All,225
2023,(CAH15) social sciences,(CAH15-01-04) anthropology,Quintile 4,All,All,225
2024,(CAH15) social sciences,(CAH15-01-04) anthropology,Quintile 4,All,All,195
2019,(CAH15) social sciences,(CAH15-02-01) economics,Quintile 4,All,All,2350
2020,(CAH15) social sciences,(CAH15-02-01) economics,Quintile 4,All,All,2510
2021,(CAH15) social sciences,(CAH15-02-01) economics,Quintile 4,All,All,2575
2022,(CAH15) social sciences,(CAH15-02-01) economics,Quintile 4,All,All,2375
2023,(CAH15) social sciences,(CAH15-02-01) economics,Quintile 4,All,All,2610
2024,(CAH15) social sciences,(CAH15-02-01) economics,Quintile 4,All,All,2730
2019,(CAH15) social sciences,(CAH15-04-02) childhood and youth studies,Quintile 4,All,All,1045
2020,(CAH15) social sciences,(CAH15-04-02) childhood and youth studies,Quintile 4,All,All,895
2021,(CAH15) social sciences,(CAH15-04-02) childhood and youth studies,Quintile 4,All,All,790
2022,(CAH15) social sciences,(CAH15-04-02) childhood and youth studies,Quintile 4,All,All,670
2023,(CAH15) social sciences,(CAH15-04-02) childhood and youth studies,Quintile 4,All,All,530
2024,(CAH15) social sciences,(CAH15-04-02) childhood and youth studies,Quintile 4,All,All,510
2019,(CAH15) social sciences,(CAH15-04-01) social work,Quintile 4,All,All,1250
2020,(CAH15) social sciences,(CAH15-04-01) social work,Quintile 4,All,All,1430
2021,(CAH15) social sciences,(CAH15-04-01) social work,Quintile 4,All,All,1330
2022,(CAH15) social sciences,(CAH15-04-01) social work,Quintile 4,All,All,1110
2023,(CAH15) social sciences,(CAH15-04-01) social work,Quintile 4,All,All,940
2024,(CAH15) social sciences,(CAH15-04-01) social work,Quintile 4,All,All,990
2019,(CAH15) social sciences,(CAH15-01-01) social sciences (non-specific),Quintile 4,All,All,390
2020,(CAH15) social sciences,(CAH15-01-01) social sciences (non-specific),Quintile 4,All,All,475
2021,(CAH15) social sciences,(CAH15-01-01) social sciences (non-specific),Quintile 4,All,All,440
2022,(CAH15) social sciences,(CAH15-01-01) social sciences (non-specific),Quintile 4,All,All,370
2023,(CAH15) social sciences,(CAH15-01-01) social sciences (non-specific),Quintile 4,All,All,355
2024,(CAH15) social sciences,(CAH15-01-01) social sciences (non-specific),Quintile 4,All,All,365
2019,(CAH15) social sciences,(CAH15-04-03) health studies,Quintile 4,All,All,1275
2020,(CAH15) social sciences,(CAH15-04-03) health studies,Quintile 4,All,All,915
2021,(CAH15) social sciences,(CAH15-04-03) health studies,Quintile 4,All,All,975
2022,(CAH15) social sciences,(CAH15-04-03) health studies,Quintile 4,All,All,675
2023,(CAH15) social sciences,(CAH15-04-03) health studies,Quintile 4,All,All,575
2024,(CAH15) social sciences,(CAH15-04-03) health studies,Quintile 4,All,All,605
2019,(CAH15) social sciences,(CAH15-01-03) social policy,Quintile 4,All,All,330
2020,(CAH15) social sciences,(CAH15-01-03) social policy,Quintile 4,All,All,305
2021,(CAH15) social sciences,(CAH15-01-03) social policy,Quintile 4,All,All,280
2022,(CAH15) social sciences,(CAH15-01-03) social policy,Quintile 4,All,All,225
2023,(CAH15) social sciences,(CAH15-01-03) social policy,Quintile 4,All,All,240
2024,(CAH15) social sciences,(CAH15-01-03) social policy,Quintile 4,All,All,225
2019,(CAH15) social sciences,(CAH15-01-02) sociology,Quintile 4,All,All,3595
2020,(CAH15) social sciences,(CAH15-01-02) sociology,Quintile 4,All,All,3640
2021,(CAH15) social sciences,(CAH15-01-02) sociology,Quintile 4,All,All,3680
2022,(CAH15) social sciences,(CAH15-01-02) sociology,Quintile 4,All,All,3400
2023,(CAH15) social sciences,(CAH15-01-02) sociology,Quintile 4,All,All,3185
2024,(CAH15) social sciences,(CAH15-01-02) sociology,Quintile 4,All,All,2800
2019,(CAH15) social sciences,(CAH15-01-05) development studies,Quintile 4,All,All,95
2020,(CAH15) social sciences,(CAH15-01-05) development studies,Quintile 4,All,All,85
2021,(CAH15) social sciences,(CAH15-01-05) development studies,Quintile 4,All,All,85
2022,(CAH15) social sciences,(CAH15-01-05) development studies,Quintile 4,All,All,80
2023,(CAH15) social sciences,(CAH15-01-05) development studies,Quintile 4,All,All,70
2024,(CAH15) social sciences,(CAH15-01-05) development studies,Quintile 4,All,All,80
2019,(CAH15) social sciences,(CAH15-01-06) cultural studies,Quintile 4,All,All,50
2020,(CAH15) social sciences,(CAH15-01-06) cultural studies,Quintile 4,All,All,50
2021,(CAH15) social sciences,(CAH15-01-06) cultural studies,Quintile 4,All,All,55
2022,(CAH15) social sciences,(CAH15-01-06) cultural studies,Quintile 4,All,All,35
2023,(CAH15) social sciences,(CAH15-01-06) cultural studies,Quintile 4,All,All,35
2024,(CAH15) social sciences,(CAH15-01-06) cultural studies,Quintile 4,All,All,35
2019,(CAH03) biological and sport sciences,(CAH03-02-01) sport and exercise sciences,Quintile 4,All,All,3475
2020,(CAH03) biological and sport sciences,(CAH03-02-01) sport and exercise sciences,Quintile 4,All,All,3600
2021,(CAH03) biological and sport sciences,(CAH03-02-01) sport and exercise sciences,Quintile 4,All,All,3715
2022,(CAH03) biological and sport sciences,(CAH03-02-01) sport and exercise sciences,Quintile 4,All,All,3625
2023,(CAH03) biological and sport sciences,(CAH03-02-01) sport and exercise sciences,Quintile 4,All,All,3390
2024,(CAH03) biological and sport sciences,(CAH03-02-01) sport and exercise sciences,Quintile 4,All,All,3290
2019,(CAH03) biological and sport sciences,(CAH03-01-07) genetics,Quintile 4,All,All,35
2020,(CAH03) biological and sport sciences,(CAH03-01-07) genetics,Quintile 4,All,All,60
2021,(CAH03) biological and sport sciences,(CAH03-01-07) genetics,Quintile 4,All,All,65
2022,(CAH03) biological and sport sciences,(CAH03-01-07) genetics,Quintile 4,All,All,50
2023,(CAH03) biological and sport sciences,(CAH03-01-07) genetics,Quintile 4,All,All,40
2024,(CAH03) biological and sport sciences,(CAH03-01-07) genetics,Quintile 4,All,All,45
2019,(CAH03) biological and sport sciences,(CAH03-01-10) others in biosciences,Quintile 4,All,All,135
2020,(CAH03) biological and sport sciences,(CAH03-01-10) others in biosciences,Quintile 4,All,All,115
2021,(CAH03) biological and sport sciences,(CAH03-01-10) others in biosciences,Quintile 4,All,All,125
2022,(CAH03) biological and sport sciences,(CAH03-01-10) others in biosciences,Quintile 4,All,All,120
2023,(CAH03) biological and sport sciences,(CAH03-01-10) others in biosciences,Quintile 4,All,All,145
2024,(CAH03) biological and sport sciences,(CAH03-01-10) others in biosciences,Quintile 4,All,All,135
2019,(CAH03) biological and sport sciences,"(CAH03-01-08) molecular biology, biophysics and biochemistry",Quintile 4,All,All,755
2020,(CAH03) biological and sport sciences,"(CAH03-01-08) molecular biology, biophysics and biochemistry",Quintile 4,All,All,730
2021,(CAH03) biological and sport sciences,"(CAH03-01-08) molecular biology, biophysics and biochemistry",Quintile 4,All,All,735
2022,(CAH03) biological and sport sciences,"(CAH03-01-08) molecular biology, biophysics and biochemistry",Quintile 4,All,All,640
2023,(CAH03) biological and sport sciences,"(CAH03-01-08) molecular biology, biophysics and biochemistry",Quintile 4,All,All,690
2024,(CAH03) biological and sport sciences,"(CAH03-01-08) molecular biology, biophysics and biochemistry",Quintile 4,All,All,700
2019,(CAH03) biological and sport sciences,(CAH03-01-01) biosciences (non-specific),Quintile 4,All,All,560
2020,(CAH03) biological and sport sciences,(CAH03-01-01) biosciences (non-specific),Quintile 4,All,All,550
2021,(CAH03) biological and sport sciences,(CAH03-01-01) biosciences (non-specific),Quintile 4,All,All,550
2022,(CAH03) biological and sport sciences,(CAH03-01-01) biosciences (non-specific),Quintile 4,All,All,515
2023,(CAH03) biological and sport sciences,(CAH03-01-01) biosciences (non-specific),Quintile 4,All,All,560
2024,(CAH03) biological and sport sciences,(CAH03-01-01) biosciences (non-specific),Quintile 4,All,All,500
2019,(CAH03) biological and sport sciences,(CAH03-01-02) biology (non-specific),Quintile 4,All,All,810
2020,(CAH03) biological and sport sciences,(CAH03-01-02) biology (non-specific),Quintile 4,All,All,850
2021,(CAH03) biological and sport sciences,(CAH03-01-02) biology (non-specific),Quintile 4,All,All,800
2022,(CAH03) biological and sport sciences,(CAH03-01-02) biology (non-specific),Quintile 4,All,All,740
2023,(CAH03) biological and sport sciences,(CAH03-01-02) biology (non-specific),Quintile 4,All,All,725
2024,(CAH03) biological and sport sciences,(CAH03-01-02) biology (non-specific),Quintile 4,All,All,785
2019,(CAH03) biological and sport sciences,(CAH03-01-03) ecology and environmental biology,Quintile 4,All,All,340
2020,(CAH03) biological and sport sciences,(CAH03-01-03) ecology and environmental biology,Quintile 4,All,All,410
2021,(CAH03) biological and sport sciences,(CAH03-01-03) ecology and environmental biology,Quintile 4,All,All,395
2022,(CAH03) biological and sport sciences,(CAH03-01-03) ecology and environmental biology,Quintile 4,All,All,415
2023,(CAH03) biological and sport sciences,(CAH03-01-03) ecology and environmental biology,Quintile 4,All,All,410
2024,(CAH03) biological and sport sciences,(CAH03-01-03) ecology and environmental biology,Quintile 4,All,All,425
2019,(CAH03) biological and sport sciences,(CAH03-01-04) microbiology and cell science,Quintile 4,All,All,115
2020,(CAH03) biological and sport sciences,(CAH03-01-04) microbiology and cell science,Quintile 4,All,All,135
2021,(CAH03) biological and sport sciences,(CAH03-01-04) microbiology and cell science,Quintile 4,All,All,125
2022,(CAH03) biological and sport sciences,(CAH03-01-04) microbiology and cell science,Quintile 4,All,All,130
2023,(CAH03) biological and sport sciences,(CAH03-01-04) microbiology and cell science,Quintile 4,All,All,90
2024,(CAH03) biological and sport sciences,(CAH03-01-04) microbiology and cell science,Quintile 4,All,All,115
2019,(CAH03) biological and sport sciences,(CAH03-01-05) plant sciences,Quintile 4,All,All,10
2020,(CAH03) biological and sport sciences,(CAH03-01-05) plant sciences,Quintile 4,All,All,10
2021,(CAH03) biological and sport sciences,(CAH03-01-05) plant sciences,Quintile 4,All,All,10
2022,(CAH03) biological and sport sciences,(CAH03-01-05) plant sciences,Quintile 4,All,All,10
2023,(CAH03) biological and sport sciences,(CAH03-01-05) plant sciences,Quintile 4,All,All,20
2024,(CAH03) biological and sport sciences,(CAH03-01-05) plant sciences,Quintile 4,All,All,20
2019,(CAH03) biological and sport sciences,(CAH03-01-06) zoology,Quintile 4,All,All,350
2020,(CAH03) biological and sport sciences,(CAH03-01-06) zoology,Quintile 4,All,All,365
2021,(CAH03) biological and sport sciences,(CAH03-01-06) zoology,Quintile 4,All,All,410
2022,(CAH03) biological and sport sciences,(CAH03-01-06) zoology,Quintile 4,All,All,395
2023,(CAH03) biological and sport sciences,(CAH03-01-06) zoology,Quintile 4,All,All,360
2024,(CAH03) biological and sport sciences,(CAH03-01-06) zoology,Quintile 4,All,All,360
2019,(CAH03) biological and sport sciences,(CAH03-01-09) hair and beauty sciences,Quintile 4,All,All,20
2020,(CAH03) biological and sport sciences,(CAH03-01-09) hair and beauty sciences,Quintile 4,All,All,15
2021,(CAH03) biological and sport sciences,(CAH03-01-09) hair and beauty sciences,Quintile 4,All,All,10
2022,(CAH03) biological and sport sciences,(CAH03-01-09) hair and beauty sciences,Quintile 4,All,All,5
2023,(CAH03) biological and sport sciences,(CAH03-01-09) hair and beauty sciences,Quintile 4,All,All,5
2024,(CAH03) biological and sport sciences,(CAH03-01-09) hair and beauty sciences,Quintile 4,All,All,5
2019,"(CAH13) architecture, building and planning",(CAH13-01-01) architecture,Quintile 4,All,All,1035
2020,"(CAH13) architecture, building and planning",(CAH13-01-01) architecture,Quintile 4,All,All,1090
2021,"(CAH13) architecture, building and planning",(CAH13-01-01) architecture,Quintile 4,All,All,1120
2022,"(CAH13) architecture, building and planning",(CAH13-01-01) architecture,Quintile 4,All,All,1115
2023,"(CAH13) architecture, building and planning",(CAH13-01-01) architecture,Quintile 4,All,All,1070
2024,"(CAH13) architecture, building and planning",(CAH13-01-01) architecture,Quintile 4,All,All,1190
2019,"(CAH13) architecture, building and planning",(CAH13-01-03) landscape design,Quintile 4,All,All,30
2020,"(CAH13) architecture, building and planning",(CAH13-01-03) landscape design,Quintile 4,All,All,35
2021,"(CAH13) architecture, building and planning",(CAH13-01-03) landscape design,Quintile 4,All,All,30
2022,"(CAH13) architecture, building and planning",(CAH13-01-03) landscape design,Quintile 4,All,All,30
2023,"(CAH13) architecture, building and planning",(CAH13-01-03) landscape design,Quintile 4,All,All,45
2024,"(CAH13) architecture, building and planning",(CAH13-01-03) landscape design,Quintile 4,All,All,40
2019,"(CAH13) architecture, building and planning",(CAH13-01-02) building,Quintile 4,All,All,775
2020,"(CAH13) architecture, building and planning",(CAH13-01-02) building,Quintile 4,All,All,785
2021,"(CAH13) architecture, building and planning",(CAH13-01-02) building,Quintile 4,All,All,790
2022,"(CAH13) architecture, building and planning",(CAH13-01-02) building,Quintile 4,All,All,1265
2023,"(CAH13) architecture, building and planning",(CAH13-01-02) building,Quintile 4,All,All,1265
2024,"(CAH13) architecture, building and planning",(CAH13-01-02) building,Quintile 4,All,All,1475
2019,"(CAH13) architecture, building and planning","(CAH13-01-04) planning (urban, rural and regional)",Quintile 4,All,All,245
2020,"(CAH13) architecture, building and planning","(CAH13-01-04) planning (urban, rural and regional)",Quintile 4,All,All,235
2021,"(CAH13) architecture, building and planning","(CAH13-01-04) planning (urban, rural and regional)",Quintile 4,All,All,170
2022,"(CAH13) architecture, building and planning","(CAH13-01-04) planning (urban, rural and regional)",Quintile 4,All,All,140
2023,"(CAH13) architecture, building and planning","(CAH13-01-04) planning (urban, rural and regional)",Quintile 4,All,All,155
2024,"(CAH13) architecture, building and planning","(CAH13-01-04) planning (urban, rural and regional)",Quintile 4,All,All,175
2019,(CAH01) medicine and dentistry,(CAH01-01-03) medicine by specialism,Quintile 4,All,All,50
2020,(CAH01) medicine and dentistry,(CAH01-01-03) medicine by specialism,Quintile 4,All,All,60
2021,(CAH01) medicine and dentistry,(CAH01-01-03) medicine by specialism,Quintile 4,All,All,60
2022,(CAH01) medicine and dentistry,(CAH01-01-03) medicine by specialism,Quintile 4,All,All,65
2023,(CAH01) medicine and dentistry,(CAH01-01-03) medicine by specialism,Quintile 4,All,All,50
2024,(CAH01) medicine and dentistry,(CAH01-01-03) medicine by specialism,Quintile 4,All,All,60
2019,(CAH01) medicine and dentistry,(CAH01-01-04) dentistry,Quintile 4,All,All,255
2020,(CAH01) medicine and dentistry,(CAH01-01-04) dentistry,Quintile 4,All,All,325
2021,(CAH01) medicine and dentistry,(CAH01-01-04) dentistry,Quintile 4,All,All,330
2022,(CAH01) medicine and dentistry,(CAH01-01-04) dentistry,Quintile 4,All,All,270
2023,(CAH01) medicine and dentistry,(CAH01-01-04) dentistry,Quintile 4,All,All,305
2024,(CAH01) medicine and dentistry,(CAH01-01-04) dentistry,Quintile 4,All,All,305
2019,(CAH01) medicine and dentistry,(CAH01-01-02) medicine (non-specific),Quintile 4,All,All,1890
2020,(CAH01) medicine and dentistry,(CAH01-01-02) medicine (non-specific),Quintile 4,All,All,2025
2021,(CAH01) medicine and dentistry,(CAH01-01-02) medicine (non-specific),Quintile 4,All,All,2115
2022,(CAH01) medicine and dentistry,(CAH01-01-02) medicine (non-specific),Quintile 4,All,All,1950
2023,(CAH01) medicine and dentistry,(CAH01-01-02) medicine (non-specific),Quintile 4,All,All,2080
2024,(CAH01) medicine and dentistry,(CAH01-01-02) medicine (non-specific),Quintile 4,All,All,2150
2019,(CAH01) medicine and dentistry,(CAH01-01-01) medical sciences (non-specific),Quintile 4,All,All,70
2020,(CAH01) medicine and dentistry,(CAH01-01-01) medical sciences (non-specific),Quintile 4,All,All,90
2021,(CAH01) medicine and dentistry,(CAH01-01-01) medical sciences (non-specific),Quintile 4,All,All,65
2022,(CAH01) medicine and dentistry,(CAH01-01-01) medical sciences (non-specific),Quintile 4,All,All,90
2023,(CAH01) medicine and dentistry,(CAH01-01-01) medical sciences (non-specific),Quintile 4,All,All,75
2024,(CAH01) medicine and dentistry,(CAH01-01-01) medical sciences (non-specific),Quintile 4,All,All,95
2019,"(CAH20) historical, philosophical and religious studies",(CAH20-01-01) history,Quintile 4,All,All,2160
2020,"(CAH20) historical, philosophical and religious studies",(CAH20-01-01) history,Quintile 4,All,All,2060
2021,"(CAH20) historical, philosophical and religious studies",(CAH20-01-01) history,Quintile 4,All,All,1990
2022,"(CAH20) historical, philosophical and religious studies",(CAH20-01-01) history,Quintile 4,All,All,1875
2023,"(CAH20) historical, philosophical and religious studies",(CAH20-01-01) history,Quintile 4,All,All,1945
2024,"(CAH20) historical, philosophical and religious studies",(CAH20-01-01) history,Quintile 4,All,All,1940
2019,"(CAH20) historical, philosophical and religious studies",(CAH20-01-03) archaeology,Quintile 4,All,All,165
2020,"(CAH20) historical, philosophical and religious studies",(CAH20-01-03) archaeology,Quintile 4,All,All,180
2021,"(CAH20) historical, philosophical and religious studies",(CAH20-01-03) archaeology,Quintile 4,All,All,160
2022,"(CAH20) historical, philosophical and religious studies",(CAH20-01-03) archaeology,Quintile 4,All,All,160
2023,"(CAH20) historical, philosophical and religious studies",(CAH20-01-03) archaeology,Quintile 4,All,All,195
2024,"(CAH20) historical, philosophical and religious studies",(CAH20-01-03) archaeology,Quintile 4,All,All,190
2019,"(CAH20) historical, philosophical and religious studies",(CAH20-01-05) classics,Quintile 4,All,All,265
2020,"(CAH20) historical, philosophical and religious studies",(CAH20-01-05) classics,Quintile 4,All,All,225
2021,"(CAH20) historical, philosophical and religious studies",(CAH20-01-05) classics,Quintile 4,All,All,250
2022,"(CAH20) historical, philosophical and religious studies",(CAH20-01-05) classics,Quintile 4,All,All,260
2023,"(CAH20) historical, philosophical and religious studies",(CAH20-01-05) classics,Quintile 4,All,All,280
2024,"(CAH20) historical, philosophical and religious studies",(CAH20-01-05) classics,Quintile 4,All,All,300
2019,"(CAH20) historical, philosophical and religious studies","(CAH20-01-02) history of art, architecture and design",Quintile 4,All,All,185
2020,"(CAH20) historical, philosophical and religious studies","(CAH20-01-02) history of art, architecture and design",Quintile 4,All,All,190
2021,"(CAH20) historical, philosophical and religious studies","(CAH20-01-02) history of art, architecture and design",Quintile 4,All,All,190
2022,"(CAH20) historical, philosophical and religious studies","(CAH20-01-02) history of art, architecture and design",Quintile 4,All,All,205
2023,"(CAH20) historical, philosophical and religious studies","(CAH20-01-02) history of art, architecture and design",Quintile 4,All,All,200
2024,"(CAH20) historical, philosophical and religious studies","(CAH20-01-02) history of art, architecture and design",Quintile 4,All,All,175
2019,"(CAH20) historical, philosophical and religious studies",(CAH20-02-01) philosophy,Quintile 4,All,All,620
2020,"(CAH20) historical, philosophical and religious studies",(CAH20-02-01) philosophy,Quintile 4,All,All,635
2021,"(CAH20) historical, philosophical and religious studies",(CAH20-02-01) philosophy,Quintile 4,All,All,625
2022,"(CAH20) historical, philosophical and religious studies",(CAH20-02-01) philosophy,Quintile 4,All,All,635
2023,"(CAH20) historical, philosophical and religious studies",(CAH20-02-01) philosophy,Quintile 4,All,All,650
2024,"(CAH20) historical, philosophical and religious studies",(CAH20-02-01) philosophy,Quintile 4,All,All,630
2019,"(CAH20) historical, philosophical and religious studies",(CAH20-02-02) theology and religious studies,Quintile 4,All,All,205
2020,"(CAH20) historical, philosophical and religious studies",(CAH20-02-02) theology and religious studies,Quintile 4,All,All,185
2021,"(CAH20) historical, philosophical and religious studies",(CAH20-02-02) theology and religious studies,Quintile 4,All,All,200
2022,"(CAH20) historical, philosophical and religious studies",(CAH20-02-02) theology and religious studies,Quintile 4,All,All,160
2023,"(CAH20) historical, philosophical and religious studies",(CAH20-02-02) theology and religious studies,Quintile 4,All,All,185
2024,"(CAH20) historical, philosophical and religious studies",(CAH20-02-02) theology and religious studies,Quintile 4,All,All,190
2019,"(CAH20) historical, philosophical and religious studies",(CAH20-01-04) heritage studies,Quintile 4,All,All,5
2020,"(CAH20) historical, philosophical and religious studies",(CAH20-01-04) heritage studies,Quintile 4,All,All,10
2021,"(CAH20) historical, philosophical and religious studies",(CAH20-01-04) heritage studies,Quintile 4,All,All,10
2022,"(CAH20) historical, philosophical and religious studies",(CAH20-01-04) heritage studies,Quintile 4,All,All,10
2023,"(CAH20) historical, philosophical and religious studies",(CAH20-01-04) heritage studies,Quintile 4,All,All,10
2024,"(CAH20) historical, philosophical and religious studies",(CAH20-01-04) heritage studies,Quintile 4,All,All,10
2019,(CAH11) computing,(CAH11-01-08) others in computing,Quintile 4,All,All,235
2020,(CAH11) computing,(CAH11-01-08) others in computing,Quintile 4,All,All,260
2021,(CAH11) computing,(CAH11-01-08) others in computing,Quintile 4,All,All,235
2022,(CAH11) computing,(CAH11-01-08) others in computing,Quintile 4,All,All,195
2023,(CAH11) computing,(CAH11-01-08) others in computing,Quintile 4,All,All,225
2024,(CAH11) computing,(CAH11-01-08) others in computing,Quintile 4,All,All,275
2019,(CAH11) computing,(CAH11-01-05) artificial intelligence,Quintile 4,All,All,60
2020,(CAH11) computing,(CAH11-01-05) artificial intelligence,Quintile 4,All,All,90
2021,(CAH11) computing,(CAH11-01-05) artificial intelligence,Quintile 4,All,All,95
2022,(CAH11) computing,(CAH11-01-05) artificial intelligence,Quintile 4,All,All,95
2023,(CAH11) computing,(CAH11-01-05) artificial intelligence,Quintile 4,All,All,130
2024,(CAH11) computing,(CAH11-01-05) artificial intelligence,Quintile 4,All,All,190
2019,(CAH11) computing,(CAH11-01-07) business computing,Quintile 4,All,All,250
2020,(CAH11) computing,(CAH11-01-07) business computing,Quintile 4,All,All,275
2021,(CAH11) computing,(CAH11-01-07) business computing,Quintile 4,All,All,195
2022,(CAH11) computing,(CAH11-01-07) business computing,Quintile 4,All,All,210
2023,(CAH11) computing,(CAH11-01-07) business computing,Quintile 4,All,All,160
2024,(CAH11) computing,(CAH11-01-07) business computing,Quintile 4,All,All,180
2019,(CAH11) computing,(CAH11-01-06) computer games and animation,Quintile 4,All,All,970
2020,(CAH11) computing,(CAH11-01-06) computer games and animation,Quintile 4,All,All,975
2021,(CAH11) computing,(CAH11-01-06) computer games and animation,Quintile 4,All,All,1015
2022,(CAH11) computing,(CAH11-01-06) computer games and animation,Quintile 4,All,All,1165
2023,(CAH11) computing,(CAH11-01-06) computer games and animation,Quintile 4,All,All,1140
2024,(CAH11) computing,(CAH11-01-06) computer games and animation,Quintile 4,All,All,1180
2019,(CAH11) computing,(CAH11-01-01) computer science,Quintile 4,All,All,3150
2020,(CAH11) computing,(CAH11-01-01) computer science,Quintile 4,All,All,3360
2021,(CAH11) computing,(CAH11-01-01) computer science,Quintile 4,All,All,3440
2022,(CAH11) computing,(CAH11-01-01) computer science,Quintile 4,All,All,3745
2023,(CAH11) computing,(CAH11-01-01) computer science,Quintile 4,All,All,4075
2024,(CAH11) computing,(CAH11-01-01) computer science,Quintile 4,All,All,4185
2019,(CAH11) computing,(CAH11-01-02) information technology,Quintile 4,All,All,265
2020,(CAH11) computing,(CAH11-01-02) information technology,Quintile 4,All,All,235
2021,(CAH11) computing,(CAH11-01-02) information technology,Quintile 4,All,All,195
2022,(CAH11) computing,(CAH11-01-02) information technology,Quintile 4,All,All,195
2023,(CAH11) computing,(CAH11-01-02) information technology,Quintile 4,All,All,175
2024,(CAH11) computing,(CAH11-01-02) information technology,Quintile 4,All,All,150
2019,(CAH11) computing,(CAH11-01-03) information systems,Quintile 4,All,All,200
2020,(CAH11) computing,(CAH11-01-03) information systems,Quintile 4,All,All,200
2021,(CAH11) computing,(CAH11-01-03) information systems,Quintile 4,All,All,160
2022,(CAH11) computing,(CAH11-01-03) information systems,Quintile 4,All,All,190
2023,(CAH11) computing,(CAH11-01-03) information systems,Quintile 4,All,All,175
2024,(CAH11) computing,(CAH11-01-03) information systems,Quintile 4,All,All,195
2019,(CAH11) computing,(CAH11-01-04) software engineering,Quintile 4,All,All,680
2020,(CAH11) computing,(CAH11-01-04) software engineering,Quintile 4,All,All,770
2021,(CAH11) computing,(CAH11-01-04) software engineering,Quintile 4,All,All,775
2022,(CAH11) computing,(CAH11-01-04) software engineering,Quintile 4,All,All,915
2023,(CAH11) computing,(CAH11-01-04) software engineering,Quintile 4,All,All,985
2024,(CAH11) computing,(CAH11-01-04) software engineering,Quintile 4,All,All,1165
2019,"(CAH26) geography, earth and environmental studies",(CAH26-01-06) earth sciences,Quintile 4,All,All,385
2020,"(CAH26) geography, earth and environmental studies",(CAH26-01-06) earth sciences,Quintile 4,All,All,315
2021,"(CAH26) geography, earth and environmental studies",(CAH26-01-06) earth sciences,Quintile 4,All,All,325
2022,"(CAH26) geography, earth and environmental studies",(CAH26-01-06) earth sciences,Quintile 4,All,All,330
2023,"(CAH26) geography, earth and environmental studies",(CAH26-01-06) earth sciences,Quintile 4,All,All,350
2024,"(CAH26) geography, earth and environmental studies",(CAH26-01-06) earth sciences,Quintile 4,All,All,340
2019,"(CAH26) geography, earth and environmental studies",(CAH26-01-04) environmental sciences,Quintile 4,All,All,225
2020,"(CAH26) geography, earth and environmental studies",(CAH26-01-04) environmental sciences,Quintile 4,All,All,270
2021,"(CAH26) geography, earth and environmental studies",(CAH26-01-04) environmental sciences,Quintile 4,All,All,285
2022,"(CAH26) geography, earth and environmental studies",(CAH26-01-04) environmental sciences,Quintile 4,All,All,305
2023,"(CAH26) geography, earth and environmental studies",(CAH26-01-04) environmental sciences,Quintile 4,All,All,280
2024,"(CAH26) geography, earth and environmental studies",(CAH26-01-04) environmental sciences,Quintile 4,All,All,285
2019,"(CAH26) geography, earth and environmental studies",(CAH26-01-02) physical geographical sciences,Quintile 4,All,All,485
2020,"(CAH26) geography, earth and environmental studies",(CAH26-01-02) physical geographical sciences,Quintile 4,All,All,550
2021,"(CAH26) geography, earth and environmental studies",(CAH26-01-02) physical geographical sciences,Quintile 4,All,All,550
2022,"(CAH26) geography, earth and environmental studies",(CAH26-01-02) physical geographical sciences,Quintile 4,All,All,485
2023,"(CAH26) geography, earth and environmental studies",(CAH26-01-02) physical geographical sciences,Quintile 4,All,All,505
2024,"(CAH26) geography, earth and environmental studies",(CAH26-01-02) physical geographical sciences,Quintile 4,All,All,500
2019,"(CAH26) geography, earth and environmental studies",(CAH26-01-01) geography (non-specific),Quintile 4,All,All,270
2020,"(CAH26) geography, earth and environmental studies",(CAH26-01-01) geography (non-specific),Quintile 4,All,All,205
2021,"(CAH26) geography, earth and environmental studies",(CAH26-01-01) geography (non-specific),Quintile 4,All,All,225
2022,"(CAH26) geography, earth and environmental studies",(CAH26-01-01) geography (non-specific),Quintile 4,All,All,225
2023,"(CAH26) geography, earth and environmental studies",(CAH26-01-01) geography (non-specific),Quintile 4,All,All,260
2024,"(CAH26) geography, earth and environmental studies",(CAH26-01-01) geography (non-specific),Quintile 4,All,All,235
2019,"(CAH26) geography, earth and environmental studies",(CAH26-01-03) human geography,Quintile 4,All,All,705
2020,"(CAH26) geography, earth and environmental studies",(CAH26-01-03) human geography,Quintile 4,All,All,615
2021,"(CAH26) geography, earth and environmental studies",(CAH26-01-03) human geography,Quintile 4,All,All,660
2022,"(CAH26) geography, earth and environmental studies",(CAH26-01-03) human geography,Quintile 4,All,All,600
2023,"(CAH26) geography, earth and environmental studies",(CAH26-01-03) human geography,Quintile 4,All,All,630
2024,"(CAH26) geography, earth and environmental studies",(CAH26-01-03) human geography,Quintile 4,All,All,605
2019,(CAH07) physical sciences,(CAH07-04-02) forensic and archaeological sciences,Quintile 4,All,All,465
2020,(CAH07) physical sciences,(CAH07-04-02) forensic and archaeological sciences,Quintile 4,All,All,465
2021,(CAH07) physical sciences,(CAH07-04-02) forensic and archaeological sciences,Quintile 4,All,All,490
2022,(CAH07) physical sciences,(CAH07-04-02) forensic and archaeological sciences,Quintile 4,All,All,480
2023,(CAH07) physical sciences,(CAH07-04-02) forensic and archaeological sciences,Quintile 4,All,All,435
2024,(CAH07) physical sciences,(CAH07-04-02) forensic and archaeological sciences,Quintile 4,All,All,445
2019,(CAH07) physical sciences,(CAH07-04-03) sciences (non-specific),Quintile 4,All,All,90
2020,(CAH07) physical sciences,(CAH07-04-03) sciences (non-specific),Quintile 4,All,All,70
2021,(CAH07) physical sciences,(CAH07-04-03) sciences (non-specific),Quintile 4,All,All,100
2022,(CAH07) physical sciences,(CAH07-04-03) sciences (non-specific),Quintile 4,All,All,150
2023,(CAH07) physical sciences,(CAH07-04-03) sciences (non-specific),Quintile 4,All,All,165
2024,(CAH07) physical sciences,(CAH07-04-03) sciences (non-specific),Quintile 4,All,All,205
2019,(CAH07) physical sciences,(CAH07-04-04) natural sciences (non-specific),Quintile 4,All,All,115
2020,(CAH07) physical sciences,(CAH07-04-04) natural sciences (non-specific),Quintile 4,All,All,160
2021,(CAH07) physical sciences,(CAH07-04-04) natural sciences (non-specific),Quintile 4,All,All,150
2022,(CAH07) physical sciences,(CAH07-04-04) natural sciences (non-specific),Quintile 4,All,All,125
2023,(CAH07) physical sciences,(CAH07-04-04) natural sciences (non-specific),Quintile 4,All,All,110
2024,(CAH07) physical sciences,(CAH07-04-04) natural sciences (non-specific),Quintile 4,All,All,115
2019,(CAH07) physical sciences,(CAH07-02-01) chemistry,Quintile 4,All,All,1060
2020,(CAH07) physical sciences,(CAH07-02-01) chemistry,Quintile 4,All,All,1010
2021,(CAH07) physical sciences,(CAH07-02-01) chemistry,Quintile 4,All,All,940
2022,(CAH07) physical sciences,(CAH07-02-01) chemistry,Quintile 4,All,All,910
2023,(CAH07) physical sciences,(CAH07-02-01) chemistry,Quintile 4,All,All,1000
2024,(CAH07) physical sciences,(CAH07-02-01) chemistry,Quintile 4,All,All,1045
2019,(CAH07) physical sciences,(CAH07-01-02) astronomy,Quintile 4,All,All,115
2020,(CAH07) physical sciences,(CAH07-01-02) astronomy,Quintile 4,All,All,135
2021,(CAH07) physical sciences,(CAH07-01-02) astronomy,Quintile 4,All,All,150
2022,(CAH07) physical sciences,(CAH07-01-02) astronomy,Quintile 4,All,All,150
2023,(CAH07) physical sciences,(CAH07-01-02) astronomy,Quintile 4,All,All,145
2024,(CAH07) physical sciences,(CAH07-01-02) astronomy,Quintile 4,All,All,135
2019,(CAH07) physical sciences,(CAH07-01-01) physics,Quintile 4,All,All,955
2020,(CAH07) physical sciences,(CAH07-01-01) physics,Quintile 4,All,All,990
2021,(CAH07) physical sciences,(CAH07-01-01) physics,Quintile 4,All,All,915
2022,(CAH07) physical sciences,(CAH07-01-01) physics,Quintile 4,All,All,930
2023,(CAH07) physical sciences,(CAH07-01-01) physics,Quintile 4,All,All,860
2024,(CAH07) physical sciences,(CAH07-01-01) physics,Quintile 4,All,All,935
2019,(CAH07) physical sciences,(CAH07-04-01) physical sciences (non-specific),Quintile 4,All,All,25
2020,(CAH07) physical sciences,(CAH07-04-01) physical sciences (non-specific),Quintile 4,All,All,5
2021,(CAH07) physical sciences,(CAH07-04-01) physical sciences (non-specific),Quintile 4,All,All,5
2023,(CAH07) physical sciences,(CAH07-04-01) physical sciences (non-specific),Quintile 4,All,All,5
2024,(CAH07) physical sciences,(CAH07-04-01) physical sciences (non-specific),Quintile 4,All,All,5
2019,(CAH04) psychology,(CAH04-01-02) applied psychology,Quintile 4,All,All,540
2020,(CAH04) psychology,(CAH04-01-02) applied psychology,Quintile 4,All,All,540
2021,(CAH04) psychology,(CAH04-01-02) applied psychology,Quintile 4,All,All,595
2022,(CAH04) psychology,(CAH04-01-02) applied psychology,Quintile 4,All,All,595
2023,(CAH04) psychology,(CAH04-01-02) applied psychology,Quintile 4,All,All,560
2024,(CAH04) psychology,(CAH04-01-02) applied psychology,Quintile 4,All,All,580
2019,(CAH04) psychology,(CAH04-01-04) psychology and health,Quintile 4,All,All,60
2020,(CAH04) psychology,(CAH04-01-04) psychology and health,Quintile 4,All,All,70
2021,(CAH04) psychology,(CAH04-01-04) psychology and health,Quintile 4,All,All,70
2022,(CAH04) psychology,(CAH04-01-04) psychology and health,Quintile 4,All,All,70
2023,(CAH04) psychology,(CAH04-01-04) psychology and health,Quintile 4,All,All,55
2024,(CAH04) psychology,(CAH04-01-04) psychology and health,Quintile 4,All,All,60
2019,(CAH04) psychology,(CAH04-01-03) developmental psychology,Quintile 4,All,All,100
2020,(CAH04) psychology,(CAH04-01-03) developmental psychology,Quintile 4,All,All,100
2021,(CAH04) psychology,(CAH04-01-03) developmental psychology,Quintile 4,All,All,110
2022,(CAH04) psychology,(CAH04-01-03) developmental psychology,Quintile 4,All,All,115
2023,(CAH04) psychology,(CAH04-01-03) developmental psychology,Quintile 4,All,All,105
2024,(CAH04) psychology,(CAH04-01-03) developmental psychology,Quintile 4,All,All,100
2019,(CAH04) psychology,(CAH04-01-01) psychology (non-specific),Quintile 4,All,All,4535
2020,(CAH04) psychology,(CAH04-01-01) psychology (non-specific),Quintile 4,All,All,4670
2021,(CAH04) psychology,(CAH04-01-01) psychology (non-specific),Quintile 4,All,All,4670
2022,(CAH04) psychology,(CAH04-01-01) psychology (non-specific),Quintile 4,All,All,4800
2023,(CAH04) psychology,(CAH04-01-01) psychology (non-specific),Quintile 4,All,All,4560
2024,(CAH04) psychology,(CAH04-01-01) psychology (non-specific),Quintile 4,All,All,4445
2019,(CAH04) psychology,(CAH04-01-05) others in psychology,Quintile 4,All,All,100
2020,(CAH04) psychology,(CAH04-01-05) others in psychology,Quintile 4,All,All,90
2021,(CAH04) psychology,(CAH04-01-05) others in psychology,Quintile 4,All,All,90
2022,(CAH04) psychology,(CAH04-01-05) others in psychology,Quintile 4,All,All,105
2023,(CAH04) psychology,(CAH04-01-05) others in psychology,Quintile 4,All,All,90
2024,(CAH04) psychology,(CAH04-01-05) others in psychology,Quintile 4,All,All,95
2019,(CAH09) mathematical sciences,(CAH09-01-01) mathematics,Quintile 4,All,All,1695
2020,(CAH09) mathematical sciences,(CAH09-01-01) mathematics,Quintile 4,All,All,1630
2021,(CAH09) mathematical sciences,(CAH09-01-01) mathematics,Quintile 4,All,All,1680
2022,(CAH09) mathematical sciences,(CAH09-01-01) mathematics,Quintile 4,All,All,1595
2023,(CAH09) mathematical sciences,(CAH09-01-01) mathematics,Quintile 4,All,All,1580
2024,(CAH09) mathematical sciences,(CAH09-01-01) mathematics,Quintile 4,All,All,1675
2019,(CAH09) mathematical sciences,(CAH09-01-02) operational research,Quintile 4,All,All,10
2020,(CAH09) mathematical sciences,(CAH09-01-02) operational research,Quintile 4,All,All,10
2021,(CAH09) mathematical sciences,(CAH09-01-02) operational research,Quintile 4,All,All,5
2022,(CAH09) mathematical sciences,(CAH09-01-02) operational research,Quintile 4,All,All,10
2023,(CAH09) mathematical sciences,(CAH09-01-02) operational research,Quintile 4,All,All,10
2024,(CAH09) mathematical sciences,(CAH09-01-02) operational research,Quintile 4,All,All,15
2019,(CAH09) mathematical sciences,(CAH09-01-03) statistics,Quintile 4,All,All,55
2020,(CAH09) mathematical sciences,(CAH09-01-03) statistics,Quintile 4,All,All,70
2021,(CAH09) mathematical sciences,(CAH09-01-03) statistics,Quintile 4,All,All,85
2022,(CAH09) mathematical sciences,(CAH09-01-03) statistics,Quintile 4,All,All,80
2023,(CAH09) mathematical sciences,(CAH09-01-03) statistics,Quintile 4,All,All,85
2024,(CAH09) mathematical sciences,(CAH09-01-03) statistics,Quintile 4,All,All,85
2019,(CAH22) education and teaching,(CAH22-01-01) education,Quintile 4,All,All,1675
2020,(CAH22) education and teaching,(CAH22-01-01) education,Quintile 4,All,All,1450
2021,(CAH22) education and teaching,(CAH22-01-01) education,Quintile 4,All,All,1435
2022,(CAH22) education and teaching,(CAH22-01-01) education,Quintile 4,All,All,1370
2023,(CAH22) education and teaching,(CAH22-01-01) education,Quintile 4,All,All,1200
2024,(CAH22) education and teaching,(CAH22-01-01) education,Quintile 4,All,All,1220
2019,(CAH22) education and teaching,(CAH22-01-02) teacher training,Quintile 4,All,All,2015
2020,(CAH22) education and teaching,(CAH22-01-02) teacher training,Quintile 4,All,All,2355
2021,(CAH22) education and teaching,(CAH22-01-02) teacher training,Quintile 4,All,All,2240
2022,(CAH22) education and teaching,(CAH22-01-02) teacher training,Quintile 4,All,All,2210
2023,(CAH22) education and teaching,(CAH22-01-02) teacher training,Quintile 4,All,All,2020
2024,(CAH22) education and teaching,(CAH22-01-02) teacher training,Quintile 4,All,All,1980
2019,"(CAH06) agriculture, food and related studies",(CAH06-01-04) rural estate management,Quintile 4,All,All,30
2020,"(CAH06) agriculture, food and related studies",(CAH06-01-04) rural estate management,Quintile 4,All,All,45
2021,"(CAH06) agriculture, food and related studies",(CAH06-01-04) rural estate management,Quintile 4,All,All,40
2022,"(CAH06) agriculture, food and related studies",(CAH06-01-04) rural estate management,Quintile 4,All,All,30
2023,"(CAH06) agriculture, food and related studies",(CAH06-01-04) rural estate management,Quintile 4,All,All,35
2024,"(CAH06) agriculture, food and related studies",(CAH06-01-04) rural estate management,Quintile 4,All,All,35
2019,"(CAH06) agriculture, food and related studies",(CAH06-01-02) agricultural sciences,Quintile 4,All,All,25
2020,"(CAH06) agriculture, food and related studies",(CAH06-01-02) agricultural sciences,Quintile 4,All,All,25
2021,"(CAH06) agriculture, food and related studies",(CAH06-01-02) agricultural sciences,Quintile 4,All,All,15
2022,"(CAH06) agriculture, food and related studies",(CAH06-01-02) agricultural sciences,Quintile 4,All,All,10
2023,"(CAH06) agriculture, food and related studies",(CAH06-01-02) agricultural sciences,Quintile 4,All,All,20
2024,"(CAH06) agriculture, food and related studies",(CAH06-01-02) agricultural sciences,Quintile 4,All,All,25
2019,"(CAH06) agriculture, food and related studies",(CAH06-01-03) agriculture,Quintile 4,All,All,435
2020,"(CAH06) agriculture, food and related studies",(CAH06-01-03) agriculture,Quintile 4,All,All,495
2021,"(CAH06) agriculture, food and related studies",(CAH06-01-03) agriculture,Quintile 4,All,All,470
2022,"(CAH06) agriculture, food and related studies",(CAH06-01-03) agriculture,Quintile 4,All,All,480
2023,"(CAH06) agriculture, food and related studies",(CAH06-01-03) agriculture,Quintile 4,All,All,450
2024,"(CAH06) agriculture, food and related studies",(CAH06-01-03) agriculture,Quintile 4,All,All,435
2019,"(CAH06) agriculture, food and related studies",(CAH06-01-01) animal science,Quintile 4,All,All,435
2020,"(CAH06) agriculture, food and related studies",(CAH06-01-01) animal science,Quintile 4,All,All,475
2021,"(CAH06) agriculture, food and related studies",(CAH06-01-01) animal science,Quintile 4,All,All,485
2022,"(CAH06) agriculture, food and related studies",(CAH06-01-01) animal science,Quintile 4,All,All,425
2023,"(CAH06) agriculture, food and related studies",(CAH06-01-01) animal science,Quintile 4,All,All,415
2024,"(CAH06) agriculture, food and related studies",(CAH06-01-01) animal science,Quintile 4,All,All,380
2019,"(CAH06) agriculture, food and related studies",(CAH06-01-05) forestry and arboriculture,Quintile 4,All,All,30
2020,"(CAH06) agriculture, food and related studies",(CAH06-01-05) forestry and arboriculture,Quintile 4,All,All,20
2021,"(CAH06) agriculture, food and related studies",(CAH06-01-05) forestry and arboriculture,Quintile 4,All,All,25
2022,"(CAH06) agriculture, food and related studies",(CAH06-01-05) forestry and arboriculture,Quintile 4,All,All,20
2023,"(CAH06) agriculture, food and related studies",(CAH06-01-05) forestry and arboriculture,Quintile 4,All,All,20
2024,"(CAH06) agriculture, food and related studies",(CAH06-01-05) forestry and arboriculture,Quintile 4,All,All,30
2019,"(CAH06) agriculture, food and related studies",(CAH06-01-08) food and beverage production,Quintile 4,All,All,35
2020,"(CAH06) agriculture, food and related studies",(CAH06-01-08) food and beverage production,Quintile 4,All,All,40
2021,"(CAH06) agriculture, food and related studies",(CAH06-01-08) food and beverage production,Quintile 4,All,All,35
2022,"(CAH06) agriculture, food and related studies",(CAH06-01-08) food and beverage production,Quintile 4,All,All,30
2023,"(CAH06) agriculture, food and related studies",(CAH06-01-08) food and beverage production,Quintile 4,All,All,25
2024,"(CAH06) agriculture, food and related studies",(CAH06-01-08) food and beverage production,Quintile 4,All,All,25
2019,"(CAH06) agriculture, food and related studies",(CAH06-01-07) food sciences,Quintile 4,All,All,30
2020,"(CAH06) agriculture, food and related studies",(CAH06-01-07) food sciences,Quintile 4,All,All,60
2021,"(CAH06) agriculture, food and related studies",(CAH06-01-07) food sciences,Quintile 4,All,All,50
2022,"(CAH06) agriculture, food and related studies",(CAH06-01-07) food sciences,Quintile 4,All,All,55
2023,"(CAH06) agriculture, food and related studies",(CAH06-01-07) food sciences,Quintile 4,All,All,30
2024,"(CAH06) agriculture, food and related studies",(CAH06-01-07) food sciences,Quintile 4,All,All,50
2019,"(CAH06) agriculture, food and related studies",(CAH06-01-06) food and beverage studies (non-specific),Quintile 4,All,All,40
2020,"(CAH06) agriculture, food and related studies",(CAH06-01-06) food and beverage studies (non-specific),Quintile 4,All,All,20
2021,"(CAH06) agriculture, food and related studies",(CAH06-01-06) food and beverage studies (non-specific),Quintile 4,All,All,35
2022,"(CAH06) agriculture, food and related studies",(CAH06-01-06) food and beverage studies (non-specific),Quintile 4,All,All,25
2023,"(CAH06) agriculture, food and related studies",(CAH06-01-06) food and beverage studies (non-specific),Quintile 4,All,All,25
2024,"(CAH06) agriculture, food and related studies",(CAH06-01-06) food and beverage studies (non-specific),Quintile 4,All,All,25
2019,(CAH16) law,(CAH16-01-01) law,Quintile 4,All,All,4950
2020,(CAH16) law,(CAH16-01-01) law,Quintile 4,All,All,5065
2021,(CAH16) law,(CAH16-01-01) law,Quintile 4,All,All,5125
2022,(CAH16) law,(CAH16-01-01) law,Quintile 4,All,All,5095
2023,(CAH16) law,(CAH16-01-01) law,Quintile 4,All,All,5270
2024,(CAH16) law,(CAH16-01-01) law,Quintile 4,All,All,5535
2019,(CAH05) veterinary sciences,(CAH05-01-01) veterinary medicine and dentistry,Quintile 4,All,All,300
2020,(CAH05) veterinary sciences,(CAH05-01-01) veterinary medicine and dentistry,Quintile 4,All,All,355
2021,(CAH05) veterinary sciences,(CAH05-01-01) veterinary medicine and dentistry,Quintile 4,All,All,325
2022,(CAH05) veterinary sciences,(CAH05-01-01) veterinary medicine and dentistry,Quintile 4,All,All,270
2023,(CAH05) veterinary sciences,(CAH05-01-01) veterinary medicine and dentistry,Quintile 4,All,All,295
2024,(CAH05) veterinary sciences,(CAH05-01-01) veterinary medicine and dentistry,Quintile 4,All,All,305
2019,(CAH05) veterinary sciences,(CAH05-01-02) others in veterinary sciences,Quintile 4,All,All,165
2020,(CAH05) veterinary sciences,(CAH05-01-02) others in veterinary sciences,Quintile 4,All,All,170
2021,(CAH05) veterinary sciences,(CAH05-01-02) others in veterinary sciences,Quintile 4,All,All,235
2022,(CAH05) veterinary sciences,(CAH05-01-02) others in veterinary sciences,Quintile 4,All,All,165
2023,(CAH05) veterinary sciences,(CAH05-01-02) others in veterinary sciences,Quintile 4,All,All,155
2024,(CAH05) veterinary sciences,(CAH05-01-02) others in veterinary sciences,Quintile 4,All,All,175
2019,"(CAH25) design, and creative and performing arts",(CAH25-01-03) design studies,Quintile 5,All,All,4890
2020,"(CAH25) design, and creative and performing arts",(CAH25-01-03) design studies,Quintile 5,All,All,5035
2021,"(CAH25) design, and creative and performing arts",(CAH25-01-03) design studies,Quintile 5,All,All,4660
2022,"(CAH25) design, and creative and performing arts",(CAH25-01-03) design studies,Quintile 5,All,All,4620
2023,"(CAH25) design, and creative and performing arts",(CAH25-01-03) design studies,Quintile 5,All,All,4455
2024,"(CAH25) design, and creative and performing arts",(CAH25-01-03) design studies,Quintile 5,All,All,4625
2019,"(CAH25) design, and creative and performing arts",(CAH25-02-02) music,Quintile 5,All,All,2590
2020,"(CAH25) design, and creative and performing arts",(CAH25-02-02) music,Quintile 5,All,All,2640
2021,"(CAH25) design, and creative and performing arts",(CAH25-02-02) music,Quintile 5,All,All,2470
2022,"(CAH25) design, and creative and performing arts",(CAH25-02-02) music,Quintile 5,All,All,2455
2023,"(CAH25) design, and creative and performing arts",(CAH25-02-02) music,Quintile 5,All,All,2445
2024,"(CAH25) design, and creative and performing arts",(CAH25-02-02) music,Quintile 5,All,All,2305
2019,"(CAH25) design, and creative and performing arts",(CAH25-01-04) cinematics and photography,Quintile 5,All,All,2500
2020,"(CAH25) design, and creative and performing arts",(CAH25-01-04) cinematics and photography,Quintile 5,All,All,2525
2021,"(CAH25) design, and creative and performing arts",(CAH25-01-04) cinematics and photography,Quintile 5,All,All,2560
2022,"(CAH25) design, and creative and performing arts",(CAH25-01-04) cinematics and photography,Quintile 5,All,All,2535
2023,"(CAH25) design, and creative and performing arts",(CAH25-01-04) cinematics and photography,Quintile 5,All,All,2445
2024,"(CAH25) design, and creative and performing arts",(CAH25-01-04) cinematics and photography,Quintile 5,All,All,2415
2019,"(CAH25) design, and creative and performing arts",(CAH25-01-02) art,Quintile 5,All,All,1125
2020,"(CAH25) design, and creative and performing arts",(CAH25-01-02) art,Quintile 5,All,All,1135
2021,"(CAH25) design, and creative and performing arts",(CAH25-01-02) art,Quintile 5,All,All,1090
2022,"(CAH25) design, and creative and performing arts",(CAH25-01-02) art,Quintile 5,All,All,1130
2023,"(CAH25) design, and creative and performing arts",(CAH25-01-02) art,Quintile 5,All,All,1180
2024,"(CAH25) design, and creative and performing arts",(CAH25-01-02) art,Quintile 5,All,All,1125
2019,"(CAH25) design, and creative and performing arts",(CAH25-02-03) drama,Quintile 5,All,All,1515
2020,"(CAH25) design, and creative and performing arts",(CAH25-02-03) drama,Quintile 5,All,All,1590
2021,"(CAH25) design, and creative and performing arts",(CAH25-02-03) drama,Quintile 5,All,All,1525
2022,"(CAH25) design, and creative and performing arts",(CAH25-02-03) drama,Quintile 5,All,All,1555
2023,"(CAH25) design, and creative and performing arts",(CAH25-02-03) drama,Quintile 5,All,All,1570
2024,"(CAH25) design, and creative and performing arts",(CAH25-02-03) drama,Quintile 5,All,All,1550
2019,"(CAH25) design, and creative and performing arts",(CAH25-02-04) dance,Quintile 5,All,All,185
2020,"(CAH25) design, and creative and performing arts",(CAH25-02-04) dance,Quintile 5,All,All,220
2021,"(CAH25) design, and creative and performing arts",(CAH25-02-04) dance,Quintile 5,All,All,260
2022,"(CAH25) design, and creative and performing arts",(CAH25-02-04) dance,Quintile 5,All,All,245
2023,"(CAH25) design, and creative and performing arts",(CAH25-02-04) dance,Quintile 5,All,All,240
2024,"(CAH25) design, and creative and performing arts",(CAH25-02-04) dance,Quintile 5,All,All,245
2019,"(CAH25) design, and creative and performing arts",(CAH25-02-01) performing arts (non-specific),Quintile 5,All,All,155
2020,"(CAH25) design, and creative and performing arts",(CAH25-02-01) performing arts (non-specific),Quintile 5,All,All,95
2021,"(CAH25) design, and creative and performing arts",(CAH25-02-01) performing arts (non-specific),Quintile 5,All,All,85
2022,"(CAH25) design, and creative and performing arts",(CAH25-02-01) performing arts (non-specific),Quintile 5,All,All,90
2023,"(CAH25) design, and creative and performing arts",(CAH25-02-01) performing arts (non-specific),Quintile 5,All,All,65
2024,"(CAH25) design, and creative and performing arts",(CAH25-02-01) performing arts (non-specific),Quintile 5,All,All,80
2019,"(CAH25) design, and creative and performing arts",(CAH25-01-05) others in creative arts and design,Quintile 5,All,All,215
2020,"(CAH25) design, and creative and performing arts",(CAH25-01-05) others in creative arts and design,Quintile 5,All,All,230
2021,"(CAH25) design, and creative and performing arts",(CAH25-01-05) others in creative arts and design,Quintile 5,All,All,205
2022,"(CAH25) design, and creative and performing arts",(CAH25-01-05) others in creative arts and design,Quintile 5,All,All,205
2023,"(CAH25) design, and creative and performing arts",(CAH25-01-05) others in creative arts and design,Quintile 5,All,All,175
2024,"(CAH25) design, and creative and performing arts",(CAH25-01-05) others in creative arts and design,Quintile 5,All,All,165
2019,"(CAH25) design, and creative and performing arts",(CAH25-01-01) creative arts and design (non-specific),Quintile 5,All,All,215
2020,"(CAH25) design, and creative and performing arts",(CAH25-01-01) creative arts and design (non-specific),Quintile 5,All,All,270
2021,"(CAH25) design, and creative and performing arts",(CAH25-01-01) creative arts and design (non-specific),Quintile 5,All,All,275
2022,"(CAH25) design, and creative and performing arts",(CAH25-01-01) creative arts and design (non-specific),Quintile 5,All,All,295
2023,"(CAH25) design, and creative and performing arts",(CAH25-01-01) creative arts and design (non-specific),Quintile 5,All,All,295
2024,"(CAH25) design, and creative and performing arts",(CAH25-01-01) creative arts and design (non-specific),Quintile 5,All,All,290
2019,(CAH10) engineering and technology,"(CAH10-01-06) bioengineering, medical and biomedical engineering",Quintile 5,All,All,295
2020,(CAH10) engineering and technology,"(CAH10-01-06) bioengineering, medical and biomedical engineering",Quintile 5,All,All,360
2021,(CAH10) engineering and technology,"(CAH10-01-06) bioengineering, medical and biomedical engineering",Quintile 5,All,All,345
2022,(CAH10) engineering and technology,"(CAH10-01-06) bioengineering, medical and biomedical engineering",Quintile 5,All,All,345
2023,(CAH10) engineering and technology,"(CAH10-01-06) bioengineering, medical and biomedical engineering",Quintile 5,All,All,335
2024,(CAH10) engineering and technology,"(CAH10-01-06) bioengineering, medical and biomedical engineering",Quintile 5,All,All,335
2019,(CAH10) engineering and technology,(CAH10-03-02) materials technology,Quintile 5,All,All,50
2020,(CAH10) engineering and technology,(CAH10-03-02) materials technology,Quintile 5,All,All,60
2021,(CAH10) engineering and technology,(CAH10-03-02) materials technology,Quintile 5,All,All,60
2022,(CAH10) engineering and technology,(CAH10-03-02) materials technology,Quintile 5,All,All,60
2023,(CAH10) engineering and technology,(CAH10-03-02) materials technology,Quintile 5,All,All,95
2024,(CAH10) engineering and technology,(CAH10-03-02) materials technology,Quintile 5,All,All,90
2019,(CAH10) engineering and technology,(CAH10-03-06) others in technology,Quintile 5,All,All,210
2020,(CAH10) engineering and technology,(CAH10-03-06) others in technology,Quintile 5,All,All,255
2021,(CAH10) engineering and technology,(CAH10-03-06) others in technology,Quintile 5,All,All,265
2022,(CAH10) engineering and technology,(CAH10-03-06) others in technology,Quintile 5,All,All,245
2023,(CAH10) engineering and technology,(CAH10-03-06) others in technology,Quintile 5,All,All,275
2024,(CAH10) engineering and technology,(CAH10-03-06) others in technology,Quintile 5,All,All,300
2019,(CAH10) engineering and technology,(CAH10-01-03) production and manufacturing engineering,Quintile 5,All,All,510
2020,(CAH10) engineering and technology,(CAH10-01-03) production and manufacturing engineering,Quintile 5,All,All,490
2021,(CAH10) engineering and technology,(CAH10-01-03) production and manufacturing engineering,Quintile 5,All,All,550
2022,(CAH10) engineering and technology,(CAH10-01-03) production and manufacturing engineering,Quintile 5,All,All,570
2023,(CAH10) engineering and technology,(CAH10-01-03) production and manufacturing engineering,Quintile 5,All,All,540
2024,(CAH10) engineering and technology,(CAH10-01-03) production and manufacturing engineering,Quintile 5,All,All,580
2019,(CAH10) engineering and technology,(CAH10-01-04) aeronautical and aerospace engineering,Quintile 5,All,All,875
2020,(CAH10) engineering and technology,(CAH10-01-04) aeronautical and aerospace engineering,Quintile 5,All,All,950
2021,(CAH10) engineering and technology,(CAH10-01-04) aeronautical and aerospace engineering,Quintile 5,All,All,1040
2022,(CAH10) engineering and technology,(CAH10-01-04) aeronautical and aerospace engineering,Quintile 5,All,All,1050
2023,(CAH10) engineering and technology,(CAH10-01-04) aeronautical and aerospace engineering,Quintile 5,All,All,1105
2024,(CAH10) engineering and technology,(CAH10-01-04) aeronautical and aerospace engineering,Quintile 5,All,All,1200
2019,(CAH10) engineering and technology,(CAH10-01-08) electrical and electronic engineering,Quintile 5,All,All,950
2020,(CAH10) engineering and technology,(CAH10-01-08) electrical and electronic engineering,Quintile 5,All,All,970
2021,(CAH10) engineering and technology,(CAH10-01-08) electrical and electronic engineering,Quintile 5,All,All,1035
2022,(CAH10) engineering and technology,(CAH10-01-08) electrical and electronic engineering,Quintile 5,All,All,990
2023,(CAH10) engineering and technology,(CAH10-01-08) electrical and electronic engineering,Quintile 5,All,All,1060
2024,(CAH10) engineering and technology,(CAH10-01-08) electrical and electronic engineering,Quintile 5,All,All,1175
2019,(CAH10) engineering and technology,(CAH10-01-07) civil engineering,Quintile 5,All,All,1155
2020,(CAH10) engineering and technology,(CAH10-01-07) civil engineering,Quintile 5,All,All,1235
2021,(CAH10) engineering and technology,(CAH10-01-07) civil engineering,Quintile 5,All,All,1225
2022,(CAH10) engineering and technology,(CAH10-01-07) civil engineering,Quintile 5,All,All,1025
2023,(CAH10) engineering and technology,(CAH10-01-07) civil engineering,Quintile 5,All,All,1045
2024,(CAH10) engineering and technology,(CAH10-01-07) civil engineering,Quintile 5,All,All,1125
2019,(CAH10) engineering and technology,(CAH10-03-05) biotechnology,Quintile 5,All,All,50
2020,(CAH10) engineering and technology,(CAH10-03-05) biotechnology,Quintile 5,All,All,50
2021,(CAH10) engineering and technology,(CAH10-03-05) biotechnology,Quintile 5,All,All,40
2022,(CAH10) engineering and technology,(CAH10-03-05) biotechnology,Quintile 5,All,All,70
2023,(CAH10) engineering and technology,(CAH10-03-05) biotechnology,Quintile 5,All,All,50
2024,(CAH10) engineering and technology,(CAH10-03-05) biotechnology,Quintile 5,All,All,55
2019,(CAH10) engineering and technology,"(CAH10-01-09) chemical, process and energy engineering",Quintile 5,All,All,720
2020,(CAH10) engineering and technology,"(CAH10-01-09) chemical, process and energy engineering",Quintile 5,All,All,680
2021,(CAH10) engineering and technology,"(CAH10-01-09) chemical, process and energy engineering",Quintile 5,All,All,620
2022,(CAH10) engineering and technology,"(CAH10-01-09) chemical, process and energy engineering",Quintile 5,All,All,610
2023,(CAH10) engineering and technology,"(CAH10-01-09) chemical, process and energy engineering",Quintile 5,All,All,615
2024,(CAH10) engineering and technology,"(CAH10-01-09) chemical, process and energy engineering",Quintile 5,All,All,695
2019,(CAH10) engineering and technology,(CAH10-03-03) polymers and textiles,Quintile 5,All,All,5
2020,(CAH10) engineering and technology,(CAH10-03-03) polymers and textiles,Quintile 5,All,All,5
2021,(CAH10) engineering and technology,(CAH10-03-03) polymers and textiles,Quintile 5,All,All,5
2022,(CAH10) engineering and technology,(CAH10-03-03) polymers and textiles,Quintile 5,All,All,10
2023,(CAH10) engineering and technology,(CAH10-03-03) polymers and textiles,Quintile 5,All,All,10
2024,(CAH10) engineering and technology,(CAH10-03-03) polymers and textiles,Quintile 5,All,All,20
2020,(CAH10) engineering and technology,(CAH10-03-01) minerals technology,Quintile 5,All,All,5
2021,(CAH10) engineering and technology,(CAH10-03-01) minerals technology,Quintile 5,All,All,5
2022,(CAH10) engineering and technology,(CAH10-03-01) minerals technology,Quintile 5,All,All,5
2024,(CAH10) engineering and technology,(CAH10-03-01) minerals technology,Quintile 5,All,All,5
2019,(CAH10) engineering and technology,(CAH10-01-01) engineering (non-specific),Quintile 5,All,All,1280
2020,(CAH10) engineering and technology,(CAH10-01-01) engineering (non-specific),Quintile 5,All,All,1230
2021,(CAH10) engineering and technology,(CAH10-01-01) engineering (non-specific),Quintile 5,All,All,1440
2022,(CAH10) engineering and technology,(CAH10-01-01) engineering (non-specific),Quintile 5,All,All,1280
2023,(CAH10) engineering and technology,(CAH10-01-01) engineering (non-specific),Quintile 5,All,All,1215
2024,(CAH10) engineering and technology,(CAH10-01-01) engineering (non-specific),Quintile 5,All,All,1315
2019,(CAH10) engineering and technology,(CAH10-01-10) others in engineering,Quintile 5,All,All,10
2020,(CAH10) engineering and technology,(CAH10-01-10) others in engineering,Quintile 5,All,All,5
2021,(CAH10) engineering and technology,(CAH10-01-10) others in engineering,Quintile 5,All,All,5
2022,(CAH10) engineering and technology,(CAH10-01-10) others in engineering,Quintile 5,All,All,5
2019,(CAH10) engineering and technology,(CAH10-01-02) mechanical engineering,Quintile 5,All,All,2110
2020,(CAH10) engineering and technology,(CAH10-01-02) mechanical engineering,Quintile 5,All,All,2315
2021,(CAH10) engineering and technology,(CAH10-01-02) mechanical engineering,Quintile 5,All,All,2185
2022,(CAH10) engineering and technology,(CAH10-01-02) mechanical engineering,Quintile 5,All,All,2155
2023,(CAH10) engineering and technology,(CAH10-01-02) mechanical engineering,Quintile 5,All,All,2145
2024,(CAH10) engineering and technology,(CAH10-01-02) mechanical engineering,Quintile 5,All,All,2465
2019,(CAH10) engineering and technology,(CAH10-03-04) maritime technology,Quintile 5,All,All,20
2020,(CAH10) engineering and technology,(CAH10-03-04) maritime technology,Quintile 5,All,All,30
2021,(CAH10) engineering and technology,(CAH10-03-04) maritime technology,Quintile 5,All,All,35
2022,(CAH10) engineering and technology,(CAH10-03-04) maritime technology,Quintile 5,All,All,30
2023,(CAH10) engineering and technology,(CAH10-03-04) maritime technology,Quintile 5,All,All,30
2024,(CAH10) engineering and technology,(CAH10-03-04) maritime technology,Quintile 5,All,All,35
2019,(CAH10) engineering and technology,(CAH10-01-05) naval architecture,Quintile 5,All,All,20
2020,(CAH10) engineering and technology,(CAH10-01-05) naval architecture,Quintile 5,All,All,25
2021,(CAH10) engineering and technology,(CAH10-01-05) naval architecture,Quintile 5,All,All,20
2022,(CAH10) engineering and technology,(CAH10-01-05) naval architecture,Quintile 5,All,All,15
2023,(CAH10) engineering and technology,(CAH10-01-05) naval architecture,Quintile 5,All,All,20
2024,(CAH10) engineering and technology,(CAH10-01-05) naval architecture,Quintile 5,All,All,20
2019,(CAH10) engineering and technology,(CAH10-03-07) materials science,Quintile 5,All,All,105
2020,(CAH10) engineering and technology,(CAH10-03-07) materials science,Quintile 5,All,All,100
2021,(CAH10) engineering and technology,(CAH10-03-07) materials science,Quintile 5,All,All,95
2022,(CAH10) engineering and technology,(CAH10-03-07) materials science,Quintile 5,All,All,75
2023,(CAH10) engineering and technology,(CAH10-03-07) materials science,Quintile 5,All,All,85
2024,(CAH10) engineering and technology,(CAH10-03-07) materials science,Quintile 5,All,All,85
2019,(CAH02) subjects allied to medicine,(CAH02-06-03) ophthalmics,Quintile 5,All,All,330
2020,(CAH02) subjects allied to medicine,(CAH02-06-03) ophthalmics,Quintile 5,All,All,320
2021,(CAH02) subjects allied to medicine,(CAH02-06-03) ophthalmics,Quintile 5,All,All,320
2022,(CAH02) subjects allied to medicine,(CAH02-06-03) ophthalmics,Quintile 5,All,All,315
2023,(CAH02) subjects allied to medicine,(CAH02-06-03) ophthalmics,Quintile 5,All,All,305
2024,(CAH02) subjects allied to medicine,(CAH02-06-03) ophthalmics,Quintile 5,All,All,300
2019,(CAH02) subjects allied to medicine,"(CAH02-05-04) anatomy, physiology and pathology",Quintile 5,All,All,265
2020,(CAH02) subjects allied to medicine,"(CAH02-05-04) anatomy, physiology and pathology",Quintile 5,All,All,295
2021,(CAH02) subjects allied to medicine,"(CAH02-05-04) anatomy, physiology and pathology",Quintile 5,All,All,335
2022,(CAH02) subjects allied to medicine,"(CAH02-05-04) anatomy, physiology and pathology",Quintile 5,All,All,275
2023,(CAH02) subjects allied to medicine,"(CAH02-05-04) anatomy, physiology and pathology",Quintile 5,All,All,230
2024,(CAH02) subjects allied to medicine,"(CAH02-05-04) anatomy, physiology and pathology",Quintile 5,All,All,240
2019,(CAH02) subjects allied to medicine,(CAH02-05-01) medical technology,Quintile 5,All,All,325
2020,(CAH02) subjects allied to medicine,(CAH02-05-01) medical technology,Quintile 5,All,All,375
2021,(CAH02) subjects allied to medicine,(CAH02-05-01) medical technology,Quintile 5,All,All,415
2022,(CAH02) subjects allied to medicine,(CAH02-05-01) medical technology,Quintile 5,All,All,360
2023,(CAH02) subjects allied to medicine,(CAH02-05-01) medical technology,Quintile 5,All,All,375
2024,(CAH02) subjects allied to medicine,(CAH02-05-01) medical technology,Quintile 5,All,All,425
2019,(CAH02) subjects allied to medicine,(CAH02-06-06) complementary and alternative medicine,Quintile 5,All,All,265
2020,(CAH02) subjects allied to medicine,(CAH02-06-06) complementary and alternative medicine,Quintile 5,All,All,310
2021,(CAH02) subjects allied to medicine,(CAH02-06-06) complementary and alternative medicine,Quintile 5,All,All,340
2022,(CAH02) subjects allied to medicine,(CAH02-06-06) complementary and alternative medicine,Quintile 5,All,All,295
2023,(CAH02) subjects allied to medicine,(CAH02-06-06) complementary and alternative medicine,Quintile 5,All,All,275
2024,(CAH02) subjects allied to medicine,(CAH02-06-06) complementary and alternative medicine,Quintile 5,All,All,255
2019,(CAH02) subjects allied to medicine,(CAH02-06-01) health sciences (non-specific),Quintile 5,All,All,915
2020,(CAH02) subjects allied to medicine,(CAH02-06-01) health sciences (non-specific),Quintile 5,All,All,1080
2021,(CAH02) subjects allied to medicine,(CAH02-06-01) health sciences (non-specific),Quintile 5,All,All,1305
2022,(CAH02) subjects allied to medicine,(CAH02-06-01) health sciences (non-specific),Quintile 5,All,All,1205
2023,(CAH02) subjects allied to medicine,(CAH02-06-01) health sciences (non-specific),Quintile 5,All,All,1175
2024,(CAH02) subjects allied to medicine,(CAH02-06-01) health sciences (non-specific),Quintile 5,All,All,1225
2019,(CAH02) subjects allied to medicine,(CAH02-06-02) nutrition and dietetics,Quintile 5,All,All,390
2020,(CAH02) subjects allied to medicine,(CAH02-06-02) nutrition and dietetics,Quintile 5,All,All,455
2021,(CAH02) subjects allied to medicine,(CAH02-06-02) nutrition and dietetics,Quintile 5,All,All,440
2022,(CAH02) subjects allied to medicine,(CAH02-06-02) nutrition and dietetics,Quintile 5,All,All,400
2023,(CAH02) subjects allied to medicine,(CAH02-06-02) nutrition and dietetics,Quintile 5,All,All,375
2024,(CAH02) subjects allied to medicine,(CAH02-06-02) nutrition and dietetics,Quintile 5,All,All,345
2019,(CAH02) subjects allied to medicine,(CAH02-06-04) environmental and public health,Quintile 5,All,All,115
2020,(CAH02) subjects allied to medicine,(CAH02-06-04) environmental and public health,Quintile 5,All,All,75
2021,(CAH02) subjects allied to medicine,(CAH02-06-04) environmental and public health,Quintile 5,All,All,125
2022,(CAH02) subjects allied to medicine,(CAH02-06-04) environmental and public health,Quintile 5,All,All,80
2023,(CAH02) subjects allied to medicine,(CAH02-06-04) environmental and public health,Quintile 5,All,All,70
2024,(CAH02) subjects allied to medicine,(CAH02-06-04) environmental and public health,Quintile 5,All,All,80
2019,(CAH02) subjects allied to medicine,"(CAH02-06-07) counselling, psychotherapy and occupational therapy",Quintile 5,All,All,590
2020,(CAH02) subjects allied to medicine,"(CAH02-06-07) counselling, psychotherapy and occupational therapy",Quintile 5,All,All,725
2021,(CAH02) subjects allied to medicine,"(CAH02-06-07) counselling, psychotherapy and occupational therapy",Quintile 5,All,All,710
2022,(CAH02) subjects allied to medicine,"(CAH02-06-07) counselling, psychotherapy and occupational therapy",Quintile 5,All,All,685
2023,(CAH02) subjects allied to medicine,"(CAH02-06-07) counselling, psychotherapy and occupational therapy",Quintile 5,All,All,675
2024,(CAH02) subjects allied to medicine,"(CAH02-06-07) counselling, psychotherapy and occupational therapy",Quintile 5,All,All,680
2019,(CAH02) subjects allied to medicine,(CAH02-02-01) pharmacology,Quintile 5,All,All,265
2020,(CAH02) subjects allied to medicine,(CAH02-02-01) pharmacology,Quintile 5,All,All,310
2021,(CAH02) subjects allied to medicine,(CAH02-02-01) pharmacology,Quintile 5,All,All,360
2022,(CAH02) subjects allied to medicine,(CAH02-02-01) pharmacology,Quintile 5,All,All,400
2023,(CAH02) subjects allied to medicine,(CAH02-02-01) pharmacology,Quintile 5,All,All,460
2024,(CAH02) subjects allied to medicine,(CAH02-02-01) pharmacology,Quintile 5,All,All,485
2019,(CAH02) subjects allied to medicine,(CAH02-02-03) pharmacy,Quintile 5,All,All,860
2020,(CAH02) subjects allied to medicine,(CAH02-02-03) pharmacy,Quintile 5,All,All,850
2021,(CAH02) subjects allied to medicine,(CAH02-02-03) pharmacy,Quintile 5,All,All,1035
2022,(CAH02) subjects allied to medicine,(CAH02-02-03) pharmacy,Quintile 5,All,All,1045
2023,(CAH02) subjects allied to medicine,(CAH02-02-03) pharmacy,Quintile 5,All,All,1110
2024,(CAH02) subjects allied to medicine,(CAH02-02-03) pharmacy,Quintile 5,All,All,975
2019,(CAH02) subjects allied to medicine,(CAH02-06-05) physiotherapy,Quintile 5,All,All,775
2020,(CAH02) subjects allied to medicine,(CAH02-06-05) physiotherapy,Quintile 5,All,All,925
2021,(CAH02) subjects allied to medicine,(CAH02-06-05) physiotherapy,Quintile 5,All,All,890
2022,(CAH02) subjects allied to medicine,(CAH02-06-05) physiotherapy,Quintile 5,All,All,810
2023,(CAH02) subjects allied to medicine,(CAH02-06-05) physiotherapy,Quintile 5,All,All,920
2024,(CAH02) subjects allied to medicine,(CAH02-06-05) physiotherapy,Quintile 5,All,All,1020
2019,(CAH02) subjects allied to medicine,(CAH02-05-02) healthcare science (non-specific),Quintile 5,All,All,255
2020,(CAH02) subjects allied to medicine,(CAH02-05-02) healthcare science (non-specific),Quintile 5,All,All,290
2021,(CAH02) subjects allied to medicine,(CAH02-05-02) healthcare science (non-specific),Quintile 5,All,All,280
2022,(CAH02) subjects allied to medicine,(CAH02-05-02) healthcare science (non-specific),Quintile 5,All,All,245
2023,(CAH02) subjects allied to medicine,(CAH02-05-02) healthcare science (non-specific),Quintile 5,All,All,565
2024,(CAH02) subjects allied to medicine,(CAH02-05-02) healthcare science (non-specific),Quintile 5,All,All,625
2019,(CAH02) subjects allied to medicine,(CAH02-05-03) biomedical sciences (non-specific),Quintile 5,All,All,2210
2020,(CAH02) subjects allied to medicine,(CAH02-05-03) biomedical sciences (non-specific),Quintile 5,All,All,2250
2021,(CAH02) subjects allied to medicine,(CAH02-05-03) biomedical sciences (non-specific),Quintile 5,All,All,2405
2022,(CAH02) subjects allied to medicine,(CAH02-05-03) biomedical sciences (non-specific),Quintile 5,All,All,2445
2023,(CAH02) subjects allied to medicine,(CAH02-05-03) biomedical sciences (non-specific),Quintile 5,All,All,2480
2024,(CAH02) subjects allied to medicine,(CAH02-05-03) biomedical sciences (non-specific),Quintile 5,All,All,2385
2019,(CAH02) subjects allied to medicine,(CAH02-02-02) toxicology,Quintile 5,All,All,10
2020,(CAH02) subjects allied to medicine,(CAH02-02-02) toxicology,Quintile 5,All,All,10
2021,(CAH02) subjects allied to medicine,(CAH02-02-02) toxicology,Quintile 5,All,All,5
2022,(CAH02) subjects allied to medicine,(CAH02-02-02) toxicology,Quintile 5,All,All,10
2023,(CAH02) subjects allied to medicine,(CAH02-02-02) toxicology,Quintile 5,All,All,10
2024,(CAH02) subjects allied to medicine,(CAH02-02-02) toxicology,Quintile 5,All,All,10
2019,(CAH02) subjects allied to medicine,(CAH02-04-02) adult nursing,Quintile 5,All,All,2330
2020,(CAH02) subjects allied to medicine,(CAH02-04-02) adult nursing,Quintile 5,All,All,2930
2021,(CAH02) subjects allied to medicine,(CAH02-04-02) adult nursing,Quintile 5,All,All,3110
2022,(CAH02) subjects allied to medicine,(CAH02-04-02) adult nursing,Quintile 5,All,All,2720
2023,(CAH02) subjects allied to medicine,(CAH02-04-02) adult nursing,Quintile 5,All,All,2200
2024,(CAH02) subjects allied to medicine,(CAH02-04-02) adult nursing,Quintile 5,All,All,2075
2019,(CAH02) subjects allied to medicine,(CAH02-04-05) children's nursing,Quintile 5,All,All,615
2020,(CAH02) subjects allied to medicine,(CAH02-04-05) children's nursing,Quintile 5,All,All,805
2021,(CAH02) subjects allied to medicine,(CAH02-04-05) children's nursing,Quintile 5,All,All,700
2022,(CAH02) subjects allied to medicine,(CAH02-04-05) children's nursing,Quintile 5,All,All,705
2023,(CAH02) subjects allied to medicine,(CAH02-04-05) children's nursing,Quintile 5,All,All,635
2024,(CAH02) subjects allied to medicine,(CAH02-04-05) children's nursing,Quintile 5,All,All,655
2020,(CAH02) subjects allied to medicine,(CAH02-04-03) community nursing,Quintile 5,All,All,5
2021,(CAH02) subjects allied to medicine,(CAH02-04-03) community nursing,Quintile 5,All,All,5
2022,(CAH02) subjects allied to medicine,(CAH02-04-03) community nursing,Quintile 5,All,All,5
2019,(CAH02) subjects allied to medicine,(CAH02-04-09) others in nursing,Quintile 5,All,All,70
2020,(CAH02) subjects allied to medicine,(CAH02-04-09) others in nursing,Quintile 5,All,All,80
2021,(CAH02) subjects allied to medicine,(CAH02-04-09) others in nursing,Quintile 5,All,All,95
2022,(CAH02) subjects allied to medicine,(CAH02-04-09) others in nursing,Quintile 5,All,All,85
2023,(CAH02) subjects allied to medicine,(CAH02-04-09) others in nursing,Quintile 5,All,All,90
2024,(CAH02) subjects allied to medicine,(CAH02-04-09) others in nursing,Quintile 5,All,All,70
2019,(CAH02) subjects allied to medicine,(CAH02-04-06) dental nursing,Quintile 5,All,All,35
2020,(CAH02) subjects allied to medicine,(CAH02-04-06) dental nursing,Quintile 5,All,All,35
2021,(CAH02) subjects allied to medicine,(CAH02-04-06) dental nursing,Quintile 5,All,All,35
2022,(CAH02) subjects allied to medicine,(CAH02-04-06) dental nursing,Quintile 5,All,All,50
2023,(CAH02) subjects allied to medicine,(CAH02-04-06) dental nursing,Quintile 5,All,All,45
2024,(CAH02) subjects allied to medicine,(CAH02-04-06) dental nursing,Quintile 5,All,All,85
2019,(CAH02) subjects allied to medicine,(CAH02-04-08) learning disabilities nursing,Quintile 5,All,All,115
2020,(CAH02) subjects allied to medicine,(CAH02-04-08) learning disabilities nursing,Quintile 5,All,All,120
2021,(CAH02) subjects allied to medicine,(CAH02-04-08) learning disabilities nursing,Quintile 5,All,All,140
2022,(CAH02) subjects allied to medicine,(CAH02-04-08) learning disabilities nursing,Quintile 5,All,All,105
2023,(CAH02) subjects allied to medicine,(CAH02-04-08) learning disabilities nursing,Quintile 5,All,All,80
2024,(CAH02) subjects allied to medicine,(CAH02-04-08) learning disabilities nursing,Quintile 5,All,All,90
2019,(CAH02) subjects allied to medicine,(CAH02-04-07) mental health nursing,Quintile 5,All,All,660
2020,(CAH02) subjects allied to medicine,(CAH02-04-07) mental health nursing,Quintile 5,All,All,915
2021,(CAH02) subjects allied to medicine,(CAH02-04-07) mental health nursing,Quintile 5,All,All,880
2022,(CAH02) subjects allied to medicine,(CAH02-04-07) mental health nursing,Quintile 5,All,All,700
2023,(CAH02) subjects allied to medicine,(CAH02-04-07) mental health nursing,Quintile 5,All,All,675
2024,(CAH02) subjects allied to medicine,(CAH02-04-07) mental health nursing,Quintile 5,All,All,675
2019,(CAH02) subjects allied to medicine,(CAH02-04-04) midwifery,Quintile 5,All,All,780
2020,(CAH02) subjects allied to medicine,(CAH02-04-04) midwifery,Quintile 5,All,All,885
2021,(CAH02) subjects allied to medicine,(CAH02-04-04) midwifery,Quintile 5,All,All,875
2022,(CAH02) subjects allied to medicine,(CAH02-04-04) midwifery,Quintile 5,All,All,805
2023,(CAH02) subjects allied to medicine,(CAH02-04-04) midwifery,Quintile 5,All,All,730
2024,(CAH02) subjects allied to medicine,(CAH02-04-04) midwifery,Quintile 5,All,All,700
2019,(CAH02) subjects allied to medicine,(CAH02-04-01) nursing (non-specific),Quintile 5,All,All,365
2020,(CAH02) subjects allied to medicine,(CAH02-04-01) nursing (non-specific),Quintile 5,All,All,345
2021,(CAH02) subjects allied to medicine,(CAH02-04-01) nursing (non-specific),Quintile 5,All,All,370
2022,(CAH02) subjects allied to medicine,(CAH02-04-01) nursing (non-specific),Quintile 5,All,All,330
2023,(CAH02) subjects allied to medicine,(CAH02-04-01) nursing (non-specific),Quintile 5,All,All,260
2024,(CAH02) subjects allied to medicine,(CAH02-04-01) nursing (non-specific),Quintile 5,All,All,270
2019,(CAH19) language and area studies,(CAH19-01-05) creative writing,Quintile 5,All,All,410
2020,(CAH19) language and area studies,(CAH19-01-05) creative writing,Quintile 5,All,All,395
2021,(CAH19) language and area studies,(CAH19-01-05) creative writing,Quintile 5,All,All,370
2022,(CAH19) language and area studies,(CAH19-01-05) creative writing,Quintile 5,All,All,400
2023,(CAH19) language and area studies,(CAH19-01-05) creative writing,Quintile 5,All,All,390
2024,(CAH19) language and area studies,(CAH19-01-05) creative writing,Quintile 5,All,All,370
2019,(CAH19) language and area studies,(CAH19-04-08) American and Australasian studies,Quintile 5,All,All,150
2020,(CAH19) language and area studies,(CAH19-04-08) American and Australasian studies,Quintile 5,All,All,110
2021,(CAH19) language and area studies,(CAH19-04-08) American and Australasian studies,Quintile 5,All,All,110
2022,(CAH19) language and area studies,(CAH19-04-08) American and Australasian studies,Quintile 5,All,All,100
2023,(CAH19) language and area studies,(CAH19-04-08) American and Australasian studies,Quintile 5,All,All,70
2024,(CAH19) language and area studies,(CAH19-04-08) American and Australasian studies,Quintile 5,All,All,65
2019,(CAH19) language and area studies,(CAH19-01-06) others in English studies,Quintile 5,All,All,15
2020,(CAH19) language and area studies,(CAH19-01-06) others in English studies,Quintile 5,All,All,10
2021,(CAH19) language and area studies,(CAH19-01-06) others in English studies,Quintile 5,All,All,15
2022,(CAH19) language and area studies,(CAH19-01-06) others in English studies,Quintile 5,All,All,10
2023,(CAH19) language and area studies,(CAH19-01-06) others in English studies,Quintile 5,All,All,10
2024,(CAH19) language and area studies,(CAH19-01-06) others in English studies,Quintile 5,All,All,10
2019,(CAH19) language and area studies,(CAH19-01-02) English language,Quintile 5,All,All,235
2020,(CAH19) language and area studies,(CAH19-01-02) English language,Quintile 5,All,All,230
2021,(CAH19) language and area studies,(CAH19-01-02) English language,Quintile 5,All,All,190
2022,(CAH19) language and area studies,(CAH19-01-02) English language,Quintile 5,All,All,185
2023,(CAH19) language and area studies,(CAH19-01-02) English language,Quintile 5,All,All,210
2024,(CAH19) language and area studies,(CAH19-01-02) English language,Quintile 5,All,All,190
2019,(CAH19) language and area studies,(CAH19-01-03) literature in English,Quintile 5,All,All,1210
2020,(CAH19) language and area studies,(CAH19-01-03) literature in English,Quintile 5,All,All,1110
2021,(CAH19) language and area studies,(CAH19-01-03) literature in English,Quintile 5,All,All,1165
2022,(CAH19) language and area studies,(CAH19-01-03) literature in English,Quintile 5,All,All,1090
2023,(CAH19) language and area studies,(CAH19-01-03) literature in English,Quintile 5,All,All,1190
2024,(CAH19) language and area studies,(CAH19-01-03) literature in English,Quintile 5,All,All,1165
2019,(CAH19) language and area studies,(CAH19-01-01) English studies (non-specific),Quintile 5,All,All,1620
2020,(CAH19) language and area studies,(CAH19-01-01) English studies (non-specific),Quintile 5,All,All,1510
2021,(CAH19) language and area studies,(CAH19-01-01) English studies (non-specific),Quintile 5,All,All,1415
2022,(CAH19) language and area studies,(CAH19-01-01) English studies (non-specific),Quintile 5,All,All,1405
2023,(CAH19) language and area studies,(CAH19-01-01) English studies (non-specific),Quintile 5,All,All,1315
2024,(CAH19) language and area studies,(CAH19-01-01) English studies (non-specific),Quintile 5,All,All,1330
2019,(CAH19) language and area studies,(CAH19-04-01) French studies,Quintile 5,All,All,475
2020,(CAH19) language and area studies,(CAH19-04-01) French studies,Quintile 5,All,All,425
2021,(CAH19) language and area studies,(CAH19-04-01) French studies,Quintile 5,All,All,375
2022,(CAH19) language and area studies,(CAH19-04-01) French studies,Quintile 5,All,All,375
2023,(CAH19) language and area studies,(CAH19-04-01) French studies,Quintile 5,All,All,340
2024,(CAH19) language and area studies,(CAH19-04-01) French studies,Quintile 5,All,All,325
2019,(CAH19) language and area studies,(CAH19-04-02) German and Scandinavian studies,Quintile 5,All,All,150
2020,(CAH19) language and area studies,(CAH19-04-02) German and Scandinavian studies,Quintile 5,All,All,160
2021,(CAH19) language and area studies,(CAH19-04-02) German and Scandinavian studies,Quintile 5,All,All,135
2022,(CAH19) language and area studies,(CAH19-04-02) German and Scandinavian studies,Quintile 5,All,All,125
2023,(CAH19) language and area studies,(CAH19-04-02) German and Scandinavian studies,Quintile 5,All,All,110
2024,(CAH19) language and area studies,(CAH19-04-02) German and Scandinavian studies,Quintile 5,All,All,125
2019,(CAH19) language and area studies,(CAH19-04-04) Iberian studies,Quintile 5,All,All,520
2020,(CAH19) language and area studies,(CAH19-04-04) Iberian studies,Quintile 5,All,All,480
2021,(CAH19) language and area studies,(CAH19-04-04) Iberian studies,Quintile 5,All,All,430
2022,(CAH19) language and area studies,(CAH19-04-04) Iberian studies,Quintile 5,All,All,375
2023,(CAH19) language and area studies,(CAH19-04-04) Iberian studies,Quintile 5,All,All,375
2024,(CAH19) language and area studies,(CAH19-04-04) Iberian studies,Quintile 5,All,All,370
2019,(CAH19) language and area studies,(CAH19-04-03) Italian studies,Quintile 5,All,All,80
2020,(CAH19) language and area studies,(CAH19-04-03) Italian studies,Quintile 5,All,All,70
2021,(CAH19) language and area studies,(CAH19-04-03) Italian studies,Quintile 5,All,All,60
2022,(CAH19) language and area studies,(CAH19-04-03) Italian studies,Quintile 5,All,All,60
2023,(CAH19) language and area studies,(CAH19-04-03) Italian studies,Quintile 5,All,All,70
2024,(CAH19) language and area studies,(CAH19-04-03) Italian studies,Quintile 5,All,All,65
2019,(CAH19) language and area studies,(CAH19-01-07) linguistics,Quintile 5,All,All,245
2020,(CAH19) language and area studies,(CAH19-01-07) linguistics,Quintile 5,All,All,245
2021,(CAH19) language and area studies,(CAH19-01-07) linguistics,Quintile 5,All,All,250
2022,(CAH19) language and area studies,(CAH19-01-07) linguistics,Quintile 5,All,All,250
2023,(CAH19) language and area studies,(CAH19-01-07) linguistics,Quintile 5,All,All,205
2024,(CAH19) language and area studies,(CAH19-01-07) linguistics,Quintile 5,All,All,235
2019,(CAH19) language and area studies,(CAH19-04-09) others in language and area studies,Quintile 5,All,All,815
2020,(CAH19) language and area studies,(CAH19-04-09) others in language and area studies,Quintile 5,All,All,865
2021,(CAH19) language and area studies,(CAH19-04-09) others in language and area studies,Quintile 5,All,All,820
2022,(CAH19) language and area studies,(CAH19-04-09) others in language and area studies,Quintile 5,All,All,850
2023,(CAH19) language and area studies,(CAH19-04-09) others in language and area studies,Quintile 5,All,All,720
2024,(CAH19) language and area studies,(CAH19-04-09) others in language and area studies,Quintile 5,All,All,745
2019,(CAH19) language and area studies,(CAH19-04-05) Slavic studies,Quintile 5,All,All,65
2020,(CAH19) language and area studies,(CAH19-04-05) Slavic studies,Quintile 5,All,All,70
2021,(CAH19) language and area studies,(CAH19-04-05) Slavic studies,Quintile 5,All,All,70
2022,(CAH19) language and area studies,(CAH19-04-05) Slavic studies,Quintile 5,All,All,55
2023,(CAH19) language and area studies,(CAH19-04-05) Slavic studies,Quintile 5,All,All,60
2024,(CAH19) language and area studies,(CAH19-04-05) Slavic studies,Quintile 5,All,All,55
2019,(CAH19) language and area studies,(CAH19-02-03) Welsh studies,Quintile 5,All,All,5
2020,(CAH19) language and area studies,(CAH19-02-03) Welsh studies,Quintile 5,All,All,10
2021,(CAH19) language and area studies,(CAH19-02-03) Welsh studies,Quintile 5,All,All,10
2022,(CAH19) language and area studies,(CAH19-02-03) Welsh studies,Quintile 5,All,All,5
2023,(CAH19) language and area studies,(CAH19-02-03) Welsh studies,Quintile 5,All,All,10
2024,(CAH19) language and area studies,(CAH19-02-03) Welsh studies,Quintile 5,All,All,5
2019,(CAH19) language and area studies,(CAH19-02-01) Celtic studies (non-specific),Quintile 5,All,All,10
2020,(CAH19) language and area studies,(CAH19-02-01) Celtic studies (non-specific),Quintile 5,All,All,10
2021,(CAH19) language and area studies,(CAH19-02-01) Celtic studies (non-specific),Quintile 5,All,All,15
2022,(CAH19) language and area studies,(CAH19-02-01) Celtic studies (non-specific),Quintile 5,All,All,5
2023,(CAH19) language and area studies,(CAH19-02-01) Celtic studies (non-specific),Quintile 5,All,All,10
2024,(CAH19) language and area studies,(CAH19-02-01) Celtic studies (non-specific),Quintile 5,All,All,10
2019,(CAH19) language and area studies,(CAH19-02-02) Gaelic studies,Quintile 5,All,All,10
2020,(CAH19) language and area studies,(CAH19-02-02) Gaelic studies,Quintile 5,All,All,10
2021,(CAH19) language and area studies,(CAH19-02-02) Gaelic studies,Quintile 5,All,All,15
2022,(CAH19) language and area studies,(CAH19-02-02) Gaelic studies,Quintile 5,All,All,5
2023,(CAH19) language and area studies,(CAH19-02-02) Gaelic studies,Quintile 5,All,All,5
2024,(CAH19) language and area studies,(CAH19-02-02) Gaelic studies,Quintile 5,All,All,15
2019,(CAH19) language and area studies,(CAH19-02-04) others in Celtic studies,Quintile 5,All,All,10
2020,(CAH19) language and area studies,(CAH19-02-04) others in Celtic studies,Quintile 5,All,All,10
2021,(CAH19) language and area studies,(CAH19-02-04) others in Celtic studies,Quintile 5,All,All,5
2022,(CAH19) language and area studies,(CAH19-02-04) others in Celtic studies,Quintile 5,All,All,10
2023,(CAH19) language and area studies,(CAH19-02-04) others in Celtic studies,Quintile 5,All,All,10
2024,(CAH19) language and area studies,(CAH19-02-04) others in Celtic studies,Quintile 5,All,All,10
2019,(CAH19) language and area studies,(CAH19-04-06) Asian studies,Quintile 5,All,All,255
2020,(CAH19) language and area studies,(CAH19-04-06) Asian studies,Quintile 5,All,All,235
2021,(CAH19) language and area studies,(CAH19-04-06) Asian studies,Quintile 5,All,All,265
2022,(CAH19) language and area studies,(CAH19-04-06) Asian studies,Quintile 5,All,All,255
2023,(CAH19) language and area studies,(CAH19-04-06) Asian studies,Quintile 5,All,All,195
2024,(CAH19) language and area studies,(CAH19-04-06) Asian studies,Quintile 5,All,All,165
2019,(CAH19) language and area studies,(CAH19-04-07) African and modern Middle Eastern studies,Quintile 5,All,All,100
2020,(CAH19) language and area studies,(CAH19-04-07) African and modern Middle Eastern studies,Quintile 5,All,All,70
2021,(CAH19) language and area studies,(CAH19-04-07) African and modern Middle Eastern studies,Quintile 5,All,All,75
2022,(CAH19) language and area studies,(CAH19-04-07) African and modern Middle Eastern studies,Quintile 5,All,All,55
2023,(CAH19) language and area studies,(CAH19-04-07) African and modern Middle Eastern studies,Quintile 5,All,All,60
2024,(CAH19) language and area studies,(CAH19-04-07) African and modern Middle Eastern studies,Quintile 5,All,All,75
2019,"(CAH24) media, journalism and communications",(CAH24-01-05) media studies,Quintile 5,All,All,1870
2020,"(CAH24) media, journalism and communications",(CAH24-01-05) media studies,Quintile 5,All,All,1985
2021,"(CAH24) media, journalism and communications",(CAH24-01-05) media studies,Quintile 5,All,All,2165
2022,"(CAH24) media, journalism and communications",(CAH24-01-05) media studies,Quintile 5,All,All,2225
2023,"(CAH24) media, journalism and communications",(CAH24-01-05) media studies,Quintile 5,All,All,2090
2024,"(CAH24) media, journalism and communications",(CAH24-01-05) media studies,Quintile 5,All,All,2150
2019,"(CAH24) media, journalism and communications",(CAH24-01-02) publicity studies,Quintile 5,All,All,75
2020,"(CAH24) media, journalism and communications",(CAH24-01-02) publicity studies,Quintile 5,All,All,70
2021,"(CAH24) media, journalism and communications",(CAH24-01-02) publicity studies,Quintile 5,All,All,50
2022,"(CAH24) media, journalism and communications",(CAH24-01-02) publicity studies,Quintile 5,All,All,50
2023,"(CAH24) media, journalism and communications",(CAH24-01-02) publicity studies,Quintile 5,All,All,50
2024,"(CAH24) media, journalism and communications",(CAH24-01-02) publicity studies,Quintile 5,All,All,55
2019,"(CAH24) media, journalism and communications",(CAH24-01-01) information services,Quintile 5,All,All,20
2020,"(CAH24) media, journalism and communications",(CAH24-01-01) information services,Quintile 5,All,All,25
2021,"(CAH24) media, journalism and communications",(CAH24-01-01) information services,Quintile 5,All,All,35
2022,"(CAH24) media, journalism and communications",(CAH24-01-01) information services,Quintile 5,All,All,20
2023,"(CAH24) media, journalism and communications",(CAH24-01-01) information services,Quintile 5,All,All,25
2024,"(CAH24) media, journalism and communications",(CAH24-01-01) information services,Quintile 5,All,All,30
2019,"(CAH24) media, journalism and communications",(CAH24-01-04) journalism,Quintile 5,All,All,730
2020,"(CAH24) media, journalism and communications",(CAH24-01-04) journalism,Quintile 5,All,All,705
2021,"(CAH24) media, journalism and communications",(CAH24-01-04) journalism,Quintile 5,All,All,750
2022,"(CAH24) media, journalism and communications",(CAH24-01-04) journalism,Quintile 5,All,All,805
2023,"(CAH24) media, journalism and communications",(CAH24-01-04) journalism,Quintile 5,All,All,735
2024,"(CAH24) media, journalism and communications",(CAH24-01-04) journalism,Quintile 5,All,All,775
2019,"(CAH24) media, journalism and communications",(CAH24-01-03) publishing,Quintile 5,All,All,45
2020,"(CAH24) media, journalism and communications",(CAH24-01-03) publishing,Quintile 5,All,All,20
2021,"(CAH24) media, journalism and communications",(CAH24-01-03) publishing,Quintile 5,All,All,20
2022,"(CAH24) media, journalism and communications",(CAH24-01-03) publishing,Quintile 5,All,All,30
2023,"(CAH24) media, journalism and communications",(CAH24-01-03) publishing,Quintile 5,All,All,20
2024,"(CAH24) media, journalism and communications",(CAH24-01-03) publishing,Quintile 5,All,All,20
2019,(CAH23) combined and general studies,(CAH23-01-04) liberal arts (non-specific),Quintile 5,All,All,265
2020,(CAH23) combined and general studies,(CAH23-01-04) liberal arts (non-specific),Quintile 5,All,All,315
2021,(CAH23) combined and general studies,(CAH23-01-04) liberal arts (non-specific),Quintile 5,All,All,330
2022,(CAH23) combined and general studies,(CAH23-01-04) liberal arts (non-specific),Quintile 5,All,All,340
2023,(CAH23) combined and general studies,(CAH23-01-04) liberal arts (non-specific),Quintile 5,All,All,370
2024,(CAH23) combined and general studies,(CAH23-01-04) liberal arts (non-specific),Quintile 5,All,All,345
2019,(CAH23) combined and general studies,(CAH23-01-03) humanities (non-specific),Quintile 5,All,All,140
2020,(CAH23) combined and general studies,(CAH23-01-03) humanities (non-specific),Quintile 5,All,All,90
2021,(CAH23) combined and general studies,(CAH23-01-03) humanities (non-specific),Quintile 5,All,All,80
2022,(CAH23) combined and general studies,(CAH23-01-03) humanities (non-specific),Quintile 5,All,All,100
2023,(CAH23) combined and general studies,(CAH23-01-03) humanities (non-specific),Quintile 5,All,All,110
2024,(CAH23) combined and general studies,(CAH23-01-03) humanities (non-specific),Quintile 5,All,All,80
2019,(CAH23) combined and general studies,(CAH23-01-02) personal development,Quintile 5,All,All,110
2020,(CAH23) combined and general studies,(CAH23-01-02) personal development,Quintile 5,All,All,125
2021,(CAH23) combined and general studies,(CAH23-01-02) personal development,Quintile 5,All,All,130
2022,(CAH23) combined and general studies,(CAH23-01-02) personal development,Quintile 5,All,All,130
2023,(CAH23) combined and general studies,(CAH23-01-02) personal development,Quintile 5,All,All,135
2024,(CAH23) combined and general studies,(CAH23-01-02) personal development,Quintile 5,All,All,160
2019,(CAH23) combined and general studies,"(CAH23-01-01) combined, general or negotiated studies",Quintile 5,All,All,290
2020,(CAH23) combined and general studies,"(CAH23-01-01) combined, general or negotiated studies",Quintile 5,All,All,355
2021,(CAH23) combined and general studies,"(CAH23-01-01) combined, general or negotiated studies",Quintile 5,All,All,320
2022,(CAH23) combined and general studies,"(CAH23-01-01) combined, general or negotiated studies",Quintile 5,All,All,270
2023,(CAH23) combined and general studies,"(CAH23-01-01) combined, general or negotiated studies",Quintile 5,All,All,350
2024,(CAH23) combined and general studies,"(CAH23-01-01) combined, general or negotiated studies",Quintile 5,All,All,360
2019,(CAH17) business and management,(CAH17-01-03) marketing,Quintile 5,All,All,1935
2020,(CAH17) business and management,(CAH17-01-03) marketing,Quintile 5,All,All,2000
2021,(CAH17) business and management,(CAH17-01-03) marketing,Quintile 5,All,All,2100
2022,(CAH17) business and management,(CAH17-01-03) marketing,Quintile 5,All,All,2115
2023,(CAH17) business and management,(CAH17-01-03) marketing,Quintile 5,All,All,2150
2024,(CAH17) business and management,(CAH17-01-03) marketing,Quintile 5,All,All,2220
2019,(CAH17) business and management,(CAH17-01-01) business and management (non-specific),Quintile 5,All,All,2815
2020,(CAH17) business and management,(CAH17-01-01) business and management (non-specific),Quintile 5,All,All,3175
2021,(CAH17) business and management,(CAH17-01-01) business and management (non-specific),Quintile 5,All,All,3570
2022,(CAH17) business and management,(CAH17-01-01) business and management (non-specific),Quintile 5,All,All,3980
2023,(CAH17) business and management,(CAH17-01-01) business and management (non-specific),Quintile 5,All,All,4450
2024,(CAH17) business and management,(CAH17-01-01) business and management (non-specific),Quintile 5,All,All,4315
2019,(CAH17) business and management,(CAH17-01-02) business studies,Quintile 5,All,All,4785
2020,(CAH17) business and management,(CAH17-01-02) business studies,Quintile 5,All,All,4855
2021,(CAH17) business and management,(CAH17-01-02) business studies,Quintile 5,All,All,4770
2022,(CAH17) business and management,(CAH17-01-02) business studies,Quintile 5,All,All,5630
2023,(CAH17) business and management,(CAH17-01-02) business studies,Quintile 5,All,All,4515
2024,(CAH17) business and management,(CAH17-01-02) business studies,Quintile 5,All,All,5190
2019,(CAH17) business and management,"(CAH17-01-06) tourism, transport and travel",Quintile 5,All,All,1595
2020,(CAH17) business and management,"(CAH17-01-06) tourism, transport and travel",Quintile 5,All,All,1590
2021,(CAH17) business and management,"(CAH17-01-06) tourism, transport and travel",Quintile 5,All,All,1640
2022,(CAH17) business and management,"(CAH17-01-06) tourism, transport and travel",Quintile 5,All,All,1775
2023,(CAH17) business and management,"(CAH17-01-06) tourism, transport and travel",Quintile 5,All,All,1490
2024,(CAH17) business and management,"(CAH17-01-06) tourism, transport and travel",Quintile 5,All,All,1525
2019,(CAH17) business and management,(CAH17-01-05) human resource management,Quintile 5,All,All,225
2020,(CAH17) business and management,(CAH17-01-05) human resource management,Quintile 5,All,All,215
2021,(CAH17) business and management,(CAH17-01-05) human resource management,Quintile 5,All,All,190
2022,(CAH17) business and management,(CAH17-01-05) human resource management,Quintile 5,All,All,175
2023,(CAH17) business and management,(CAH17-01-05) human resource management,Quintile 5,All,All,155
2024,(CAH17) business and management,(CAH17-01-05) human resource management,Quintile 5,All,All,155
2019,(CAH17) business and management,(CAH17-01-04) management studies,Quintile 5,All,All,2770
2020,(CAH17) business and management,(CAH17-01-04) management studies,Quintile 5,All,All,2865
2021,(CAH17) business and management,(CAH17-01-04) management studies,Quintile 5,All,All,2980
2022,(CAH17) business and management,(CAH17-01-04) management studies,Quintile 5,All,All,2730
2023,(CAH17) business and management,(CAH17-01-04) management studies,Quintile 5,All,All,2645
2024,(CAH17) business and management,(CAH17-01-04) management studies,Quintile 5,All,All,2865
2019,(CAH17) business and management,(CAH17-01-08) accounting,Quintile 5,All,All,2045
2020,(CAH17) business and management,(CAH17-01-08) accounting,Quintile 5,All,All,2060
2021,(CAH17) business and management,(CAH17-01-08) accounting,Quintile 5,All,All,2220
2022,(CAH17) business and management,(CAH17-01-08) accounting,Quintile 5,All,All,2100
2023,(CAH17) business and management,(CAH17-01-08) accounting,Quintile 5,All,All,2325
2024,(CAH17) business and management,(CAH17-01-08) accounting,Quintile 5,All,All,2570
2019,(CAH17) business and management,(CAH17-01-07) finance,Quintile 5,All,All,1610
2020,(CAH17) business and management,(CAH17-01-07) finance,Quintile 5,All,All,1635
2021,(CAH17) business and management,(CAH17-01-07) finance,Quintile 5,All,All,1840
2022,(CAH17) business and management,(CAH17-01-07) finance,Quintile 5,All,All,1830
2023,(CAH17) business and management,(CAH17-01-07) finance,Quintile 5,All,All,2065
2024,(CAH17) business and management,(CAH17-01-07) finance,Quintile 5,All,All,2390
2021,(CAH17) business and management,(CAH17-01-09) others in business and management,Quintile 5,All,All,5
2022,(CAH17) business and management,(CAH17-01-09) others in business and management,Quintile 5,All,All,5
2019,(CAH15) social sciences,(CAH15-03-01) politics,Quintile 5,All,All,3410
2020,(CAH15) social sciences,(CAH15-03-01) politics,Quintile 5,All,All,3450
2021,(CAH15) social sciences,(CAH15-03-01) politics,Quintile 5,All,All,3620
2022,(CAH15) social sciences,(CAH15-03-01) politics,Quintile 5,All,All,3480
2023,(CAH15) social sciences,(CAH15-03-01) politics,Quintile 5,All,All,3825
2024,(CAH15) social sciences,(CAH15-03-01) politics,Quintile 5,All,All,3830
2019,(CAH15) social sciences,(CAH15-01-04) anthropology,Quintile 5,All,All,440
2020,(CAH15) social sciences,(CAH15-01-04) anthropology,Quintile 5,All,All,440
2021,(CAH15) social sciences,(CAH15-01-04) anthropology,Quintile 5,All,All,445
2022,(CAH15) social sciences,(CAH15-01-04) anthropology,Quintile 5,All,All,395
2023,(CAH15) social sciences,(CAH15-01-04) anthropology,Quintile 5,All,All,405
2024,(CAH15) social sciences,(CAH15-01-04) anthropology,Quintile 5,All,All,355
2019,(CAH15) social sciences,(CAH15-02-01) economics,Quintile 5,All,All,4460
2020,(CAH15) social sciences,(CAH15-02-01) economics,Quintile 5,All,All,4660
2021,(CAH15) social sciences,(CAH15-02-01) economics,Quintile 5,All,All,4935
2022,(CAH15) social sciences,(CAH15-02-01) economics,Quintile 5,All,All,4440
2023,(CAH15) social sciences,(CAH15-02-01) economics,Quintile 5,All,All,4680
2024,(CAH15) social sciences,(CAH15-02-01) economics,Quintile 5,All,All,5025
2019,(CAH15) social sciences,(CAH15-04-02) childhood and youth studies,Quintile 5,All,All,760
2020,(CAH15) social sciences,(CAH15-04-02) childhood and youth studies,Quintile 5,All,All,690
2021,(CAH15) social sciences,(CAH15-04-02) childhood and youth studies,Quintile 5,All,All,630
2022,(CAH15) social sciences,(CAH15-04-02) childhood and youth studies,Quintile 5,All,All,550
2023,(CAH15) social sciences,(CAH15-04-02) childhood and youth studies,Quintile 5,All,All,415
2024,(CAH15) social sciences,(CAH15-04-02) childhood and youth studies,Quintile 5,All,All,410
2019,(CAH15) social sciences,(CAH15-04-01) social work,Quintile 5,All,All,1005
2020,(CAH15) social sciences,(CAH15-04-01) social work,Quintile 5,All,All,1185
2021,(CAH15) social sciences,(CAH15-04-01) social work,Quintile 5,All,All,1105
2022,(CAH15) social sciences,(CAH15-04-01) social work,Quintile 5,All,All,810
2023,(CAH15) social sciences,(CAH15-04-01) social work,Quintile 5,All,All,680
2024,(CAH15) social sciences,(CAH15-04-01) social work,Quintile 5,All,All,740
2019,(CAH15) social sciences,(CAH15-01-01) social sciences (non-specific),Quintile 5,All,All,475
2020,(CAH15) social sciences,(CAH15-01-01) social sciences (non-specific),Quintile 5,All,All,510
2021,(CAH15) social sciences,(CAH15-01-01) social sciences (non-specific),Quintile 5,All,All,420
2022,(CAH15) social sciences,(CAH15-01-01) social sciences (non-specific),Quintile 5,All,All,440
2023,(CAH15) social sciences,(CAH15-01-01) social sciences (non-specific),Quintile 5,All,All,480
2024,(CAH15) social sciences,(CAH15-01-01) social sciences (non-specific),Quintile 5,All,All,380
2019,(CAH15) social sciences,(CAH15-04-03) health studies,Quintile 5,All,All,775
2020,(CAH15) social sciences,(CAH15-04-03) health studies,Quintile 5,All,All,555
2021,(CAH15) social sciences,(CAH15-04-03) health studies,Quintile 5,All,All,515
2022,(CAH15) social sciences,(CAH15-04-03) health studies,Quintile 5,All,All,465
2023,(CAH15) social sciences,(CAH15-04-03) health studies,Quintile 5,All,All,365
2024,(CAH15) social sciences,(CAH15-04-03) health studies,Quintile 5,All,All,340
2019,(CAH15) social sciences,(CAH15-01-03) social policy,Quintile 5,All,All,370
2020,(CAH15) social sciences,(CAH15-01-03) social policy,Quintile 5,All,All,355
2021,(CAH15) social sciences,(CAH15-01-03) social policy,Quintile 5,All,All,395
2022,(CAH15) social sciences,(CAH15-01-03) social policy,Quintile 5,All,All,310
2023,(CAH15) social sciences,(CAH15-01-03) social policy,Quintile 5,All,All,300
2024,(CAH15) social sciences,(CAH15-01-03) social policy,Quintile 5,All,All,330
2019,(CAH15) social sciences,(CAH15-01-02) sociology,Quintile 5,All,All,3750
2020,(CAH15) social sciences,(CAH15-01-02) sociology,Quintile 5,All,All,3960
2021,(CAH15) social sciences,(CAH15-01-02) sociology,Quintile 5,All,All,4090
2022,(CAH15) social sciences,(CAH15-01-02) sociology,Quintile 5,All,All,4055
2023,(CAH15) social sciences,(CAH15-01-02) sociology,Quintile 5,All,All,3720
2024,(CAH15) social sciences,(CAH15-01-02) sociology,Quintile 5,All,All,3275
2019,(CAH15) social sciences,(CAH15-01-05) development studies,Quintile 5,All,All,130
2020,(CAH15) social sciences,(CAH15-01-05) development studies,Quintile 5,All,All,150
2021,(CAH15) social sciences,(CAH15-01-05) development studies,Quintile 5,All,All,145
2022,(CAH15) social sciences,(CAH15-01-05) development studies,Quintile 5,All,All,160
2023,(CAH15) social sciences,(CAH15-01-05) development studies,Quintile 5,All,All,155
2024,(CAH15) social sciences,(CAH15-01-05) development studies,Quintile 5,All,All,155
2019,(CAH15) social sciences,(CAH15-01-06) cultural studies,Quintile 5,All,All,75
2020,(CAH15) social sciences,(CAH15-01-06) cultural studies,Quintile 5,All,All,60
2021,(CAH15) social sciences,(CAH15-01-06) cultural studies,Quintile 5,All,All,55
2022,(CAH15) social sciences,(CAH15-01-06) cultural studies,Quintile 5,All,All,55
2023,(CAH15) social sciences,(CAH15-01-06) cultural studies,Quintile 5,All,All,60
2024,(CAH15) social sciences,(CAH15-01-06) cultural studies,Quintile 5,All,All,50
2019,(CAH03) biological and sport sciences,(CAH03-02-01) sport and exercise sciences,Quintile 5,All,All,3745
2020,(CAH03) biological and sport sciences,(CAH03-02-01) sport and exercise sciences,Quintile 5,All,All,4070
2021,(CAH03) biological and sport sciences,(CAH03-02-01) sport and exercise sciences,Quintile 5,All,All,4370
2022,(CAH03) biological and sport sciences,(CAH03-02-01) sport and exercise sciences,Quintile 5,All,All,4360
2023,(CAH03) biological and sport sciences,(CAH03-02-01) sport and exercise sciences,Quintile 5,All,All,3970
2024,(CAH03) biological and sport sciences,(CAH03-02-01) sport and exercise sciences,Quintile 5,All,All,4045
2019,(CAH03) biological and sport sciences,(CAH03-01-07) genetics,Quintile 5,All,All,90
2020,(CAH03) biological and sport sciences,(CAH03-01-07) genetics,Quintile 5,All,All,75
2021,(CAH03) biological and sport sciences,(CAH03-01-07) genetics,Quintile 5,All,All,95
2022,(CAH03) biological and sport sciences,(CAH03-01-07) genetics,Quintile 5,All,All,80
2023,(CAH03) biological and sport sciences,(CAH03-01-07) genetics,Quintile 5,All,All,80
2024,(CAH03) biological and sport sciences,(CAH03-01-07) genetics,Quintile 5,All,All,70
2019,(CAH03) biological and sport sciences,(CAH03-01-10) others in biosciences,Quintile 5,All,All,155
2020,(CAH03) biological and sport sciences,(CAH03-01-10) others in biosciences,Quintile 5,All,All,150
2021,(CAH03) biological and sport sciences,(CAH03-01-10) others in biosciences,Quintile 5,All,All,135
2022,(CAH03) biological and sport sciences,(CAH03-01-10) others in biosciences,Quintile 5,All,All,145
2023,(CAH03) biological and sport sciences,(CAH03-01-10) others in biosciences,Quintile 5,All,All,150
2024,(CAH03) biological and sport sciences,(CAH03-01-10) others in biosciences,Quintile 5,All,All,155
2019,(CAH03) biological and sport sciences,"(CAH03-01-08) molecular biology, biophysics and biochemistry",Quintile 5,All,All,995
2020,(CAH03) biological and sport sciences,"(CAH03-01-08) molecular biology, biophysics and biochemistry",Quintile 5,All,All,1015
2021,(CAH03) biological and sport sciences,"(CAH03-01-08) molecular biology, biophysics and biochemistry",Quintile 5,All,All,1100
2022,(CAH03) biological and sport sciences,"(CAH03-01-08) molecular biology, biophysics and biochemistry",Quintile 5,All,All,1040
2023,(CAH03) biological and sport sciences,"(CAH03-01-08) molecular biology, biophysics and biochemistry",Quintile 5,All,All,1075
2024,(CAH03) biological and sport sciences,"(CAH03-01-08) molecular biology, biophysics and biochemistry",Quintile 5,All,All,1050
2019,(CAH03) biological and sport sciences,(CAH03-01-01) biosciences (non-specific),Quintile 5,All,All,820
2020,(CAH03) biological and sport sciences,(CAH03-01-01) biosciences (non-specific),Quintile 5,All,All,795
2021,(CAH03) biological and sport sciences,(CAH03-01-01) biosciences (non-specific),Quintile 5,All,All,815
2022,(CAH03) biological and sport sciences,(CAH03-01-01) biosciences (non-specific),Quintile 5,All,All,745
2023,(CAH03) biological and sport sciences,(CAH03-01-01) biosciences (non-specific),Quintile 5,All,All,825
2024,(CAH03) biological and sport sciences,(CAH03-01-01) biosciences (non-specific),Quintile 5,All,All,685
2019,(CAH03) biological and sport sciences,(CAH03-01-02) biology (non-specific),Quintile 5,All,All,1300
2020,(CAH03) biological and sport sciences,(CAH03-01-02) biology (non-specific),Quintile 5,All,All,1350
2021,(CAH03) biological and sport sciences,(CAH03-01-02) biology (non-specific),Quintile 5,All,All,1260
2022,(CAH03) biological and sport sciences,(CAH03-01-02) biology (non-specific),Quintile 5,All,All,1110
2023,(CAH03) biological and sport sciences,(CAH03-01-02) biology (non-specific),Quintile 5,All,All,1170
2024,(CAH03) biological and sport sciences,(CAH03-01-02) biology (non-specific),Quintile 5,All,All,1210
2019,(CAH03) biological and sport sciences,(CAH03-01-03) ecology and environmental biology,Quintile 5,All,All,460
2020,(CAH03) biological and sport sciences,(CAH03-01-03) ecology and environmental biology,Quintile 5,All,All,515
2021,(CAH03) biological and sport sciences,(CAH03-01-03) ecology and environmental biology,Quintile 5,All,All,550
2022,(CAH03) biological and sport sciences,(CAH03-01-03) ecology and environmental biology,Quintile 5,All,All,590
2023,(CAH03) biological and sport sciences,(CAH03-01-03) ecology and environmental biology,Quintile 5,All,All,600
2024,(CAH03) biological and sport sciences,(CAH03-01-03) ecology and environmental biology,Quintile 5,All,All,600
2019,(CAH03) biological and sport sciences,(CAH03-01-04) microbiology and cell science,Quintile 5,All,All,185
2020,(CAH03) biological and sport sciences,(CAH03-01-04) microbiology and cell science,Quintile 5,All,All,160
2021,(CAH03) biological and sport sciences,(CAH03-01-04) microbiology and cell science,Quintile 5,All,All,195
2022,(CAH03) biological and sport sciences,(CAH03-01-04) microbiology and cell science,Quintile 5,All,All,180
2023,(CAH03) biological and sport sciences,(CAH03-01-04) microbiology and cell science,Quintile 5,All,All,165
2024,(CAH03) biological and sport sciences,(CAH03-01-04) microbiology and cell science,Quintile 5,All,All,160
2019,(CAH03) biological and sport sciences,(CAH03-01-05) plant sciences,Quintile 5,All,All,15
2020,(CAH03) biological and sport sciences,(CAH03-01-05) plant sciences,Quintile 5,All,All,10
2021,(CAH03) biological and sport sciences,(CAH03-01-05) plant sciences,Quintile 5,All,All,15
2022,(CAH03) biological and sport sciences,(CAH03-01-05) plant sciences,Quintile 5,All,All,20
2023,(CAH03) biological and sport sciences,(CAH03-01-05) plant sciences,Quintile 5,All,All,25
2024,(CAH03) biological and sport sciences,(CAH03-01-05) plant sciences,Quintile 5,All,All,20
2019,(CAH03) biological and sport sciences,(CAH03-01-06) zoology,Quintile 5,All,All,500
2020,(CAH03) biological and sport sciences,(CAH03-01-06) zoology,Quintile 5,All,All,515
2021,(CAH03) biological and sport sciences,(CAH03-01-06) zoology,Quintile 5,All,All,565
2022,(CAH03) biological and sport sciences,(CAH03-01-06) zoology,Quintile 5,All,All,515
2023,(CAH03) biological and sport sciences,(CAH03-01-06) zoology,Quintile 5,All,All,475
2024,(CAH03) biological and sport sciences,(CAH03-01-06) zoology,Quintile 5,All,All,505
2019,(CAH03) biological and sport sciences,(CAH03-01-09) hair and beauty sciences,Quintile 5,All,All,10
2020,(CAH03) biological and sport sciences,(CAH03-01-09) hair and beauty sciences,Quintile 5,All,All,10
2021,(CAH03) biological and sport sciences,(CAH03-01-09) hair and beauty sciences,Quintile 5,All,All,10
2022,(CAH03) biological and sport sciences,(CAH03-01-09) hair and beauty sciences,Quintile 5,All,All,5
2023,(CAH03) biological and sport sciences,(CAH03-01-09) hair and beauty sciences,Quintile 5,All,All,10
2024,(CAH03) biological and sport sciences,(CAH03-01-09) hair and beauty sciences,Quintile 5,All,All,5
2019,"(CAH13) architecture, building and planning",(CAH13-01-01) architecture,Quintile 5,All,All,1320
2020,"(CAH13) architecture, building and planning",(CAH13-01-01) architecture,Quintile 5,All,All,1460
2021,"(CAH13) architecture, building and planning",(CAH13-01-01) architecture,Quintile 5,All,All,1540
2022,"(CAH13) architecture, building and planning",(CAH13-01-01) architecture,Quintile 5,All,All,1570
2023,"(CAH13) architecture, building and planning",(CAH13-01-01) architecture,Quintile 5,All,All,1460
2024,"(CAH13) architecture, building and planning",(CAH13-01-01) architecture,Quintile 5,All,All,1570
2019,"(CAH13) architecture, building and planning",(CAH13-01-03) landscape design,Quintile 5,All,All,40
2020,"(CAH13) architecture, building and planning",(CAH13-01-03) landscape design,Quintile 5,All,All,45
2021,"(CAH13) architecture, building and planning",(CAH13-01-03) landscape design,Quintile 5,All,All,50
2022,"(CAH13) architecture, building and planning",(CAH13-01-03) landscape design,Quintile 5,All,All,40
2023,"(CAH13) architecture, building and planning",(CAH13-01-03) landscape design,Quintile 5,All,All,45
2024,"(CAH13) architecture, building and planning",(CAH13-01-03) landscape design,Quintile 5,All,All,45
2019,"(CAH13) architecture, building and planning",(CAH13-01-02) building,Quintile 5,All,All,1070
2020,"(CAH13) architecture, building and planning",(CAH13-01-02) building,Quintile 5,All,All,1125
2021,"(CAH13) architecture, building and planning",(CAH13-01-02) building,Quintile 5,All,All,1005
2022,"(CAH13) architecture, building and planning",(CAH13-01-02) building,Quintile 5,All,All,1465
2023,"(CAH13) architecture, building and planning",(CAH13-01-02) building,Quintile 5,All,All,1500
2024,"(CAH13) architecture, building and planning",(CAH13-01-02) building,Quintile 5,All,All,1580
2019,"(CAH13) architecture, building and planning","(CAH13-01-04) planning (urban, rural and regional)",Quintile 5,All,All,350
2020,"(CAH13) architecture, building and planning","(CAH13-01-04) planning (urban, rural and regional)",Quintile 5,All,All,350
2021,"(CAH13) architecture, building and planning","(CAH13-01-04) planning (urban, rural and regional)",Quintile 5,All,All,265
2022,"(CAH13) architecture, building and planning","(CAH13-01-04) planning (urban, rural and regional)",Quintile 5,All,All,260
2023,"(CAH13) architecture, building and planning","(CAH13-01-04) planning (urban, rural and regional)",Quintile 5,All,All,250
2024,"(CAH13) architecture, building and planning","(CAH13-01-04) planning (urban, rural and regional)",Quintile 5,All,All,255
2019,(CAH01) medicine and dentistry,(CAH01-01-03) medicine by specialism,Quintile 5,All,All,60
2020,(CAH01) medicine and dentistry,(CAH01-01-03) medicine by specialism,Quintile 5,All,All,70
2021,(CAH01) medicine and dentistry,(CAH01-01-03) medicine by specialism,Quintile 5,All,All,60
2022,(CAH01) medicine and dentistry,(CAH01-01-03) medicine by specialism,Quintile 5,All,All,70
2023,(CAH01) medicine and dentistry,(CAH01-01-03) medicine by specialism,Quintile 5,All,All,60
2024,(CAH01) medicine and dentistry,(CAH01-01-03) medicine by specialism,Quintile 5,All,All,75
2019,(CAH01) medicine and dentistry,(CAH01-01-04) dentistry,Quintile 5,All,All,545
2020,(CAH01) medicine and dentistry,(CAH01-01-04) dentistry,Quintile 5,All,All,595
2021,(CAH01) medicine and dentistry,(CAH01-01-04) dentistry,Quintile 5,All,All,545
2022,(CAH01) medicine and dentistry,(CAH01-01-04) dentistry,Quintile 5,All,All,470
2023,(CAH01) medicine and dentistry,(CAH01-01-04) dentistry,Quintile 5,All,All,520
2024,(CAH01) medicine and dentistry,(CAH01-01-04) dentistry,Quintile 5,All,All,505
2019,(CAH01) medicine and dentistry,(CAH01-01-02) medicine (non-specific),Quintile 5,All,All,3745
2020,(CAH01) medicine and dentistry,(CAH01-01-02) medicine (non-specific),Quintile 5,All,All,4080
2021,(CAH01) medicine and dentistry,(CAH01-01-02) medicine (non-specific),Quintile 5,All,All,4165
2022,(CAH01) medicine and dentistry,(CAH01-01-02) medicine (non-specific),Quintile 5,All,All,3820
2023,(CAH01) medicine and dentistry,(CAH01-01-02) medicine (non-specific),Quintile 5,All,All,3920
2024,(CAH01) medicine and dentistry,(CAH01-01-02) medicine (non-specific),Quintile 5,All,All,3980
2019,(CAH01) medicine and dentistry,(CAH01-01-01) medical sciences (non-specific),Quintile 5,All,All,100
2020,(CAH01) medicine and dentistry,(CAH01-01-01) medical sciences (non-specific),Quintile 5,All,All,130
2021,(CAH01) medicine and dentistry,(CAH01-01-01) medical sciences (non-specific),Quintile 5,All,All,130
2022,(CAH01) medicine and dentistry,(CAH01-01-01) medical sciences (non-specific),Quintile 5,All,All,110
2023,(CAH01) medicine and dentistry,(CAH01-01-01) medical sciences (non-specific),Quintile 5,All,All,100
2024,(CAH01) medicine and dentistry,(CAH01-01-01) medical sciences (non-specific),Quintile 5,All,All,130
2019,"(CAH20) historical, philosophical and religious studies",(CAH20-01-01) history,Quintile 5,All,All,3885
2020,"(CAH20) historical, philosophical and religious studies",(CAH20-01-01) history,Quintile 5,All,All,3735
2021,"(CAH20) historical, philosophical and religious studies",(CAH20-01-01) history,Quintile 5,All,All,3445
2022,"(CAH20) historical, philosophical and religious studies",(CAH20-01-01) history,Quintile 5,All,All,3415
2023,"(CAH20) historical, philosophical and religious studies",(CAH20-01-01) history,Quintile 5,All,All,3510
2024,"(CAH20) historical, philosophical and religious studies",(CAH20-01-01) history,Quintile 5,All,All,3575
2019,"(CAH20) historical, philosophical and religious studies",(CAH20-01-03) archaeology,Quintile 5,All,All,225
2020,"(CAH20) historical, philosophical and religious studies",(CAH20-01-03) archaeology,Quintile 5,All,All,240
2021,"(CAH20) historical, philosophical and religious studies",(CAH20-01-03) archaeology,Quintile 5,All,All,230
2022,"(CAH20) historical, philosophical and religious studies",(CAH20-01-03) archaeology,Quintile 5,All,All,245
2023,"(CAH20) historical, philosophical and religious studies",(CAH20-01-03) archaeology,Quintile 5,All,All,280
2024,"(CAH20) historical, philosophical and religious studies",(CAH20-01-03) archaeology,Quintile 5,All,All,290
2019,"(CAH20) historical, philosophical and religious studies",(CAH20-01-05) classics,Quintile 5,All,All,530
2020,"(CAH20) historical, philosophical and religious studies",(CAH20-01-05) classics,Quintile 5,All,All,565
2021,"(CAH20) historical, philosophical and religious studies",(CAH20-01-05) classics,Quintile 5,All,All,515
2022,"(CAH20) historical, philosophical and religious studies",(CAH20-01-05) classics,Quintile 5,All,All,535
2023,"(CAH20) historical, philosophical and religious studies",(CAH20-01-05) classics,Quintile 5,All,All,585
2024,"(CAH20) historical, philosophical and religious studies",(CAH20-01-05) classics,Quintile 5,All,All,600
2019,"(CAH20) historical, philosophical and religious studies","(CAH20-01-02) history of art, architecture and design",Quintile 5,All,All,445
2020,"(CAH20) historical, philosophical and religious studies","(CAH20-01-02) history of art, architecture and design",Quintile 5,All,All,440
2021,"(CAH20) historical, philosophical and religious studies","(CAH20-01-02) history of art, architecture and design",Quintile 5,All,All,415
2022,"(CAH20) historical, philosophical and religious studies","(CAH20-01-02) history of art, architecture and design",Quintile 5,All,All,455
2023,"(CAH20) historical, philosophical and religious studies","(CAH20-01-02) history of art, architecture and design",Quintile 5,All,All,430
2024,"(CAH20) historical, philosophical and religious studies","(CAH20-01-02) history of art, architecture and design",Quintile 5,All,All,400
2019,"(CAH20) historical, philosophical and religious studies",(CAH20-02-01) philosophy,Quintile 5,All,All,1250
2020,"(CAH20) historical, philosophical and religious studies",(CAH20-02-01) philosophy,Quintile 5,All,All,1310
2021,"(CAH20) historical, philosophical and religious studies",(CAH20-02-01) philosophy,Quintile 5,All,All,1365
2022,"(CAH20) historical, philosophical and religious studies",(CAH20-02-01) philosophy,Quintile 5,All,All,1410
2023,"(CAH20) historical, philosophical and religious studies",(CAH20-02-01) philosophy,Quintile 5,All,All,1390
2024,"(CAH20) historical, philosophical and religious studies",(CAH20-02-01) philosophy,Quintile 5,All,All,1315
2019,"(CAH20) historical, philosophical and religious studies",(CAH20-02-02) theology and religious studies,Quintile 5,All,All,400
2020,"(CAH20) historical, philosophical and religious studies",(CAH20-02-02) theology and religious studies,Quintile 5,All,All,375
2021,"(CAH20) historical, philosophical and religious studies",(CAH20-02-02) theology and religious studies,Quintile 5,All,All,305
2022,"(CAH20) historical, philosophical and religious studies",(CAH20-02-02) theology and religious studies,Quintile 5,All,All,265
2023,"(CAH20) historical, philosophical and religious studies",(CAH20-02-02) theology and religious studies,Quintile 5,All,All,320
2024,"(CAH20) historical, philosophical and religious studies",(CAH20-02-02) theology and religious studies,Quintile 5,All,All,345
2019,"(CAH20) historical, philosophical and religious studies",(CAH20-01-04) heritage studies,Quintile 5,All,All,5
2020,"(CAH20) historical, philosophical and religious studies",(CAH20-01-04) heritage studies,Quintile 5,All,All,10
2021,"(CAH20) historical, philosophical and religious studies",(CAH20-01-04) heritage studies,Quintile 5,All,All,15
2022,"(CAH20) historical, philosophical and religious studies",(CAH20-01-04) heritage studies,Quintile 5,All,All,20
2023,"(CAH20) historical, philosophical and religious studies",(CAH20-01-04) heritage studies,Quintile 5,All,All,10
2024,"(CAH20) historical, philosophical and religious studies",(CAH20-01-04) heritage studies,Quintile 5,All,All,10
2019,(CAH11) computing,(CAH11-01-08) others in computing,Quintile 5,All,All,255
2020,(CAH11) computing,(CAH11-01-08) others in computing,Quintile 5,All,All,255
2021,(CAH11) computing,(CAH11-01-08) others in computing,Quintile 5,All,All,230
2022,(CAH11) computing,(CAH11-01-08) others in computing,Quintile 5,All,All,225
2023,(CAH11) computing,(CAH11-01-08) others in computing,Quintile 5,All,All,225
2024,(CAH11) computing,(CAH11-01-08) others in computing,Quintile 5,All,All,250
2019,(CAH11) computing,(CAH11-01-05) artificial intelligence,Quintile 5,All,All,95
2020,(CAH11) computing,(CAH11-01-05) artificial intelligence,Quintile 5,All,All,135
2021,(CAH11) computing,(CAH11-01-05) artificial intelligence,Quintile 5,All,All,170
2022,(CAH11) computing,(CAH11-01-05) artificial intelligence,Quintile 5,All,All,160
2023,(CAH11) computing,(CAH11-01-05) artificial intelligence,Quintile 5,All,All,175
2024,(CAH11) computing,(CAH11-01-05) artificial intelligence,Quintile 5,All,All,250
2019,(CAH11) computing,(CAH11-01-07) business computing,Quintile 5,All,All,325
2020,(CAH11) computing,(CAH11-01-07) business computing,Quintile 5,All,All,290
2021,(CAH11) computing,(CAH11-01-07) business computing,Quintile 5,All,All,260
2022,(CAH11) computing,(CAH11-01-07) business computing,Quintile 5,All,All,230
2023,(CAH11) computing,(CAH11-01-07) business computing,Quintile 5,All,All,165
2024,(CAH11) computing,(CAH11-01-07) business computing,Quintile 5,All,All,160
2019,(CAH11) computing,(CAH11-01-06) computer games and animation,Quintile 5,All,All,1000
2020,(CAH11) computing,(CAH11-01-06) computer games and animation,Quintile 5,All,All,1005
2021,(CAH11) computing,(CAH11-01-06) computer games and animation,Quintile 5,All,All,1035
2022,(CAH11) computing,(CAH11-01-06) computer games and animation,Quintile 5,All,All,1290
2023,(CAH11) computing,(CAH11-01-06) computer games and animation,Quintile 5,All,All,1195
2024,(CAH11) computing,(CAH11-01-06) computer games and animation,Quintile 5,All,All,1190
2019,(CAH11) computing,(CAH11-01-01) computer science,Quintile 5,All,All,3605
2020,(CAH11) computing,(CAH11-01-01) computer science,Quintile 5,All,All,3935
2021,(CAH11) computing,(CAH11-01-01) computer science,Quintile 5,All,All,3945
2022,(CAH11) computing,(CAH11-01-01) computer science,Quintile 5,All,All,4340
2023,(CAH11) computing,(CAH11-01-01) computer science,Quintile 5,All,All,4660
2024,(CAH11) computing,(CAH11-01-01) computer science,Quintile 5,All,All,4850
2019,(CAH11) computing,(CAH11-01-02) information technology,Quintile 5,All,All,195
2020,(CAH11) computing,(CAH11-01-02) information technology,Quintile 5,All,All,185
2021,(CAH11) computing,(CAH11-01-02) information technology,Quintile 5,All,All,165
2022,(CAH11) computing,(CAH11-01-02) information technology,Quintile 5,All,All,190
2023,(CAH11) computing,(CAH11-01-02) information technology,Quintile 5,All,All,205
2024,(CAH11) computing,(CAH11-01-02) information technology,Quintile 5,All,All,165
2019,(CAH11) computing,(CAH11-01-03) information systems,Quintile 5,All,All,165
2020,(CAH11) computing,(CAH11-01-03) information systems,Quintile 5,All,All,200
2021,(CAH11) computing,(CAH11-01-03) information systems,Quintile 5,All,All,180
2022,(CAH11) computing,(CAH11-01-03) information systems,Quintile 5,All,All,170
2023,(CAH11) computing,(CAH11-01-03) information systems,Quintile 5,All,All,185
2024,(CAH11) computing,(CAH11-01-03) information systems,Quintile 5,All,All,215
2019,(CAH11) computing,(CAH11-01-04) software engineering,Quintile 5,All,All,650
2020,(CAH11) computing,(CAH11-01-04) software engineering,Quintile 5,All,All,750
2021,(CAH11) computing,(CAH11-01-04) software engineering,Quintile 5,All,All,830
2022,(CAH11) computing,(CAH11-01-04) software engineering,Quintile 5,All,All,940
2023,(CAH11) computing,(CAH11-01-04) software engineering,Quintile 5,All,All,960
2024,(CAH11) computing,(CAH11-01-04) software engineering,Quintile 5,All,All,1075
2019,"(CAH26) geography, earth and environmental studies",(CAH26-01-06) earth sciences,Quintile 5,All,All,545
2020,"(CAH26) geography, earth and environmental studies",(CAH26-01-06) earth sciences,Quintile 5,All,All,530
2021,"(CAH26) geography, earth and environmental studies",(CAH26-01-06) earth sciences,Quintile 5,All,All,590
2022,"(CAH26) geography, earth and environmental studies",(CAH26-01-06) earth sciences,Quintile 5,All,All,600
2023,"(CAH26) geography, earth and environmental studies",(CAH26-01-06) earth sciences,Quintile 5,All,All,530
2024,"(CAH26) geography, earth and environmental studies",(CAH26-01-06) earth sciences,Quintile 5,All,All,545
2019,"(CAH26) geography, earth and environmental studies",(CAH26-01-04) environmental sciences,Quintile 5,All,All,355
2020,"(CAH26) geography, earth and environmental studies",(CAH26-01-04) environmental sciences,Quintile 5,All,All,385
2021,"(CAH26) geography, earth and environmental studies",(CAH26-01-04) environmental sciences,Quintile 5,All,All,420
2022,"(CAH26) geography, earth and environmental studies",(CAH26-01-04) environmental sciences,Quintile 5,All,All,455
2023,"(CAH26) geography, earth and environmental studies",(CAH26-01-04) environmental sciences,Quintile 5,All,All,460
2024,"(CAH26) geography, earth and environmental studies",(CAH26-01-04) environmental sciences,Quintile 5,All,All,410
2019,"(CAH26) geography, earth and environmental studies",(CAH26-01-02) physical geographical sciences,Quintile 5,All,All,865
2020,"(CAH26) geography, earth and environmental studies",(CAH26-01-02) physical geographical sciences,Quintile 5,All,All,890
2021,"(CAH26) geography, earth and environmental studies",(CAH26-01-02) physical geographical sciences,Quintile 5,All,All,940
2022,"(CAH26) geography, earth and environmental studies",(CAH26-01-02) physical geographical sciences,Quintile 5,All,All,930
2023,"(CAH26) geography, earth and environmental studies",(CAH26-01-02) physical geographical sciences,Quintile 5,All,All,975
2024,"(CAH26) geography, earth and environmental studies",(CAH26-01-02) physical geographical sciences,Quintile 5,All,All,985
2019,"(CAH26) geography, earth and environmental studies",(CAH26-01-01) geography (non-specific),Quintile 5,All,All,440
2020,"(CAH26) geography, earth and environmental studies",(CAH26-01-01) geography (non-specific),Quintile 5,All,All,495
2021,"(CAH26) geography, earth and environmental studies",(CAH26-01-01) geography (non-specific),Quintile 5,All,All,455
2022,"(CAH26) geography, earth and environmental studies",(CAH26-01-01) geography (non-specific),Quintile 5,All,All,480
2023,"(CAH26) geography, earth and environmental studies",(CAH26-01-01) geography (non-specific),Quintile 5,All,All,510
2024,"(CAH26) geography, earth and environmental studies",(CAH26-01-01) geography (non-specific),Quintile 5,All,All,505
2019,"(CAH26) geography, earth and environmental studies",(CAH26-01-03) human geography,Quintile 5,All,All,1460
2020,"(CAH26) geography, earth and environmental studies",(CAH26-01-03) human geography,Quintile 5,All,All,1400
2021,"(CAH26) geography, earth and environmental studies",(CAH26-01-03) human geography,Quintile 5,All,All,1310
2022,"(CAH26) geography, earth and environmental studies",(CAH26-01-03) human geography,Quintile 5,All,All,1300
2023,"(CAH26) geography, earth and environmental studies",(CAH26-01-03) human geography,Quintile 5,All,All,1375
2024,"(CAH26) geography, earth and environmental studies",(CAH26-01-03) human geography,Quintile 5,All,All,1350
2019,(CAH07) physical sciences,(CAH07-04-02) forensic and archaeological sciences,Quintile 5,All,All,435
2020,(CAH07) physical sciences,(CAH07-04-02) forensic and archaeological sciences,Quintile 5,All,All,420
2021,(CAH07) physical sciences,(CAH07-04-02) forensic and archaeological sciences,Quintile 5,All,All,450
2022,(CAH07) physical sciences,(CAH07-04-02) forensic and archaeological sciences,Quintile 5,All,All,500
2023,(CAH07) physical sciences,(CAH07-04-02) forensic and archaeological sciences,Quintile 5,All,All,430
2024,(CAH07) physical sciences,(CAH07-04-02) forensic and archaeological sciences,Quintile 5,All,All,395
2019,(CAH07) physical sciences,(CAH07-04-03) sciences (non-specific),Quintile 5,All,All,85
2020,(CAH07) physical sciences,(CAH07-04-03) sciences (non-specific),Quintile 5,All,All,100
2021,(CAH07) physical sciences,(CAH07-04-03) sciences (non-specific),Quintile 5,All,All,90
2022,(CAH07) physical sciences,(CAH07-04-03) sciences (non-specific),Quintile 5,All,All,120
2023,(CAH07) physical sciences,(CAH07-04-03) sciences (non-specific),Quintile 5,All,All,130
2024,(CAH07) physical sciences,(CAH07-04-03) sciences (non-specific),Quintile 5,All,All,160
2019,(CAH07) physical sciences,(CAH07-04-04) natural sciences (non-specific),Quintile 5,All,All,305
2020,(CAH07) physical sciences,(CAH07-04-04) natural sciences (non-specific),Quintile 5,All,All,335
2021,(CAH07) physical sciences,(CAH07-04-04) natural sciences (non-specific),Quintile 5,All,All,355
2022,(CAH07) physical sciences,(CAH07-04-04) natural sciences (non-specific),Quintile 5,All,All,350
2023,(CAH07) physical sciences,(CAH07-04-04) natural sciences (non-specific),Quintile 5,All,All,295
2024,(CAH07) physical sciences,(CAH07-04-04) natural sciences (non-specific),Quintile 5,All,All,345
2019,(CAH07) physical sciences,(CAH07-02-01) chemistry,Quintile 5,All,All,1585
2020,(CAH07) physical sciences,(CAH07-02-01) chemistry,Quintile 5,All,All,1490
2021,(CAH07) physical sciences,(CAH07-02-01) chemistry,Quintile 5,All,All,1475
2022,(CAH07) physical sciences,(CAH07-02-01) chemistry,Quintile 5,All,All,1440
2023,(CAH07) physical sciences,(CAH07-02-01) chemistry,Quintile 5,All,All,1560
2024,(CAH07) physical sciences,(CAH07-02-01) chemistry,Quintile 5,All,All,1615
2019,(CAH07) physical sciences,(CAH07-01-02) astronomy,Quintile 5,All,All,175
2020,(CAH07) physical sciences,(CAH07-01-02) astronomy,Quintile 5,All,All,200
2021,(CAH07) physical sciences,(CAH07-01-02) astronomy,Quintile 5,All,All,230
2022,(CAH07) physical sciences,(CAH07-01-02) astronomy,Quintile 5,All,All,225
2023,(CAH07) physical sciences,(CAH07-01-02) astronomy,Quintile 5,All,All,190
2024,(CAH07) physical sciences,(CAH07-01-02) astronomy,Quintile 5,All,All,210
2019,(CAH07) physical sciences,(CAH07-01-01) physics,Quintile 5,All,All,1585
2020,(CAH07) physical sciences,(CAH07-01-01) physics,Quintile 5,All,All,1700
2021,(CAH07) physical sciences,(CAH07-01-01) physics,Quintile 5,All,All,1695
2022,(CAH07) physical sciences,(CAH07-01-01) physics,Quintile 5,All,All,1600
2023,(CAH07) physical sciences,(CAH07-01-01) physics,Quintile 5,All,All,1555
2024,(CAH07) physical sciences,(CAH07-01-01) physics,Quintile 5,All,All,1630
2019,(CAH07) physical sciences,(CAH07-04-01) physical sciences (non-specific),Quintile 5,All,All,30
2020,(CAH07) physical sciences,(CAH07-04-01) physical sciences (non-specific),Quintile 5,All,All,5
2021,(CAH07) physical sciences,(CAH07-04-01) physical sciences (non-specific),Quintile 5,All,All,5
2022,(CAH07) physical sciences,(CAH07-04-01) physical sciences (non-specific),Quintile 5,All,All,5
2023,(CAH07) physical sciences,(CAH07-04-01) physical sciences (non-specific),Quintile 5,All,All,5
2024,(CAH07) physical sciences,(CAH07-04-01) physical sciences (non-specific),Quintile 5,All,All,5
2019,(CAH04) psychology,(CAH04-01-02) applied psychology,Quintile 5,All,All,555
2020,(CAH04) psychology,(CAH04-01-02) applied psychology,Quintile 5,All,All,650
2021,(CAH04) psychology,(CAH04-01-02) applied psychology,Quintile 5,All,All,645
2022,(CAH04) psychology,(CAH04-01-02) applied psychology,Quintile 5,All,All,645
2023,(CAH04) psychology,(CAH04-01-02) applied psychology,Quintile 5,All,All,690
2024,(CAH04) psychology,(CAH04-01-02) applied psychology,Quintile 5,All,All,630
2019,(CAH04) psychology,(CAH04-01-04) psychology and health,Quintile 5,All,All,40
2020,(CAH04) psychology,(CAH04-01-04) psychology and health,Quintile 5,All,All,55
2021,(CAH04) psychology,(CAH04-01-04) psychology and health,Quintile 5,All,All,55
2022,(CAH04) psychology,(CAH04-01-04) psychology and health,Quintile 5,All,All,60
2023,(CAH04) psychology,(CAH04-01-04) psychology and health,Quintile 5,All,All,55
2024,(CAH04) psychology,(CAH04-01-04) psychology and health,Quintile 5,All,All,50
2019,(CAH04) psychology,(CAH04-01-03) developmental psychology,Quintile 5,All,All,100
2020,(CAH04) psychology,(CAH04-01-03) developmental psychology,Quintile 5,All,All,115
2021,(CAH04) psychology,(CAH04-01-03) developmental psychology,Quintile 5,All,All,95
2022,(CAH04) psychology,(CAH04-01-03) developmental psychology,Quintile 5,All,All,110
2023,(CAH04) psychology,(CAH04-01-03) developmental psychology,Quintile 5,All,All,105
2024,(CAH04) psychology,(CAH04-01-03) developmental psychology,Quintile 5,All,All,125
2019,(CAH04) psychology,(CAH04-01-01) psychology (non-specific),Quintile 5,All,All,5400
2020,(CAH04) psychology,(CAH04-01-01) psychology (non-specific),Quintile 5,All,All,5985
2021,(CAH04) psychology,(CAH04-01-01) psychology (non-specific),Quintile 5,All,All,6070
2022,(CAH04) psychology,(CAH04-01-01) psychology (non-specific),Quintile 5,All,All,5985
2023,(CAH04) psychology,(CAH04-01-01) psychology (non-specific),Quintile 5,All,All,5995
2024,(CAH04) psychology,(CAH04-01-01) psychology (non-specific),Quintile 5,All,All,5800
2019,(CAH04) psychology,(CAH04-01-05) others in psychology,Quintile 5,All,All,95
2020,(CAH04) psychology,(CAH04-01-05) others in psychology,Quintile 5,All,All,90
2021,(CAH04) psychology,(CAH04-01-05) others in psychology,Quintile 5,All,All,105
2022,(CAH04) psychology,(CAH04-01-05) others in psychology,Quintile 5,All,All,115
2023,(CAH04) psychology,(CAH04-01-05) others in psychology,Quintile 5,All,All,90
2024,(CAH04) psychology,(CAH04-01-05) others in psychology,Quintile 5,All,All,95
2019,(CAH09) mathematical sciences,(CAH09-01-01) mathematics,Quintile 5,All,All,2635
2020,(CAH09) mathematical sciences,(CAH09-01-01) mathematics,Quintile 5,All,All,2670
2021,(CAH09) mathematical sciences,(CAH09-01-01) mathematics,Quintile 5,All,All,2765
2022,(CAH09) mathematical sciences,(CAH09-01-01) mathematics,Quintile 5,All,All,2640
2023,(CAH09) mathematical sciences,(CAH09-01-01) mathematics,Quintile 5,All,All,2835
2024,(CAH09) mathematical sciences,(CAH09-01-01) mathematics,Quintile 5,All,All,2975
2019,(CAH09) mathematical sciences,(CAH09-01-02) operational research,Quintile 5,All,All,15
2020,(CAH09) mathematical sciences,(CAH09-01-02) operational research,Quintile 5,All,All,15
2021,(CAH09) mathematical sciences,(CAH09-01-02) operational research,Quintile 5,All,All,15
2022,(CAH09) mathematical sciences,(CAH09-01-02) operational research,Quintile 5,All,All,25
2023,(CAH09) mathematical sciences,(CAH09-01-02) operational research,Quintile 5,All,All,25
2024,(CAH09) mathematical sciences,(CAH09-01-02) operational research,Quintile 5,All,All,20
2019,(CAH09) mathematical sciences,(CAH09-01-03) statistics,Quintile 5,All,All,115
2020,(CAH09) mathematical sciences,(CAH09-01-03) statistics,Quintile 5,All,All,140
2021,(CAH09) mathematical sciences,(CAH09-01-03) statistics,Quintile 5,All,All,160
2022,(CAH09) mathematical sciences,(CAH09-01-03) statistics,Quintile 5,All,All,140
2023,(CAH09) mathematical sciences,(CAH09-01-03) statistics,Quintile 5,All,All,160
2024,(CAH09) mathematical sciences,(CAH09-01-03) statistics,Quintile 5,All,All,180
2019,(CAH22) education and teaching,(CAH22-01-01) education,Quintile 5,All,All,1370
2020,(CAH22) education and teaching,(CAH22-01-01) education,Quintile 5,All,All,1280
2021,(CAH22) education and teaching,(CAH22-01-01) education,Quintile 5,All,All,1230
2022,(CAH22) education and teaching,(CAH22-01-01) education,Quintile 5,All,All,1075
2023,(CAH22) education and teaching,(CAH22-01-01) education,Quintile 5,All,All,1115
2024,(CAH22) education and teaching,(CAH22-01-01) education,Quintile 5,All,All,1080
2019,(CAH22) education and teaching,(CAH22-01-02) teacher training,Quintile 5,All,All,2465
2020,(CAH22) education and teaching,(CAH22-01-02) teacher training,Quintile 5,All,All,2695
2021,(CAH22) education and teaching,(CAH22-01-02) teacher training,Quintile 5,All,All,2575
2022,(CAH22) education and teaching,(CAH22-01-02) teacher training,Quintile 5,All,All,2425
2023,(CAH22) education and teaching,(CAH22-01-02) teacher training,Quintile 5,All,All,2145
2024,(CAH22) education and teaching,(CAH22-01-02) teacher training,Quintile 5,All,All,2120
2019,"(CAH06) agriculture, food and related studies",(CAH06-01-04) rural estate management,Quintile 5,All,All,45
2020,"(CAH06) agriculture, food and related studies",(CAH06-01-04) rural estate management,Quintile 5,All,All,55
2021,"(CAH06) agriculture, food and related studies",(CAH06-01-04) rural estate management,Quintile 5,All,All,55
2022,"(CAH06) agriculture, food and related studies",(CAH06-01-04) rural estate management,Quintile 5,All,All,50
2023,"(CAH06) agriculture, food and related studies",(CAH06-01-04) rural estate management,Quintile 5,All,All,65
2024,"(CAH06) agriculture, food and related studies",(CAH06-01-04) rural estate management,Quintile 5,All,All,55
2019,"(CAH06) agriculture, food and related studies",(CAH06-01-02) agricultural sciences,Quintile 5,All,All,30
2020,"(CAH06) agriculture, food and related studies",(CAH06-01-02) agricultural sciences,Quintile 5,All,All,35
2021,"(CAH06) agriculture, food and related studies",(CAH06-01-02) agricultural sciences,Quintile 5,All,All,30
2022,"(CAH06) agriculture, food and related studies",(CAH06-01-02) agricultural sciences,Quintile 5,All,All,20
2023,"(CAH06) agriculture, food and related studies",(CAH06-01-02) agricultural sciences,Quintile 5,All,All,25
2024,"(CAH06) agriculture, food and related studies",(CAH06-01-02) agricultural sciences,Quintile 5,All,All,35
2019,"(CAH06) agriculture, food and related studies",(CAH06-01-03) agriculture,Quintile 5,All,All,480
2020,"(CAH06) agriculture, food and related studies",(CAH06-01-03) agriculture,Quintile 5,All,All,535
2021,"(CAH06) agriculture, food and related studies",(CAH06-01-03) agriculture,Quintile 5,All,All,520
2022,"(CAH06) agriculture, food and related studies",(CAH06-01-03) agriculture,Quintile 5,All,All,490
2023,"(CAH06) agriculture, food and related studies",(CAH06-01-03) agriculture,Quintile 5,All,All,480
2024,"(CAH06) agriculture, food and related studies",(CAH06-01-03) agriculture,Quintile 5,All,All,510
2019,"(CAH06) agriculture, food and related studies",(CAH06-01-01) animal science,Quintile 5,All,All,510
2020,"(CAH06) agriculture, food and related studies",(CAH06-01-01) animal science,Quintile 5,All,All,490
2021,"(CAH06) agriculture, food and related studies",(CAH06-01-01) animal science,Quintile 5,All,All,520
2022,"(CAH06) agriculture, food and related studies",(CAH06-01-01) animal science,Quintile 5,All,All,465
2023,"(CAH06) agriculture, food and related studies",(CAH06-01-01) animal science,Quintile 5,All,All,440
2024,"(CAH06) agriculture, food and related studies",(CAH06-01-01) animal science,Quintile 5,All,All,445
2019,"(CAH06) agriculture, food and related studies",(CAH06-01-05) forestry and arboriculture,Quintile 5,All,All,25
2020,"(CAH06) agriculture, food and related studies",(CAH06-01-05) forestry and arboriculture,Quintile 5,All,All,35
2021,"(CAH06) agriculture, food and related studies",(CAH06-01-05) forestry and arboriculture,Quintile 5,All,All,15
2022,"(CAH06) agriculture, food and related studies",(CAH06-01-05) forestry and arboriculture,Quintile 5,All,All,25
2023,"(CAH06) agriculture, food and related studies",(CAH06-01-05) forestry and arboriculture,Quintile 5,All,All,20
2024,"(CAH06) agriculture, food and related studies",(CAH06-01-05) forestry and arboriculture,Quintile 5,All,All,25
2019,"(CAH06) agriculture, food and related studies",(CAH06-01-08) food and beverage production,Quintile 5,All,All,45
2020,"(CAH06) agriculture, food and related studies",(CAH06-01-08) food and beverage production,Quintile 5,All,All,45
2021,"(CAH06) agriculture, food and related studies",(CAH06-01-08) food and beverage production,Quintile 5,All,All,50
2022,"(CAH06) agriculture, food and related studies",(CAH06-01-08) food and beverage production,Quintile 5,All,All,35
2023,"(CAH06) agriculture, food and related studies",(CAH06-01-08) food and beverage production,Quintile 5,All,All,40
2024,"(CAH06) agriculture, food and related studies",(CAH06-01-08) food and beverage production,Quintile 5,All,All,40
2019,"(CAH06) agriculture, food and related studies",(CAH06-01-07) food sciences,Quintile 5,All,All,60
2020,"(CAH06) agriculture, food and related studies",(CAH06-01-07) food sciences,Quintile 5,All,All,85
2021,"(CAH06) agriculture, food and related studies",(CAH06-01-07) food sciences,Quintile 5,All,All,80
2022,"(CAH06) agriculture, food and related studies",(CAH06-01-07) food sciences,Quintile 5,All,All,60
2023,"(CAH06) agriculture, food and related studies",(CAH06-01-07) food sciences,Quintile 5,All,All,65
2024,"(CAH06) agriculture, food and related studies",(CAH06-01-07) food sciences,Quintile 5,All,All,55
2019,"(CAH06) agriculture, food and related studies",(CAH06-01-06) food and beverage studies (non-specific),Quintile 5,All,All,45
2020,"(CAH06) agriculture, food and related studies",(CAH06-01-06) food and beverage studies (non-specific),Quintile 5,All,All,40
2021,"(CAH06) agriculture, food and related studies",(CAH06-01-06) food and beverage studies (non-specific),Quintile 5,All,All,25
2022,"(CAH06) agriculture, food and related studies",(CAH06-01-06) food and beverage studies (non-specific),Quintile 5,All,All,30
2023,"(CAH06) agriculture, food and related studies",(CAH06-01-06) food and beverage studies (non-specific),Quintile 5,All,All,20
2024,"(CAH06) agriculture, food and related studies",(CAH06-01-06) food and beverage studies (non-specific),Quintile 5,All,All,30
2019,(CAH16) law,(CAH16-01-01) law,Quintile 5,All,All,5605
2020,(CAH16) law,(CAH16-01-01) law,Quintile 5,All,All,6020
2021,(CAH16) law,(CAH16-01-01) law,Quintile 5,All,All,6170
2022,(CAH16) law,(CAH16-01-01) law,Quintile 5,All,All,6005
2023,(CAH16) law,(CAH16-01-01) law,Quintile 5,All,All,6220
2024,(CAH16) law,(CAH16-01-01) law,Quintile 5,All,All,6445
2019,(CAH05) veterinary sciences,(CAH05-01-01) veterinary medicine and dentistry,Quintile 5,All,All,530
2020,(CAH05) veterinary sciences,(CAH05-01-01) veterinary medicine and dentistry,Quintile 5,All,All,600
2021,(CAH05) veterinary sciences,(CAH05-01-01) veterinary medicine and dentistry,Quintile 5,All,All,585
2022,(CAH05) veterinary sciences,(CAH05-01-01) veterinary medicine and dentistry,Quintile 5,All,All,520
2023,(CAH05) veterinary sciences,(CAH05-01-01) veterinary medicine and dentistry,Quintile 5,All,All,565
2024,(CAH05) veterinary sciences,(CAH05-01-01) veterinary medicine and dentistry,Quintile 5,All,All,635
2019,(CAH05) veterinary sciences,(CAH05-01-02) others in veterinary sciences,Quintile 5,All,All,185
2020,(CAH05) veterinary sciences,(CAH05-01-02) others in veterinary sciences,Quintile 5,All,All,190
2021,(CAH05) veterinary sciences,(CAH05-01-02) others in veterinary sciences,Quintile 5,All,All,190
2022,(CAH05) veterinary sciences,(CAH05-01-02) others in veterinary sciences,Quintile 5,All,All,175
2023,(CAH05) veterinary sciences,(CAH05-01-02) others in veterinary sciences,Quintile 5,All,All,175
2024,(CAH05) veterinary sciences,(CAH05-01-02) others in veterinary sciences,Quintile 5,All,All,180
