Year,Subject group HECoS CAH1,Subject group HECoS CAH3,IMD Aggregated,Accepted applicants
2019,"(CAH25) design, and creative and performing arts",(CAH25-01-03) design studies,Quintile 1,2600
2020,"(CAH25) design, and creative and performing arts",(CAH25-01-03) design studies,Quintile 1,2665
2021,"(CAH25) design, and creative and performing arts",(CAH25-01-03) design studies,Quintile 1,2605
2022,"(CAH25) design, and creative and performing arts",(CAH25-01-03) design studies,Quintile 1,2620
2023,"(CAH25) design, and creative and performing arts",(CAH25-01-03) design studies,Quintile 1,2540
2024,"(CAH25) design, and creative and performing arts",(CAH25-01-03) design studies,Quintile 1,2715
2019,"(CAH25) design, and creative and performing arts",(CAH25-02-02) music,Quintile 1,1320
2020,"(CAH25) design, and creative and performing arts",(CAH25-02-02) music,Quintile 1,1405
2021,"(CAH25) design, and creative and performing arts",(CAH25-02-02) music,Quintile 1,1310
2022,"(CAH25) design, and creative and performing arts",(CAH25-02-02) music,Quintile 1,1345
2023,"(CAH25) design, and creative and performing arts",(CAH25-02-02) music,Quintile 1,1210
2024,"(CAH25) design, and creative and performing arts",(CAH25-02-02) music,Quintile 1,1275
2019,"(CAH25) design, and creative and performing arts",(CAH25-01-04) cinematics and photography,Quintile 1,1550
2020,"(CAH25) design, and creative and performing arts",(CAH25-01-04) cinematics and photography,Quintile 1,1530
2021,"(CAH25) design, and creative and performing arts",(CAH25-01-04) cinematics and photography,Quintile 1,1370
2022,"(CAH25) design, and creative and performing arts",(CAH25-01-04) cinematics and photography,Quintile 1,1485
2023,"(CAH25) design, and creative and performing arts",(CAH25-01-04) cinematics and photography,Quintile 1,1400
2024,"(CAH25) design, and creative and performing arts",(CAH25-01-04) cinematics and photography,Quintile 1,1390
2019,"(CAH25) design, and creative and performing arts",(CAH25-01-02) art,Quintile 1,670
2020,"(CAH25) design, and creative and performing arts",(CAH25-01-02) art,Quintile 1,665
2021,"(CAH25) design, and creative and performing arts",(CAH25-01-02) art,Quintile 1,605
2022,"(CAH25) design, and creative and performing arts",(CAH25-01-02) art,Quintile 1,675
2023,"(CAH25) design, and creative and performing arts",(CAH25-01-02) art,Quintile 1,655
2024,"(CAH25) design, and creative and performing arts",(CAH25-01-02) art,Quintile 1,625
2019,"(CAH25) design, and creative and performing arts",(CAH25-02-03) drama,Quintile 1,825
2020,"(CAH25) design, and creative and performing arts",(CAH25-02-03) drama,Quintile 1,830
2021,"(CAH25) design, and creative and performing arts",(CAH25-02-03) drama,Quintile 1,845
2022,"(CAH25) design, and creative and performing arts",(CAH25-02-03) drama,Quintile 1,845
2023,"(CAH25) design, and creative and performing arts",(CAH25-02-03) drama,Quintile 1,805
2024,"(CAH25) design, and creative and performing arts",(CAH25-02-03) drama,Quintile 1,845
2019,"(CAH25) design, and creative and performing arts",(CAH25-02-04) dance,Quintile 1,170
2020,"(CAH25) design, and creative and performing arts",(CAH25-02-04) dance,Quintile 1,190
2021,"(CAH25) design, and creative and performing arts",(CAH25-02-04) dance,Quintile 1,205
2022,"(CAH25) design, and creative and performing arts",(CAH25-02-04) dance,Quintile 1,205
2023,"(CAH25) design, and creative and performing arts",(CAH25-02-04) dance,Quintile 1,195
2024,"(CAH25) design, and creative and performing arts",(CAH25-02-04) dance,Quintile 1,175
2019,"(CAH25) design, and creative and performing arts",(CAH25-02-01) performing arts (non-specific),Quintile 1,140
2020,"(CAH25) design, and creative and performing arts",(CAH25-02-01) performing arts (non-specific),Quintile 1,145
2021,"(CAH25) design, and creative and performing arts",(CAH25-02-01) performing arts (non-specific),Quintile 1,100
2022,"(CAH25) design, and creative and performing arts",(CAH25-02-01) performing arts (non-specific),Quintile 1,120
2023,"(CAH25) design, and creative and performing arts",(CAH25-02-01) performing arts (non-specific),Quintile 1,100
2024,"(CAH25) design, and creative and performing arts",(CAH25-02-01) performing arts (non-specific),Quintile 1,90
2019,"(CAH25) design, and creative and performing arts",(CAH25-01-05) others in creative arts and design,Quintile 1,235
2020,"(CAH25) design, and creative and performing arts",(CAH25-01-05) others in creative arts and design,Quintile 1,205
2021,"(CAH25) design, and creative and performing arts",(CAH25-01-05) others in creative arts and design,Quintile 1,175
2022,"(CAH25) design, and creative and performing arts",(CAH25-01-05) others in creative arts and design,Quintile 1,190
2023,"(CAH25) design, and creative and performing arts",(CAH25-01-05) others in creative arts and design,Quintile 1,175
2024,"(CAH25) design, and creative and performing arts",(CAH25-01-05) others in creative arts and design,Quintile 1,185
2019,"(CAH25) design, and creative and performing arts",(CAH25-01-01) creative arts and design (non-specific),Quintile 1,130
2020,"(CAH25) design, and creative and performing arts",(CAH25-01-01) creative arts and design (non-specific),Quintile 1,155
2021,"(CAH25) design, and creative and performing arts",(CAH25-01-01) creative arts and design (non-specific),Quintile 1,140
2022,"(CAH25) design, and creative and performing arts",(CAH25-01-01) creative arts and design (non-specific),Quintile 1,150
2023,"(CAH25) design, and creative and performing arts",(CAH25-01-01) creative arts and design (non-specific),Quintile 1,135
2024,"(CAH25) design, and creative and performing arts",(CAH25-01-01) creative arts and design (non-specific),Quintile 1,150
2019,(CAH10) engineering and technology,"(CAH10-01-06) bioengineering, medical and biomedical engineering",Quintile 1,185
2020,(CAH10) engineering and technology,"(CAH10-01-06) bioengineering, medical and biomedical engineering",Quintile 1,230
2021,(CAH10) engineering and technology,"(CAH10-01-06) bioengineering, medical and biomedical engineering",Quintile 1,185
2022,(CAH10) engineering and technology,"(CAH10-01-06) bioengineering, medical and biomedical engineering",Quintile 1,245
2023,(CAH10) engineering and technology,"(CAH10-01-06) bioengineering, medical and biomedical engineering",Quintile 1,230
2024,(CAH10) engineering and technology,"(CAH10-01-06) bioengineering, medical and biomedical engineering",Quintile 1,230
2019,(CAH10) engineering and technology,(CAH10-03-02) materials technology,Quintile 1,20
2020,(CAH10) engineering and technology,(CAH10-03-02) materials technology,Quintile 1,20
2021,(CAH10) engineering and technology,(CAH10-03-02) materials technology,Quintile 1,10
2022,(CAH10) engineering and technology,(CAH10-03-02) materials technology,Quintile 1,15
2023,(CAH10) engineering and technology,(CAH10-03-02) materials technology,Quintile 1,25
2024,(CAH10) engineering and technology,(CAH10-03-02) materials technology,Quintile 1,15
2019,(CAH10) engineering and technology,(CAH10-03-06) others in technology,Quintile 1,135
2020,(CAH10) engineering and technology,(CAH10-03-06) others in technology,Quintile 1,140
2021,(CAH10) engineering and technology,(CAH10-03-06) others in technology,Quintile 1,155
2022,(CAH10) engineering and technology,(CAH10-03-06) others in technology,Quintile 1,140
2023,(CAH10) engineering and technology,(CAH10-03-06) others in technology,Quintile 1,160
2024,(CAH10) engineering and technology,(CAH10-03-06) others in technology,Quintile 1,180
2019,(CAH10) engineering and technology,(CAH10-01-03) production and manufacturing engineering,Quintile 1,275
2020,(CAH10) engineering and technology,(CAH10-01-03) production and manufacturing engineering,Quintile 1,300
2021,(CAH10) engineering and technology,(CAH10-01-03) production and manufacturing engineering,Quintile 1,280
2022,(CAH10) engineering and technology,(CAH10-01-03) production and manufacturing engineering,Quintile 1,305
2023,(CAH10) engineering and technology,(CAH10-01-03) production and manufacturing engineering,Quintile 1,285
2024,(CAH10) engineering and technology,(CAH10-01-03) production and manufacturing engineering,Quintile 1,330
2019,(CAH10) engineering and technology,(CAH10-01-04) aeronautical and aerospace engineering,Quintile 1,515
2020,(CAH10) engineering and technology,(CAH10-01-04) aeronautical and aerospace engineering,Quintile 1,525
2021,(CAH10) engineering and technology,(CAH10-01-04) aeronautical and aerospace engineering,Quintile 1,590
2022,(CAH10) engineering and technology,(CAH10-01-04) aeronautical and aerospace engineering,Quintile 1,535
2023,(CAH10) engineering and technology,(CAH10-01-04) aeronautical and aerospace engineering,Quintile 1,590
2024,(CAH10) engineering and technology,(CAH10-01-04) aeronautical and aerospace engineering,Quintile 1,680
2019,(CAH10) engineering and technology,(CAH10-01-08) electrical and electronic engineering,Quintile 1,675
2020,(CAH10) engineering and technology,(CAH10-01-08) electrical and electronic engineering,Quintile 1,720
2021,(CAH10) engineering and technology,(CAH10-01-08) electrical and electronic engineering,Quintile 1,715
2022,(CAH10) engineering and technology,(CAH10-01-08) electrical and electronic engineering,Quintile 1,730
2023,(CAH10) engineering and technology,(CAH10-01-08) electrical and electronic engineering,Quintile 1,735
2024,(CAH10) engineering and technology,(CAH10-01-08) electrical and electronic engineering,Quintile 1,845
2019,(CAH10) engineering and technology,(CAH10-01-07) civil engineering,Quintile 1,715
2020,(CAH10) engineering and technology,(CAH10-01-07) civil engineering,Quintile 1,750
2021,(CAH10) engineering and technology,(CAH10-01-07) civil engineering,Quintile 1,815
2022,(CAH10) engineering and technology,(CAH10-01-07) civil engineering,Quintile 1,705
2023,(CAH10) engineering and technology,(CAH10-01-07) civil engineering,Quintile 1,625
2024,(CAH10) engineering and technology,(CAH10-01-07) civil engineering,Quintile 1,735
2019,(CAH10) engineering and technology,(CAH10-03-05) biotechnology,Quintile 1,15
2020,(CAH10) engineering and technology,(CAH10-03-05) biotechnology,Quintile 1,20
2021,(CAH10) engineering and technology,(CAH10-03-05) biotechnology,Quintile 1,20
2022,(CAH10) engineering and technology,(CAH10-03-05) biotechnology,Quintile 1,20
2023,(CAH10) engineering and technology,(CAH10-03-05) biotechnology,Quintile 1,25
2024,(CAH10) engineering and technology,(CAH10-03-05) biotechnology,Quintile 1,30
2019,(CAH10) engineering and technology,"(CAH10-01-09) chemical, process and energy engineering",Quintile 1,375
2020,(CAH10) engineering and technology,"(CAH10-01-09) chemical, process and energy engineering",Quintile 1,355
2021,(CAH10) engineering and technology,"(CAH10-01-09) chemical, process and energy engineering",Quintile 1,305
2022,(CAH10) engineering and technology,"(CAH10-01-09) chemical, process and energy engineering",Quintile 1,270
2023,(CAH10) engineering and technology,"(CAH10-01-09) chemical, process and energy engineering",Quintile 1,295
2024,(CAH10) engineering and technology,"(CAH10-01-09) chemical, process and energy engineering",Quintile 1,330
2019,(CAH10) engineering and technology,(CAH10-03-03) polymers and textiles,Quintile 1,15
2020,(CAH10) engineering and technology,(CAH10-03-03) polymers and textiles,Quintile 1,10
2021,(CAH10) engineering and technology,(CAH10-03-03) polymers and textiles,Quintile 1,5
2022,(CAH10) engineering and technology,(CAH10-03-03) polymers and textiles,Quintile 1,10
2023,(CAH10) engineering and technology,(CAH10-03-03) polymers and textiles,Quintile 1,15
2024,(CAH10) engineering and technology,(CAH10-03-03) polymers and textiles,Quintile 1,5
2020,(CAH10) engineering and technology,(CAH10-03-01) minerals technology,Quintile 1,5
2022,(CAH10) engineering and technology,(CAH10-03-01) minerals technology,Quintile 1,5
2024,(CAH10) engineering and technology,(CAH10-03-01) minerals technology,Quintile 1,5
2019,(CAH10) engineering and technology,(CAH10-01-01) engineering (non-specific),Quintile 1,715
2020,(CAH10) engineering and technology,(CAH10-01-01) engineering (non-specific),Quintile 1,695
2021,(CAH10) engineering and technology,(CAH10-01-01) engineering (non-specific),Quintile 1,740
2022,(CAH10) engineering and technology,(CAH10-01-01) engineering (non-specific),Quintile 1,675
2023,(CAH10) engineering and technology,(CAH10-01-01) engineering (non-specific),Quintile 1,690
2024,(CAH10) engineering and technology,(CAH10-01-01) engineering (non-specific),Quintile 1,665
2019,(CAH10) engineering and technology,(CAH10-01-10) others in engineering,Quintile 1,10
2020,(CAH10) engineering and technology,(CAH10-01-10) others in engineering,Quintile 1,5
2021,(CAH10) engineering and technology,(CAH10-01-10) others in engineering,Quintile 1,5
2024,(CAH10) engineering and technology,(CAH10-01-10) others in engineering,Quintile 1,5
2019,(CAH10) engineering and technology,(CAH10-01-02) mechanical engineering,Quintile 1,1130
2020,(CAH10) engineering and technology,(CAH10-01-02) mechanical engineering,Quintile 1,1165
2021,(CAH10) engineering and technology,(CAH10-01-02) mechanical engineering,Quintile 1,1090
2022,(CAH10) engineering and technology,(CAH10-01-02) mechanical engineering,Quintile 1,1145
2023,(CAH10) engineering and technology,(CAH10-01-02) mechanical engineering,Quintile 1,1110
2024,(CAH10) engineering and technology,(CAH10-01-02) mechanical engineering,Quintile 1,1335
2019,(CAH10) engineering and technology,(CAH10-03-04) maritime technology,Quintile 1,5
2021,(CAH10) engineering and technology,(CAH10-03-04) maritime technology,Quintile 1,5
2022,(CAH10) engineering and technology,(CAH10-03-04) maritime technology,Quintile 1,5
2023,(CAH10) engineering and technology,(CAH10-03-04) maritime technology,Quintile 1,5
2019,(CAH10) engineering and technology,(CAH10-01-05) naval architecture,Quintile 1,5
2020,(CAH10) engineering and technology,(CAH10-01-05) naval architecture,Quintile 1,5
2021,(CAH10) engineering and technology,(CAH10-01-05) naval architecture,Quintile 1,5
2023,(CAH10) engineering and technology,(CAH10-01-05) naval architecture,Quintile 1,5
2024,(CAH10) engineering and technology,(CAH10-01-05) naval architecture,Quintile 1,5
2019,(CAH10) engineering and technology,(CAH10-03-07) materials science,Quintile 1,15
2020,(CAH10) engineering and technology,(CAH10-03-07) materials science,Quintile 1,15
2021,(CAH10) engineering and technology,(CAH10-03-07) materials science,Quintile 1,15
2022,(CAH10) engineering and technology,(CAH10-03-07) materials science,Quintile 1,10
2023,(CAH10) engineering and technology,(CAH10-03-07) materials science,Quintile 1,20
2024,(CAH10) engineering and technology,(CAH10-03-07) materials science,Quintile 1,10
2019,(CAH02) subjects allied to medicine,(CAH02-06-03) ophthalmics,Quintile 1,350
2020,(CAH02) subjects allied to medicine,(CAH02-06-03) ophthalmics,Quintile 1,405
2021,(CAH02) subjects allied to medicine,(CAH02-06-03) ophthalmics,Quintile 1,415
2022,(CAH02) subjects allied to medicine,(CAH02-06-03) ophthalmics,Quintile 1,345
2023,(CAH02) subjects allied to medicine,(CAH02-06-03) ophthalmics,Quintile 1,430
2024,(CAH02) subjects allied to medicine,(CAH02-06-03) ophthalmics,Quintile 1,465
2019,(CAH02) subjects allied to medicine,"(CAH02-05-04) anatomy, physiology and pathology",Quintile 1,160
2020,(CAH02) subjects allied to medicine,"(CAH02-05-04) anatomy, physiology and pathology",Quintile 1,185
2021,(CAH02) subjects allied to medicine,"(CAH02-05-04) anatomy, physiology and pathology",Quintile 1,170
2022,(CAH02) subjects allied to medicine,"(CAH02-05-04) anatomy, physiology and pathology",Quintile 1,170
2023,(CAH02) subjects allied to medicine,"(CAH02-05-04) anatomy, physiology and pathology",Quintile 1,145
2024,(CAH02) subjects allied to medicine,"(CAH02-05-04) anatomy, physiology and pathology",Quintile 1,140
2019,(CAH02) subjects allied to medicine,(CAH02-05-01) medical technology,Quintile 1,525
2020,(CAH02) subjects allied to medicine,(CAH02-05-01) medical technology,Quintile 1,590
2021,(CAH02) subjects allied to medicine,(CAH02-05-01) medical technology,Quintile 1,515
2022,(CAH02) subjects allied to medicine,(CAH02-05-01) medical technology,Quintile 1,610
2023,(CAH02) subjects allied to medicine,(CAH02-05-01) medical technology,Quintile 1,655
2024,(CAH02) subjects allied to medicine,(CAH02-05-01) medical technology,Quintile 1,875
2019,(CAH02) subjects allied to medicine,(CAH02-06-06) complementary and alternative medicine,Quintile 1,185
2020,(CAH02) subjects allied to medicine,(CAH02-06-06) complementary and alternative medicine,Quintile 1,230
2021,(CAH02) subjects allied to medicine,(CAH02-06-06) complementary and alternative medicine,Quintile 1,285
2022,(CAH02) subjects allied to medicine,(CAH02-06-06) complementary and alternative medicine,Quintile 1,265
2023,(CAH02) subjects allied to medicine,(CAH02-06-06) complementary and alternative medicine,Quintile 1,200
2024,(CAH02) subjects allied to medicine,(CAH02-06-06) complementary and alternative medicine,Quintile 1,240
2019,(CAH02) subjects allied to medicine,(CAH02-06-01) health sciences (non-specific),Quintile 1,1250
2020,(CAH02) subjects allied to medicine,(CAH02-06-01) health sciences (non-specific),Quintile 1,1325
2021,(CAH02) subjects allied to medicine,(CAH02-06-01) health sciences (non-specific),Quintile 1,1375
2022,(CAH02) subjects allied to medicine,(CAH02-06-01) health sciences (non-specific),Quintile 1,1515
2023,(CAH02) subjects allied to medicine,(CAH02-06-01) health sciences (non-specific),Quintile 1,1465
2024,(CAH02) subjects allied to medicine,(CAH02-06-01) health sciences (non-specific),Quintile 1,1525
2019,(CAH02) subjects allied to medicine,(CAH02-06-02) nutrition and dietetics,Quintile 1,210
2020,(CAH02) subjects allied to medicine,(CAH02-06-02) nutrition and dietetics,Quintile 1,255
2021,(CAH02) subjects allied to medicine,(CAH02-06-02) nutrition and dietetics,Quintile 1,240
2022,(CAH02) subjects allied to medicine,(CAH02-06-02) nutrition and dietetics,Quintile 1,205
2023,(CAH02) subjects allied to medicine,(CAH02-06-02) nutrition and dietetics,Quintile 1,175
2024,(CAH02) subjects allied to medicine,(CAH02-06-02) nutrition and dietetics,Quintile 1,180
2019,(CAH02) subjects allied to medicine,(CAH02-06-04) environmental and public health,Quintile 1,260
2020,(CAH02) subjects allied to medicine,(CAH02-06-04) environmental and public health,Quintile 1,160
2021,(CAH02) subjects allied to medicine,(CAH02-06-04) environmental and public health,Quintile 1,205
2022,(CAH02) subjects allied to medicine,(CAH02-06-04) environmental and public health,Quintile 1,140
2023,(CAH02) subjects allied to medicine,(CAH02-06-04) environmental and public health,Quintile 1,100
2024,(CAH02) subjects allied to medicine,(CAH02-06-04) environmental and public health,Quintile 1,135
2019,(CAH02) subjects allied to medicine,"(CAH02-06-07) counselling, psychotherapy and occupational therapy",Quintile 1,790
2020,(CAH02) subjects allied to medicine,"(CAH02-06-07) counselling, psychotherapy and occupational therapy",Quintile 1,850
2021,(CAH02) subjects allied to medicine,"(CAH02-06-07) counselling, psychotherapy and occupational therapy",Quintile 1,785
2022,(CAH02) subjects allied to medicine,"(CAH02-06-07) counselling, psychotherapy and occupational therapy",Quintile 1,900
2023,(CAH02) subjects allied to medicine,"(CAH02-06-07) counselling, psychotherapy and occupational therapy",Quintile 1,855
2024,(CAH02) subjects allied to medicine,"(CAH02-06-07) counselling, psychotherapy and occupational therapy",Quintile 1,910
2019,(CAH02) subjects allied to medicine,(CAH02-02-01) pharmacology,Quintile 1,200
2020,(CAH02) subjects allied to medicine,(CAH02-02-01) pharmacology,Quintile 1,200
2021,(CAH02) subjects allied to medicine,(CAH02-02-01) pharmacology,Quintile 1,255
2022,(CAH02) subjects allied to medicine,(CAH02-02-01) pharmacology,Quintile 1,285
2023,(CAH02) subjects allied to medicine,(CAH02-02-01) pharmacology,Quintile 1,370
2024,(CAH02) subjects allied to medicine,(CAH02-02-01) pharmacology,Quintile 1,420
2019,(CAH02) subjects allied to medicine,(CAH02-02-03) pharmacy,Quintile 1,880
2020,(CAH02) subjects allied to medicine,(CAH02-02-03) pharmacy,Quintile 1,1005
2021,(CAH02) subjects allied to medicine,(CAH02-02-03) pharmacy,Quintile 1,1195
2022,(CAH02) subjects allied to medicine,(CAH02-02-03) pharmacy,Quintile 1,1270
2023,(CAH02) subjects allied to medicine,(CAH02-02-03) pharmacy,Quintile 1,1250
2024,(CAH02) subjects allied to medicine,(CAH02-02-03) pharmacy,Quintile 1,1130
2019,(CAH02) subjects allied to medicine,(CAH02-06-05) physiotherapy,Quintile 1,290
2020,(CAH02) subjects allied to medicine,(CAH02-06-05) physiotherapy,Quintile 1,340
2021,(CAH02) subjects allied to medicine,(CAH02-06-05) physiotherapy,Quintile 1,365
2022,(CAH02) subjects allied to medicine,(CAH02-06-05) physiotherapy,Quintile 1,390
2023,(CAH02) subjects allied to medicine,(CAH02-06-05) physiotherapy,Quintile 1,445
2024,(CAH02) subjects allied to medicine,(CAH02-06-05) physiotherapy,Quintile 1,525
2019,(CAH02) subjects allied to medicine,(CAH02-05-02) healthcare science (non-specific),Quintile 1,265
2020,(CAH02) subjects allied to medicine,(CAH02-05-02) healthcare science (non-specific),Quintile 1,300
2021,(CAH02) subjects allied to medicine,(CAH02-05-02) healthcare science (non-specific),Quintile 1,300
2022,(CAH02) subjects allied to medicine,(CAH02-05-02) healthcare science (non-specific),Quintile 1,290
2023,(CAH02) subjects allied to medicine,(CAH02-05-02) healthcare science (non-specific),Quintile 1,1815
2024,(CAH02) subjects allied to medicine,(CAH02-05-02) healthcare science (non-specific),Quintile 1,2070
2019,(CAH02) subjects allied to medicine,(CAH02-05-03) biomedical sciences (non-specific),Quintile 1,1990
2020,(CAH02) subjects allied to medicine,(CAH02-05-03) biomedical sciences (non-specific),Quintile 1,2080
2021,(CAH02) subjects allied to medicine,(CAH02-05-03) biomedical sciences (non-specific),Quintile 1,2225
2022,(CAH02) subjects allied to medicine,(CAH02-05-03) biomedical sciences (non-specific),Quintile 1,2350
2023,(CAH02) subjects allied to medicine,(CAH02-05-03) biomedical sciences (non-specific),Quintile 1,2380
2024,(CAH02) subjects allied to medicine,(CAH02-05-03) biomedical sciences (non-specific),Quintile 1,2385
2019,(CAH02) subjects allied to medicine,(CAH02-02-02) toxicology,Quintile 1,5
2020,(CAH02) subjects allied to medicine,(CAH02-02-02) toxicology,Quintile 1,5
2021,(CAH02) subjects allied to medicine,(CAH02-02-02) toxicology,Quintile 1,5
2022,(CAH02) subjects allied to medicine,(CAH02-02-02) toxicology,Quintile 1,5
2023,(CAH02) subjects allied to medicine,(CAH02-02-02) toxicology,Quintile 1,10
2024,(CAH02) subjects allied to medicine,(CAH02-02-02) toxicology,Quintile 1,5
2019,(CAH02) subjects allied to medicine,(CAH02-04-02) adult nursing,Quintile 1,4585
2020,(CAH02) subjects allied to medicine,(CAH02-04-02) adult nursing,Quintile 1,5690
2021,(CAH02) subjects allied to medicine,(CAH02-04-02) adult nursing,Quintile 1,5755
2022,(CAH02) subjects allied to medicine,(CAH02-04-02) adult nursing,Quintile 1,5510
2023,(CAH02) subjects allied to medicine,(CAH02-04-02) adult nursing,Quintile 1,4935
2024,(CAH02) subjects allied to medicine,(CAH02-04-02) adult nursing,Quintile 1,4995
2019,(CAH02) subjects allied to medicine,(CAH02-04-05) children's nursing,Quintile 1,790
2020,(CAH02) subjects allied to medicine,(CAH02-04-05) children's nursing,Quintile 1,1120
2021,(CAH02) subjects allied to medicine,(CAH02-04-05) children's nursing,Quintile 1,1090
2022,(CAH02) subjects allied to medicine,(CAH02-04-05) children's nursing,Quintile 1,1015
2023,(CAH02) subjects allied to medicine,(CAH02-04-05) children's nursing,Quintile 1,1085
2024,(CAH02) subjects allied to medicine,(CAH02-04-05) children's nursing,Quintile 1,1250
2019,(CAH02) subjects allied to medicine,(CAH02-04-03) community nursing,Quintile 1,5
2020,(CAH02) subjects allied to medicine,(CAH02-04-03) community nursing,Quintile 1,15
2021,(CAH02) subjects allied to medicine,(CAH02-04-03) community nursing,Quintile 1,20
2022,(CAH02) subjects allied to medicine,(CAH02-04-03) community nursing,Quintile 1,10
2023,(CAH02) subjects allied to medicine,(CAH02-04-03) community nursing,Quintile 1,10
2024,(CAH02) subjects allied to medicine,(CAH02-04-03) community nursing,Quintile 1,5
2019,(CAH02) subjects allied to medicine,(CAH02-04-09) others in nursing,Quintile 1,70
2020,(CAH02) subjects allied to medicine,(CAH02-04-09) others in nursing,Quintile 1,75
2021,(CAH02) subjects allied to medicine,(CAH02-04-09) others in nursing,Quintile 1,65
2022,(CAH02) subjects allied to medicine,(CAH02-04-09) others in nursing,Quintile 1,70
2023,(CAH02) subjects allied to medicine,(CAH02-04-09) others in nursing,Quintile 1,75
2024,(CAH02) subjects allied to medicine,(CAH02-04-09) others in nursing,Quintile 1,70
2019,(CAH02) subjects allied to medicine,(CAH02-04-06) dental nursing,Quintile 1,30
2020,(CAH02) subjects allied to medicine,(CAH02-04-06) dental nursing,Quintile 1,35
2021,(CAH02) subjects allied to medicine,(CAH02-04-06) dental nursing,Quintile 1,40
2022,(CAH02) subjects allied to medicine,(CAH02-04-06) dental nursing,Quintile 1,40
2023,(CAH02) subjects allied to medicine,(CAH02-04-06) dental nursing,Quintile 1,45
2024,(CAH02) subjects allied to medicine,(CAH02-04-06) dental nursing,Quintile 1,85
2019,(CAH02) subjects allied to medicine,(CAH02-04-08) learning disabilities nursing,Quintile 1,215
2020,(CAH02) subjects allied to medicine,(CAH02-04-08) learning disabilities nursing,Quintile 1,230
2021,(CAH02) subjects allied to medicine,(CAH02-04-08) learning disabilities nursing,Quintile 1,265
2022,(CAH02) subjects allied to medicine,(CAH02-04-08) learning disabilities nursing,Quintile 1,250
2023,(CAH02) subjects allied to medicine,(CAH02-04-08) learning disabilities nursing,Quintile 1,210
2024,(CAH02) subjects allied to medicine,(CAH02-04-08) learning disabilities nursing,Quintile 1,170
2019,(CAH02) subjects allied to medicine,(CAH02-04-07) mental health nursing,Quintile 1,1580
2020,(CAH02) subjects allied to medicine,(CAH02-04-07) mental health nursing,Quintile 1,2070
2021,(CAH02) subjects allied to medicine,(CAH02-04-07) mental health nursing,Quintile 1,1805
2022,(CAH02) subjects allied to medicine,(CAH02-04-07) mental health nursing,Quintile 1,1805
2023,(CAH02) subjects allied to medicine,(CAH02-04-07) mental health nursing,Quintile 1,1980
2024,(CAH02) subjects allied to medicine,(CAH02-04-07) mental health nursing,Quintile 1,1970
2019,(CAH02) subjects allied to medicine,(CAH02-04-04) midwifery,Quintile 1,625
2020,(CAH02) subjects allied to medicine,(CAH02-04-04) midwifery,Quintile 1,880
2021,(CAH02) subjects allied to medicine,(CAH02-04-04) midwifery,Quintile 1,765
2022,(CAH02) subjects allied to medicine,(CAH02-04-04) midwifery,Quintile 1,820
2023,(CAH02) subjects allied to medicine,(CAH02-04-04) midwifery,Quintile 1,945
2024,(CAH02) subjects allied to medicine,(CAH02-04-04) midwifery,Quintile 1,995
2019,(CAH02) subjects allied to medicine,(CAH02-04-01) nursing (non-specific),Quintile 1,485
2020,(CAH02) subjects allied to medicine,(CAH02-04-01) nursing (non-specific),Quintile 1,485
2021,(CAH02) subjects allied to medicine,(CAH02-04-01) nursing (non-specific),Quintile 1,485
2022,(CAH02) subjects allied to medicine,(CAH02-04-01) nursing (non-specific),Quintile 1,445
2023,(CAH02) subjects allied to medicine,(CAH02-04-01) nursing (non-specific),Quintile 1,455
2024,(CAH02) subjects allied to medicine,(CAH02-04-01) nursing (non-specific),Quintile 1,535
2019,(CAH19) language and area studies,(CAH19-01-05) creative writing,Quintile 1,270
2020,(CAH19) language and area studies,(CAH19-01-05) creative writing,Quintile 1,300
2021,(CAH19) language and area studies,(CAH19-01-05) creative writing,Quintile 1,260
2022,(CAH19) language and area studies,(CAH19-01-05) creative writing,Quintile 1,300
2023,(CAH19) language and area studies,(CAH19-01-05) creative writing,Quintile 1,305
2024,(CAH19) language and area studies,(CAH19-01-05) creative writing,Quintile 1,230
2019,(CAH19) language and area studies,(CAH19-04-08) American and Australasian studies,Quintile 1,35
2020,(CAH19) language and area studies,(CAH19-04-08) American and Australasian studies,Quintile 1,30
2021,(CAH19) language and area studies,(CAH19-04-08) American and Australasian studies,Quintile 1,25
2022,(CAH19) language and area studies,(CAH19-04-08) American and Australasian studies,Quintile 1,25
2023,(CAH19) language and area studies,(CAH19-04-08) American and Australasian studies,Quintile 1,10
2024,(CAH19) language and area studies,(CAH19-04-08) American and Australasian studies,Quintile 1,15
2019,(CAH19) language and area studies,(CAH19-01-06) others in English studies,Quintile 1,15
2020,(CAH19) language and area studies,(CAH19-01-06) others in English studies,Quintile 1,15
2021,(CAH19) language and area studies,(CAH19-01-06) others in English studies,Quintile 1,15
2022,(CAH19) language and area studies,(CAH19-01-06) others in English studies,Quintile 1,15
2023,(CAH19) language and area studies,(CAH19-01-06) others in English studies,Quintile 1,15
2024,(CAH19) language and area studies,(CAH19-01-06) others in English studies,Quintile 1,10
2019,(CAH19) language and area studies,(CAH19-01-02) English language,Quintile 1,185
2020,(CAH19) language and area studies,(CAH19-01-02) English language,Quintile 1,160
2021,(CAH19) language and area studies,(CAH19-01-02) English language,Quintile 1,135
2022,(CAH19) language and area studies,(CAH19-01-02) English language,Quintile 1,125
2023,(CAH19) language and area studies,(CAH19-01-02) English language,Quintile 1,110
2024,(CAH19) language and area studies,(CAH19-01-02) English language,Quintile 1,130
2019,(CAH19) language and area studies,(CAH19-01-03) literature in English,Quintile 1,530
2020,(CAH19) language and area studies,(CAH19-01-03) literature in English,Quintile 1,500
2021,(CAH19) language and area studies,(CAH19-01-03) literature in English,Quintile 1,480
2022,(CAH19) language and area studies,(CAH19-01-03) literature in English,Quintile 1,480
2023,(CAH19) language and area studies,(CAH19-01-03) literature in English,Quintile 1,480
2024,(CAH19) language and area studies,(CAH19-01-03) literature in English,Quintile 1,485
2019,(CAH19) language and area studies,(CAH19-01-01) English studies (non-specific),Quintile 1,575
2020,(CAH19) language and area studies,(CAH19-01-01) English studies (non-specific),Quintile 1,540
2021,(CAH19) language and area studies,(CAH19-01-01) English studies (non-specific),Quintile 1,535
2022,(CAH19) language and area studies,(CAH19-01-01) English studies (non-specific),Quintile 1,520
2023,(CAH19) language and area studies,(CAH19-01-01) English studies (non-specific),Quintile 1,440
2024,(CAH19) language and area studies,(CAH19-01-01) English studies (non-specific),Quintile 1,415
2019,(CAH19) language and area studies,(CAH19-04-01) French studies,Quintile 1,80
2020,(CAH19) language and area studies,(CAH19-04-01) French studies,Quintile 1,85
2021,(CAH19) language and area studies,(CAH19-04-01) French studies,Quintile 1,85
2022,(CAH19) language and area studies,(CAH19-04-01) French studies,Quintile 1,65
2023,(CAH19) language and area studies,(CAH19-04-01) French studies,Quintile 1,55
2024,(CAH19) language and area studies,(CAH19-04-01) French studies,Quintile 1,55
2019,(CAH19) language and area studies,(CAH19-04-02) German and Scandinavian studies,Quintile 1,30
2020,(CAH19) language and area studies,(CAH19-04-02) German and Scandinavian studies,Quintile 1,25
2021,(CAH19) language and area studies,(CAH19-04-02) German and Scandinavian studies,Quintile 1,25
2022,(CAH19) language and area studies,(CAH19-04-02) German and Scandinavian studies,Quintile 1,25
2023,(CAH19) language and area studies,(CAH19-04-02) German and Scandinavian studies,Quintile 1,15
2024,(CAH19) language and area studies,(CAH19-04-02) German and Scandinavian studies,Quintile 1,15
2019,(CAH19) language and area studies,(CAH19-04-04) Iberian studies,Quintile 1,110
2020,(CAH19) language and area studies,(CAH19-04-04) Iberian studies,Quintile 1,95
2021,(CAH19) language and area studies,(CAH19-04-04) Iberian studies,Quintile 1,95
2022,(CAH19) language and area studies,(CAH19-04-04) Iberian studies,Quintile 1,80
2023,(CAH19) language and area studies,(CAH19-04-04) Iberian studies,Quintile 1,75
2024,(CAH19) language and area studies,(CAH19-04-04) Iberian studies,Quintile 1,70
2019,(CAH19) language and area studies,(CAH19-04-03) Italian studies,Quintile 1,15
2020,(CAH19) language and area studies,(CAH19-04-03) Italian studies,Quintile 1,15
2021,(CAH19) language and area studies,(CAH19-04-03) Italian studies,Quintile 1,10
2022,(CAH19) language and area studies,(CAH19-04-03) Italian studies,Quintile 1,10
2023,(CAH19) language and area studies,(CAH19-04-03) Italian studies,Quintile 1,10
2024,(CAH19) language and area studies,(CAH19-04-03) Italian studies,Quintile 1,10
2019,(CAH19) language and area studies,(CAH19-01-07) linguistics,Quintile 1,120
2020,(CAH19) language and area studies,(CAH19-01-07) linguistics,Quintile 1,120
2021,(CAH19) language and area studies,(CAH19-01-07) linguistics,Quintile 1,110
2022,(CAH19) language and area studies,(CAH19-01-07) linguistics,Quintile 1,95
2023,(CAH19) language and area studies,(CAH19-01-07) linguistics,Quintile 1,110
2024,(CAH19) language and area studies,(CAH19-01-07) linguistics,Quintile 1,100
2019,(CAH19) language and area studies,(CAH19-04-09) others in language and area studies,Quintile 1,170
2020,(CAH19) language and area studies,(CAH19-04-09) others in language and area studies,Quintile 1,175
2021,(CAH19) language and area studies,(CAH19-04-09) others in language and area studies,Quintile 1,175
2022,(CAH19) language and area studies,(CAH19-04-09) others in language and area studies,Quintile 1,195
2023,(CAH19) language and area studies,(CAH19-04-09) others in language and area studies,Quintile 1,130
2024,(CAH19) language and area studies,(CAH19-04-09) others in language and area studies,Quintile 1,135
2019,(CAH19) language and area studies,(CAH19-04-05) Slavic studies,Quintile 1,10
2020,(CAH19) language and area studies,(CAH19-04-05) Slavic studies,Quintile 1,15
2021,(CAH19) language and area studies,(CAH19-04-05) Slavic studies,Quintile 1,15
2022,(CAH19) language and area studies,(CAH19-04-05) Slavic studies,Quintile 1,5
2023,(CAH19) language and area studies,(CAH19-04-05) Slavic studies,Quintile 1,10
2024,(CAH19) language and area studies,(CAH19-04-05) Slavic studies,Quintile 1,10
2019,(CAH19) language and area studies,(CAH19-02-03) Welsh studies,Quintile 1,10
2020,(CAH19) language and area studies,(CAH19-02-03) Welsh studies,Quintile 1,5
2021,(CAH19) language and area studies,(CAH19-02-03) Welsh studies,Quintile 1,5
2022,(CAH19) language and area studies,(CAH19-02-03) Welsh studies,Quintile 1,5
2023,(CAH19) language and area studies,(CAH19-02-03) Welsh studies,Quintile 1,5
2024,(CAH19) language and area studies,(CAH19-02-03) Welsh studies,Quintile 1,5
2019,(CAH19) language and area studies,(CAH19-02-01) Celtic studies (non-specific),Quintile 1,5
2020,(CAH19) language and area studies,(CAH19-02-01) Celtic studies (non-specific),Quintile 1,5
2021,(CAH19) language and area studies,(CAH19-02-01) Celtic studies (non-specific),Quintile 1,5
2022,(CAH19) language and area studies,(CAH19-02-01) Celtic studies (non-specific),Quintile 1,5
2023,(CAH19) language and area studies,(CAH19-02-01) Celtic studies (non-specific),Quintile 1,5
2024,(CAH19) language and area studies,(CAH19-02-01) Celtic studies (non-specific),Quintile 1,5
2019,(CAH19) language and area studies,(CAH19-02-02) Gaelic studies,Quintile 1,5
2022,(CAH19) language and area studies,(CAH19-02-02) Gaelic studies,Quintile 1,5
2024,(CAH19) language and area studies,(CAH19-02-02) Gaelic studies,Quintile 1,5
2019,(CAH19) language and area studies,(CAH19-02-04) others in Celtic studies,Quintile 1,20
2020,(CAH19) language and area studies,(CAH19-02-04) others in Celtic studies,Quintile 1,10
2021,(CAH19) language and area studies,(CAH19-02-04) others in Celtic studies,Quintile 1,10
2022,(CAH19) language and area studies,(CAH19-02-04) others in Celtic studies,Quintile 1,10
2023,(CAH19) language and area studies,(CAH19-02-04) others in Celtic studies,Quintile 1,10
2024,(CAH19) language and area studies,(CAH19-02-04) others in Celtic studies,Quintile 1,10
2019,(CAH19) language and area studies,(CAH19-04-06) Asian studies,Quintile 1,140
2020,(CAH19) language and area studies,(CAH19-04-06) Asian studies,Quintile 1,135
2021,(CAH19) language and area studies,(CAH19-04-06) Asian studies,Quintile 1,145
2022,(CAH19) language and area studies,(CAH19-04-06) Asian studies,Quintile 1,145
2023,(CAH19) language and area studies,(CAH19-04-06) Asian studies,Quintile 1,105
2024,(CAH19) language and area studies,(CAH19-04-06) Asian studies,Quintile 1,95
2019,(CAH19) language and area studies,(CAH19-04-07) African and modern Middle Eastern studies,Quintile 1,30
2020,(CAH19) language and area studies,(CAH19-04-07) African and modern Middle Eastern studies,Quintile 1,25
2021,(CAH19) language and area studies,(CAH19-04-07) African and modern Middle Eastern studies,Quintile 1,20
2022,(CAH19) language and area studies,(CAH19-04-07) African and modern Middle Eastern studies,Quintile 1,15
2023,(CAH19) language and area studies,(CAH19-04-07) African and modern Middle Eastern studies,Quintile 1,20
2024,(CAH19) language and area studies,(CAH19-04-07) African and modern Middle Eastern studies,Quintile 1,20
2019,"(CAH24) media, journalism and communications",(CAH24-01-05) media studies,Quintile 1,1145
2020,"(CAH24) media, journalism and communications",(CAH24-01-05) media studies,Quintile 1,1125
2021,"(CAH24) media, journalism and communications",(CAH24-01-05) media studies,Quintile 1,1100
2022,"(CAH24) media, journalism and communications",(CAH24-01-05) media studies,Quintile 1,1050
2023,"(CAH24) media, journalism and communications",(CAH24-01-05) media studies,Quintile 1,1025
2024,"(CAH24) media, journalism and communications",(CAH24-01-05) media studies,Quintile 1,1030
2019,"(CAH24) media, journalism and communications",(CAH24-01-02) publicity studies,Quintile 1,35
2020,"(CAH24) media, journalism and communications",(CAH24-01-02) publicity studies,Quintile 1,40
2021,"(CAH24) media, journalism and communications",(CAH24-01-02) publicity studies,Quintile 1,25
2022,"(CAH24) media, journalism and communications",(CAH24-01-02) publicity studies,Quintile 1,35
2023,"(CAH24) media, journalism and communications",(CAH24-01-02) publicity studies,Quintile 1,25
2024,"(CAH24) media, journalism and communications",(CAH24-01-02) publicity studies,Quintile 1,30
2019,"(CAH24) media, journalism and communications",(CAH24-01-01) information services,Quintile 1,10
2020,"(CAH24) media, journalism and communications",(CAH24-01-01) information services,Quintile 1,10
2021,"(CAH24) media, journalism and communications",(CAH24-01-01) information services,Quintile 1,10
2022,"(CAH24) media, journalism and communications",(CAH24-01-01) information services,Quintile 1,15
2023,"(CAH24) media, journalism and communications",(CAH24-01-01) information services,Quintile 1,10
2024,"(CAH24) media, journalism and communications",(CAH24-01-01) information services,Quintile 1,10
2019,"(CAH24) media, journalism and communications",(CAH24-01-04) journalism,Quintile 1,440
2020,"(CAH24) media, journalism and communications",(CAH24-01-04) journalism,Quintile 1,435
2021,"(CAH24) media, journalism and communications",(CAH24-01-04) journalism,Quintile 1,400
2022,"(CAH24) media, journalism and communications",(CAH24-01-04) journalism,Quintile 1,415
2023,"(CAH24) media, journalism and communications",(CAH24-01-04) journalism,Quintile 1,420
2024,"(CAH24) media, journalism and communications",(CAH24-01-04) journalism,Quintile 1,430
2019,"(CAH24) media, journalism and communications",(CAH24-01-03) publishing,Quintile 1,30
2020,"(CAH24) media, journalism and communications",(CAH24-01-03) publishing,Quintile 1,20
2021,"(CAH24) media, journalism and communications",(CAH24-01-03) publishing,Quintile 1,20
2022,"(CAH24) media, journalism and communications",(CAH24-01-03) publishing,Quintile 1,15
2023,"(CAH24) media, journalism and communications",(CAH24-01-03) publishing,Quintile 1,15
2024,"(CAH24) media, journalism and communications",(CAH24-01-03) publishing,Quintile 1,10
2019,(CAH23) combined and general studies,(CAH23-01-04) liberal arts (non-specific),Quintile 1,50
2020,(CAH23) combined and general studies,(CAH23-01-04) liberal arts (non-specific),Quintile 1,40
2021,(CAH23) combined and general studies,(CAH23-01-04) liberal arts (non-specific),Quintile 1,50
2022,(CAH23) combined and general studies,(CAH23-01-04) liberal arts (non-specific),Quintile 1,50
2023,(CAH23) combined and general studies,(CAH23-01-04) liberal arts (non-specific),Quintile 1,50
2024,(CAH23) combined and general studies,(CAH23-01-04) liberal arts (non-specific),Quintile 1,45
2019,(CAH23) combined and general studies,(CAH23-01-03) humanities (non-specific),Quintile 1,55
2020,(CAH23) combined and general studies,(CAH23-01-03) humanities (non-specific),Quintile 1,45
2021,(CAH23) combined and general studies,(CAH23-01-03) humanities (non-specific),Quintile 1,35
2022,(CAH23) combined and general studies,(CAH23-01-03) humanities (non-specific),Quintile 1,45
2023,(CAH23) combined and general studies,(CAH23-01-03) humanities (non-specific),Quintile 1,45
2024,(CAH23) combined and general studies,(CAH23-01-03) humanities (non-specific),Quintile 1,45
2019,(CAH23) combined and general studies,(CAH23-01-02) personal development,Quintile 1,105
2020,(CAH23) combined and general studies,(CAH23-01-02) personal development,Quintile 1,120
2021,(CAH23) combined and general studies,(CAH23-01-02) personal development,Quintile 1,175
2022,(CAH23) combined and general studies,(CAH23-01-02) personal development,Quintile 1,105
2023,(CAH23) combined and general studies,(CAH23-01-02) personal development,Quintile 1,55
2024,(CAH23) combined and general studies,(CAH23-01-02) personal development,Quintile 1,60
2019,(CAH23) combined and general studies,"(CAH23-01-01) combined, general or negotiated studies",Quintile 1,75
2020,(CAH23) combined and general studies,"(CAH23-01-01) combined, general or negotiated studies",Quintile 1,85
2021,(CAH23) combined and general studies,"(CAH23-01-01) combined, general or negotiated studies",Quintile 1,80
2022,(CAH23) combined and general studies,"(CAH23-01-01) combined, general or negotiated studies",Quintile 1,120
2023,(CAH23) combined and general studies,"(CAH23-01-01) combined, general or negotiated studies",Quintile 1,110
2024,(CAH23) combined and general studies,"(CAH23-01-01) combined, general or negotiated studies",Quintile 1,115
2019,(CAH17) business and management,(CAH17-01-03) marketing,Quintile 1,935
2020,(CAH17) business and management,(CAH17-01-03) marketing,Quintile 1,1045
2021,(CAH17) business and management,(CAH17-01-03) marketing,Quintile 1,1025
2022,(CAH17) business and management,(CAH17-01-03) marketing,Quintile 1,1145
2023,(CAH17) business and management,(CAH17-01-03) marketing,Quintile 1,1155
2024,(CAH17) business and management,(CAH17-01-03) marketing,Quintile 1,1200
2019,(CAH17) business and management,(CAH17-01-01) business and management (non-specific),Quintile 1,2715
2020,(CAH17) business and management,(CAH17-01-01) business and management (non-specific),Quintile 1,2835
2021,(CAH17) business and management,(CAH17-01-01) business and management (non-specific),Quintile 1,3325
2022,(CAH17) business and management,(CAH17-01-01) business and management (non-specific),Quintile 1,4330
2023,(CAH17) business and management,(CAH17-01-01) business and management (non-specific),Quintile 1,6195
2024,(CAH17) business and management,(CAH17-01-01) business and management (non-specific),Quintile 1,6155
2019,(CAH17) business and management,(CAH17-01-02) business studies,Quintile 1,3230
2020,(CAH17) business and management,(CAH17-01-02) business studies,Quintile 1,3525
2021,(CAH17) business and management,(CAH17-01-02) business studies,Quintile 1,3355
2022,(CAH17) business and management,(CAH17-01-02) business studies,Quintile 1,4140
2023,(CAH17) business and management,(CAH17-01-02) business studies,Quintile 1,5100
2024,(CAH17) business and management,(CAH17-01-02) business studies,Quintile 1,5375
2019,(CAH17) business and management,"(CAH17-01-06) tourism, transport and travel",Quintile 1,1480
2020,(CAH17) business and management,"(CAH17-01-06) tourism, transport and travel",Quintile 1,1260
2021,(CAH17) business and management,"(CAH17-01-06) tourism, transport and travel",Quintile 1,1825
2022,(CAH17) business and management,"(CAH17-01-06) tourism, transport and travel",Quintile 1,2525
2023,(CAH17) business and management,"(CAH17-01-06) tourism, transport and travel",Quintile 1,1755
2024,(CAH17) business and management,"(CAH17-01-06) tourism, transport and travel",Quintile 1,1680
2019,(CAH17) business and management,(CAH17-01-05) human resource management,Quintile 1,285
2020,(CAH17) business and management,(CAH17-01-05) human resource management,Quintile 1,265
2021,(CAH17) business and management,(CAH17-01-05) human resource management,Quintile 1,220
2022,(CAH17) business and management,(CAH17-01-05) human resource management,Quintile 1,200
2023,(CAH17) business and management,(CAH17-01-05) human resource management,Quintile 1,215
2024,(CAH17) business and management,(CAH17-01-05) human resource management,Quintile 1,170
2019,(CAH17) business and management,(CAH17-01-04) management studies,Quintile 1,1400
2020,(CAH17) business and management,(CAH17-01-04) management studies,Quintile 1,1335
2021,(CAH17) business and management,(CAH17-01-04) management studies,Quintile 1,1340
2022,(CAH17) business and management,(CAH17-01-04) management studies,Quintile 1,1430
2023,(CAH17) business and management,(CAH17-01-04) management studies,Quintile 1,1185
2024,(CAH17) business and management,(CAH17-01-04) management studies,Quintile 1,1135
2019,(CAH17) business and management,(CAH17-01-08) accounting,Quintile 1,1935
2020,(CAH17) business and management,(CAH17-01-08) accounting,Quintile 1,2020
2021,(CAH17) business and management,(CAH17-01-08) accounting,Quintile 1,2195
2022,(CAH17) business and management,(CAH17-01-08) accounting,Quintile 1,2205
2023,(CAH17) business and management,(CAH17-01-08) accounting,Quintile 1,2335
2024,(CAH17) business and management,(CAH17-01-08) accounting,Quintile 1,2755
2019,(CAH17) business and management,(CAH17-01-07) finance,Quintile 1,1270
2020,(CAH17) business and management,(CAH17-01-07) finance,Quintile 1,1260
2021,(CAH17) business and management,(CAH17-01-07) finance,Quintile 1,1400
2022,(CAH17) business and management,(CAH17-01-07) finance,Quintile 1,1580
2023,(CAH17) business and management,(CAH17-01-07) finance,Quintile 1,1710
2024,(CAH17) business and management,(CAH17-01-07) finance,Quintile 1,1930
2019,(CAH15) social sciences,(CAH15-03-01) politics,Quintile 1,1100
2020,(CAH15) social sciences,(CAH15-03-01) politics,Quintile 1,1085
2021,(CAH15) social sciences,(CAH15-03-01) politics,Quintile 1,1070
2022,(CAH15) social sciences,(CAH15-03-01) politics,Quintile 1,1050
2023,(CAH15) social sciences,(CAH15-03-01) politics,Quintile 1,1040
2024,(CAH15) social sciences,(CAH15-03-01) politics,Quintile 1,1170
2019,(CAH15) social sciences,(CAH15-01-04) anthropology,Quintile 1,90
2020,(CAH15) social sciences,(CAH15-01-04) anthropology,Quintile 1,95
2021,(CAH15) social sciences,(CAH15-01-04) anthropology,Quintile 1,85
2022,(CAH15) social sciences,(CAH15-01-04) anthropology,Quintile 1,100
2023,(CAH15) social sciences,(CAH15-01-04) anthropology,Quintile 1,95
2024,(CAH15) social sciences,(CAH15-01-04) anthropology,Quintile 1,85
2019,(CAH15) social sciences,(CAH15-02-01) economics,Quintile 1,1150
2020,(CAH15) social sciences,(CAH15-02-01) economics,Quintile 1,1200
2021,(CAH15) social sciences,(CAH15-02-01) economics,Quintile 1,1260
2022,(CAH15) social sciences,(CAH15-02-01) economics,Quintile 1,1340
2023,(CAH15) social sciences,(CAH15-02-01) economics,Quintile 1,1310
2024,(CAH15) social sciences,(CAH15-02-01) economics,Quintile 1,1430
2019,(CAH15) social sciences,(CAH15-04-02) childhood and youth studies,Quintile 1,1500
2020,(CAH15) social sciences,(CAH15-04-02) childhood and youth studies,Quintile 1,1315
2021,(CAH15) social sciences,(CAH15-04-02) childhood and youth studies,Quintile 1,1240
2022,(CAH15) social sciences,(CAH15-04-02) childhood and youth studies,Quintile 1,1115
2023,(CAH15) social sciences,(CAH15-04-02) childhood and youth studies,Quintile 1,900
2024,(CAH15) social sciences,(CAH15-04-02) childhood and youth studies,Quintile 1,890
2019,(CAH15) social sciences,(CAH15-04-01) social work,Quintile 1,2060
2020,(CAH15) social sciences,(CAH15-04-01) social work,Quintile 1,2305
2021,(CAH15) social sciences,(CAH15-04-01) social work,Quintile 1,2080
2022,(CAH15) social sciences,(CAH15-04-01) social work,Quintile 1,2085
2023,(CAH15) social sciences,(CAH15-04-01) social work,Quintile 1,1775
2024,(CAH15) social sciences,(CAH15-04-01) social work,Quintile 1,1775
2019,(CAH15) social sciences,(CAH15-01-01) social sciences (non-specific),Quintile 1,545
2020,(CAH15) social sciences,(CAH15-01-01) social sciences (non-specific),Quintile 1,540
2021,(CAH15) social sciences,(CAH15-01-01) social sciences (non-specific),Quintile 1,480
2022,(CAH15) social sciences,(CAH15-01-01) social sciences (non-specific),Quintile 1,420
2023,(CAH15) social sciences,(CAH15-01-01) social sciences (non-specific),Quintile 1,410
2024,(CAH15) social sciences,(CAH15-01-01) social sciences (non-specific),Quintile 1,445
2019,(CAH15) social sciences,(CAH15-04-03) health studies,Quintile 1,2575
2020,(CAH15) social sciences,(CAH15-04-03) health studies,Quintile 1,1840
2021,(CAH15) social sciences,(CAH15-04-03) health studies,Quintile 1,1810
2022,(CAH15) social sciences,(CAH15-04-03) health studies,Quintile 1,1525
2023,(CAH15) social sciences,(CAH15-04-03) health studies,Quintile 1,1265
2024,(CAH15) social sciences,(CAH15-04-03) health studies,Quintile 1,1265
2019,(CAH15) social sciences,(CAH15-01-03) social policy,Quintile 1,420
2020,(CAH15) social sciences,(CAH15-01-03) social policy,Quintile 1,385
2021,(CAH15) social sciences,(CAH15-01-03) social policy,Quintile 1,310
2022,(CAH15) social sciences,(CAH15-01-03) social policy,Quintile 1,275
2023,(CAH15) social sciences,(CAH15-01-03) social policy,Quintile 1,255
2024,(CAH15) social sciences,(CAH15-01-03) social policy,Quintile 1,250
2019,(CAH15) social sciences,(CAH15-01-02) sociology,Quintile 1,3485
2020,(CAH15) social sciences,(CAH15-01-02) sociology,Quintile 1,3480
2021,(CAH15) social sciences,(CAH15-01-02) sociology,Quintile 1,3315
2022,(CAH15) social sciences,(CAH15-01-02) sociology,Quintile 1,3305
2023,(CAH15) social sciences,(CAH15-01-02) sociology,Quintile 1,2920
2024,(CAH15) social sciences,(CAH15-01-02) sociology,Quintile 1,2760
2019,(CAH15) social sciences,(CAH15-01-05) development studies,Quintile 1,25
2020,(CAH15) social sciences,(CAH15-01-05) development studies,Quintile 1,30
2021,(CAH15) social sciences,(CAH15-01-05) development studies,Quintile 1,35
2022,(CAH15) social sciences,(CAH15-01-05) development studies,Quintile 1,25
2023,(CAH15) social sciences,(CAH15-01-05) development studies,Quintile 1,20
2024,(CAH15) social sciences,(CAH15-01-05) development studies,Quintile 1,25
2019,(CAH15) social sciences,(CAH15-01-06) cultural studies,Quintile 1,50
2020,(CAH15) social sciences,(CAH15-01-06) cultural studies,Quintile 1,25
2021,(CAH15) social sciences,(CAH15-01-06) cultural studies,Quintile 1,30
2022,(CAH15) social sciences,(CAH15-01-06) cultural studies,Quintile 1,20
2023,(CAH15) social sciences,(CAH15-01-06) cultural studies,Quintile 1,20
2024,(CAH15) social sciences,(CAH15-01-06) cultural studies,Quintile 1,20
2019,(CAH03) biological and sport sciences,(CAH03-02-01) sport and exercise sciences,Quintile 1,3000
2020,(CAH03) biological and sport sciences,(CAH03-02-01) sport and exercise sciences,Quintile 1,3035
2021,(CAH03) biological and sport sciences,(CAH03-02-01) sport and exercise sciences,Quintile 1,2890
2022,(CAH03) biological and sport sciences,(CAH03-02-01) sport and exercise sciences,Quintile 1,2910
2023,(CAH03) biological and sport sciences,(CAH03-02-01) sport and exercise sciences,Quintile 1,2855
2024,(CAH03) biological and sport sciences,(CAH03-02-01) sport and exercise sciences,Quintile 1,2655
2019,(CAH03) biological and sport sciences,(CAH03-01-07) genetics,Quintile 1,35
2020,(CAH03) biological and sport sciences,(CAH03-01-07) genetics,Quintile 1,40
2021,(CAH03) biological and sport sciences,(CAH03-01-07) genetics,Quintile 1,35
2022,(CAH03) biological and sport sciences,(CAH03-01-07) genetics,Quintile 1,35
2023,(CAH03) biological and sport sciences,(CAH03-01-07) genetics,Quintile 1,35
2024,(CAH03) biological and sport sciences,(CAH03-01-07) genetics,Quintile 1,30
2019,(CAH03) biological and sport sciences,(CAH03-01-10) others in biosciences,Quintile 1,150
2020,(CAH03) biological and sport sciences,(CAH03-01-10) others in biosciences,Quintile 1,160
2021,(CAH03) biological and sport sciences,(CAH03-01-10) others in biosciences,Quintile 1,145
2022,(CAH03) biological and sport sciences,(CAH03-01-10) others in biosciences,Quintile 1,140
2023,(CAH03) biological and sport sciences,(CAH03-01-10) others in biosciences,Quintile 1,135
2024,(CAH03) biological and sport sciences,(CAH03-01-10) others in biosciences,Quintile 1,165
2019,(CAH03) biological and sport sciences,"(CAH03-01-08) molecular biology, biophysics and biochemistry",Quintile 1,540
2020,(CAH03) biological and sport sciences,"(CAH03-01-08) molecular biology, biophysics and biochemistry",Quintile 1,460
2021,(CAH03) biological and sport sciences,"(CAH03-01-08) molecular biology, biophysics and biochemistry",Quintile 1,510
2022,(CAH03) biological and sport sciences,"(CAH03-01-08) molecular biology, biophysics and biochemistry",Quintile 1,500
2023,(CAH03) biological and sport sciences,"(CAH03-01-08) molecular biology, biophysics and biochemistry",Quintile 1,565
2024,(CAH03) biological and sport sciences,"(CAH03-01-08) molecular biology, biophysics and biochemistry",Quintile 1,565
2019,(CAH03) biological and sport sciences,(CAH03-01-01) biosciences (non-specific),Quintile 1,470
2020,(CAH03) biological and sport sciences,(CAH03-01-01) biosciences (non-specific),Quintile 1,415
2021,(CAH03) biological and sport sciences,(CAH03-01-01) biosciences (non-specific),Quintile 1,450
2022,(CAH03) biological and sport sciences,(CAH03-01-01) biosciences (non-specific),Quintile 1,420
2023,(CAH03) biological and sport sciences,(CAH03-01-01) biosciences (non-specific),Quintile 1,450
2024,(CAH03) biological and sport sciences,(CAH03-01-01) biosciences (non-specific),Quintile 1,355
2019,(CAH03) biological and sport sciences,(CAH03-01-02) biology (non-specific),Quintile 1,515
2020,(CAH03) biological and sport sciences,(CAH03-01-02) biology (non-specific),Quintile 1,525
2021,(CAH03) biological and sport sciences,(CAH03-01-02) biology (non-specific),Quintile 1,495
2022,(CAH03) biological and sport sciences,(CAH03-01-02) biology (non-specific),Quintile 1,465
2023,(CAH03) biological and sport sciences,(CAH03-01-02) biology (non-specific),Quintile 1,420
2024,(CAH03) biological and sport sciences,(CAH03-01-02) biology (non-specific),Quintile 1,480
2019,(CAH03) biological and sport sciences,(CAH03-01-03) ecology and environmental biology,Quintile 1,180
2020,(CAH03) biological and sport sciences,(CAH03-01-03) ecology and environmental biology,Quintile 1,215
2021,(CAH03) biological and sport sciences,(CAH03-01-03) ecology and environmental biology,Quintile 1,220
2022,(CAH03) biological and sport sciences,(CAH03-01-03) ecology and environmental biology,Quintile 1,225
2023,(CAH03) biological and sport sciences,(CAH03-01-03) ecology and environmental biology,Quintile 1,225
2024,(CAH03) biological and sport sciences,(CAH03-01-03) ecology and environmental biology,Quintile 1,220
2019,(CAH03) biological and sport sciences,(CAH03-01-04) microbiology and cell science,Quintile 1,105
2020,(CAH03) biological and sport sciences,(CAH03-01-04) microbiology and cell science,Quintile 1,100
2021,(CAH03) biological and sport sciences,(CAH03-01-04) microbiology and cell science,Quintile 1,120
2022,(CAH03) biological and sport sciences,(CAH03-01-04) microbiology and cell science,Quintile 1,110
2023,(CAH03) biological and sport sciences,(CAH03-01-04) microbiology and cell science,Quintile 1,100
2024,(CAH03) biological and sport sciences,(CAH03-01-04) microbiology and cell science,Quintile 1,100
2019,(CAH03) biological and sport sciences,(CAH03-01-05) plant sciences,Quintile 1,5
2020,(CAH03) biological and sport sciences,(CAH03-01-05) plant sciences,Quintile 1,5
2021,(CAH03) biological and sport sciences,(CAH03-01-05) plant sciences,Quintile 1,10
2022,(CAH03) biological and sport sciences,(CAH03-01-05) plant sciences,Quintile 1,5
2023,(CAH03) biological and sport sciences,(CAH03-01-05) plant sciences,Quintile 1,10
2024,(CAH03) biological and sport sciences,(CAH03-01-05) plant sciences,Quintile 1,5
2019,(CAH03) biological and sport sciences,(CAH03-01-06) zoology,Quintile 1,235
2020,(CAH03) biological and sport sciences,(CAH03-01-06) zoology,Quintile 1,260
2021,(CAH03) biological and sport sciences,(CAH03-01-06) zoology,Quintile 1,260
2022,(CAH03) biological and sport sciences,(CAH03-01-06) zoology,Quintile 1,270
2023,(CAH03) biological and sport sciences,(CAH03-01-06) zoology,Quintile 1,240
2024,(CAH03) biological and sport sciences,(CAH03-01-06) zoology,Quintile 1,260
2019,(CAH03) biological and sport sciences,(CAH03-01-09) hair and beauty sciences,Quintile 1,15
2020,(CAH03) biological and sport sciences,(CAH03-01-09) hair and beauty sciences,Quintile 1,30
2021,(CAH03) biological and sport sciences,(CAH03-01-09) hair and beauty sciences,Quintile 1,10
2022,(CAH03) biological and sport sciences,(CAH03-01-09) hair and beauty sciences,Quintile 1,5
2023,(CAH03) biological and sport sciences,(CAH03-01-09) hair and beauty sciences,Quintile 1,5
2024,(CAH03) biological and sport sciences,(CAH03-01-09) hair and beauty sciences,Quintile 1,5
2019,"(CAH13) architecture, building and planning",(CAH13-01-01) architecture,Quintile 1,740
2020,"(CAH13) architecture, building and planning",(CAH13-01-01) architecture,Quintile 1,775
2021,"(CAH13) architecture, building and planning",(CAH13-01-01) architecture,Quintile 1,815
2022,"(CAH13) architecture, building and planning",(CAH13-01-01) architecture,Quintile 1,885
2023,"(CAH13) architecture, building and planning",(CAH13-01-01) architecture,Quintile 1,865
2024,"(CAH13) architecture, building and planning",(CAH13-01-01) architecture,Quintile 1,940
2019,"(CAH13) architecture, building and planning",(CAH13-01-03) landscape design,Quintile 1,20
2020,"(CAH13) architecture, building and planning",(CAH13-01-03) landscape design,Quintile 1,20
2021,"(CAH13) architecture, building and planning",(CAH13-01-03) landscape design,Quintile 1,15
2022,"(CAH13) architecture, building and planning",(CAH13-01-03) landscape design,Quintile 1,15
2023,"(CAH13) architecture, building and planning",(CAH13-01-03) landscape design,Quintile 1,20
2024,"(CAH13) architecture, building and planning",(CAH13-01-03) landscape design,Quintile 1,15
2019,"(CAH13) architecture, building and planning",(CAH13-01-02) building,Quintile 1,610
2020,"(CAH13) architecture, building and planning",(CAH13-01-02) building,Quintile 1,660
2021,"(CAH13) architecture, building and planning",(CAH13-01-02) building,Quintile 1,585
2022,"(CAH13) architecture, building and planning",(CAH13-01-02) building,Quintile 1,1665
2023,"(CAH13) architecture, building and planning",(CAH13-01-02) building,Quintile 1,1885
2024,"(CAH13) architecture, building and planning",(CAH13-01-02) building,Quintile 1,2210
2019,"(CAH13) architecture, building and planning","(CAH13-01-04) planning (urban, rural and regional)",Quintile 1,180
2020,"(CAH13) architecture, building and planning","(CAH13-01-04) planning (urban, rural and regional)",Quintile 1,185
2021,"(CAH13) architecture, building and planning","(CAH13-01-04) planning (urban, rural and regional)",Quintile 1,160
2022,"(CAH13) architecture, building and planning","(CAH13-01-04) planning (urban, rural and regional)",Quintile 1,110
2023,"(CAH13) architecture, building and planning","(CAH13-01-04) planning (urban, rural and regional)",Quintile 1,110
2024,"(CAH13) architecture, building and planning","(CAH13-01-04) planning (urban, rural and regional)",Quintile 1,100
2019,(CAH01) medicine and dentistry,(CAH01-01-03) medicine by specialism,Quintile 1,40
2020,(CAH01) medicine and dentistry,(CAH01-01-03) medicine by specialism,Quintile 1,50
2021,(CAH01) medicine and dentistry,(CAH01-01-03) medicine by specialism,Quintile 1,55
2022,(CAH01) medicine and dentistry,(CAH01-01-03) medicine by specialism,Quintile 1,60
2023,(CAH01) medicine and dentistry,(CAH01-01-03) medicine by specialism,Quintile 1,55
2024,(CAH01) medicine and dentistry,(CAH01-01-03) medicine by specialism,Quintile 1,70
2019,(CAH01) medicine and dentistry,(CAH01-01-04) dentistry,Quintile 1,180
2020,(CAH01) medicine and dentistry,(CAH01-01-04) dentistry,Quintile 1,250
2021,(CAH01) medicine and dentistry,(CAH01-01-04) dentistry,Quintile 1,265
2022,(CAH01) medicine and dentistry,(CAH01-01-04) dentistry,Quintile 1,210
2023,(CAH01) medicine and dentistry,(CAH01-01-04) dentistry,Quintile 1,270
2024,(CAH01) medicine and dentistry,(CAH01-01-04) dentistry,Quintile 1,285
2019,(CAH01) medicine and dentistry,(CAH01-01-02) medicine (non-specific),Quintile 1,1115
2020,(CAH01) medicine and dentistry,(CAH01-01-02) medicine (non-specific),Quintile 1,1320
2021,(CAH01) medicine and dentistry,(CAH01-01-02) medicine (non-specific),Quintile 1,1510
2022,(CAH01) medicine and dentistry,(CAH01-01-02) medicine (non-specific),Quintile 1,1380
2023,(CAH01) medicine and dentistry,(CAH01-01-02) medicine (non-specific),Quintile 1,1470
2024,(CAH01) medicine and dentistry,(CAH01-01-02) medicine (non-specific),Quintile 1,1585
2019,(CAH01) medicine and dentistry,(CAH01-01-01) medical sciences (non-specific),Quintile 1,55
2020,(CAH01) medicine and dentistry,(CAH01-01-01) medical sciences (non-specific),Quintile 1,65
2021,(CAH01) medicine and dentistry,(CAH01-01-01) medical sciences (non-specific),Quintile 1,65
2022,(CAH01) medicine and dentistry,(CAH01-01-01) medical sciences (non-specific),Quintile 1,70
2023,(CAH01) medicine and dentistry,(CAH01-01-01) medical sciences (non-specific),Quintile 1,85
2024,(CAH01) medicine and dentistry,(CAH01-01-01) medical sciences (non-specific),Quintile 1,80
2019,"(CAH20) historical, philosophical and religious studies",(CAH20-01-01) history,Quintile 1,1110
2020,"(CAH20) historical, philosophical and religious studies",(CAH20-01-01) history,Quintile 1,1055
2021,"(CAH20) historical, philosophical and religious studies",(CAH20-01-01) history,Quintile 1,975
2022,"(CAH20) historical, philosophical and religious studies",(CAH20-01-01) history,Quintile 1,1045
2023,"(CAH20) historical, philosophical and religious studies",(CAH20-01-01) history,Quintile 1,925
2024,"(CAH20) historical, philosophical and religious studies",(CAH20-01-01) history,Quintile 1,960
2019,"(CAH20) historical, philosophical and religious studies",(CAH20-01-03) archaeology,Quintile 1,105
2020,"(CAH20) historical, philosophical and religious studies",(CAH20-01-03) archaeology,Quintile 1,90
2021,"(CAH20) historical, philosophical and religious studies",(CAH20-01-03) archaeology,Quintile 1,80
2022,"(CAH20) historical, philosophical and religious studies",(CAH20-01-03) archaeology,Quintile 1,90
2023,"(CAH20) historical, philosophical and religious studies",(CAH20-01-03) archaeology,Quintile 1,90
2024,"(CAH20) historical, philosophical and religious studies",(CAH20-01-03) archaeology,Quintile 1,110
2019,"(CAH20) historical, philosophical and religious studies",(CAH20-01-05) classics,Quintile 1,85
2020,"(CAH20) historical, philosophical and religious studies",(CAH20-01-05) classics,Quintile 1,80
2021,"(CAH20) historical, philosophical and religious studies",(CAH20-01-05) classics,Quintile 1,70
2022,"(CAH20) historical, philosophical and religious studies",(CAH20-01-05) classics,Quintile 1,100
2023,"(CAH20) historical, philosophical and religious studies",(CAH20-01-05) classics,Quintile 1,90
2024,"(CAH20) historical, philosophical and religious studies",(CAH20-01-05) classics,Quintile 1,110
2019,"(CAH20) historical, philosophical and religious studies","(CAH20-01-02) history of art, architecture and design",Quintile 1,65
2020,"(CAH20) historical, philosophical and religious studies","(CAH20-01-02) history of art, architecture and design",Quintile 1,65
2021,"(CAH20) historical, philosophical and religious studies","(CAH20-01-02) history of art, architecture and design",Quintile 1,70
2022,"(CAH20) historical, philosophical and religious studies","(CAH20-01-02) history of art, architecture and design",Quintile 1,75
2023,"(CAH20) historical, philosophical and religious studies","(CAH20-01-02) history of art, architecture and design",Quintile 1,85
2024,"(CAH20) historical, philosophical and religious studies","(CAH20-01-02) history of art, architecture and design",Quintile 1,80
2019,"(CAH20) historical, philosophical and religious studies",(CAH20-02-01) philosophy,Quintile 1,280
2020,"(CAH20) historical, philosophical and religious studies",(CAH20-02-01) philosophy,Quintile 1,280
2021,"(CAH20) historical, philosophical and religious studies",(CAH20-02-01) philosophy,Quintile 1,315
2022,"(CAH20) historical, philosophical and religious studies",(CAH20-02-01) philosophy,Quintile 1,300
2023,"(CAH20) historical, philosophical and religious studies",(CAH20-02-01) philosophy,Quintile 1,295
2024,"(CAH20) historical, philosophical and religious studies",(CAH20-02-01) philosophy,Quintile 1,300
2019,"(CAH20) historical, philosophical and religious studies",(CAH20-02-02) theology and religious studies,Quintile 1,135
2020,"(CAH20) historical, philosophical and religious studies",(CAH20-02-02) theology and religious studies,Quintile 1,130
2021,"(CAH20) historical, philosophical and religious studies",(CAH20-02-02) theology and religious studies,Quintile 1,115
2022,"(CAH20) historical, philosophical and religious studies",(CAH20-02-02) theology and religious studies,Quintile 1,105
2023,"(CAH20) historical, philosophical and religious studies",(CAH20-02-02) theology and religious studies,Quintile 1,105
2024,"(CAH20) historical, philosophical and religious studies",(CAH20-02-02) theology and religious studies,Quintile 1,115
2019,"(CAH20) historical, philosophical and religious studies",(CAH20-01-04) heritage studies,Quintile 1,5
2020,"(CAH20) historical, philosophical and religious studies",(CAH20-01-04) heritage studies,Quintile 1,5
2021,"(CAH20) historical, philosophical and religious studies",(CAH20-01-04) heritage studies,Quintile 1,5
2022,"(CAH20) historical, philosophical and religious studies",(CAH20-01-04) heritage studies,Quintile 1,5
2023,"(CAH20) historical, philosophical and religious studies",(CAH20-01-04) heritage studies,Quintile 1,5
2024,"(CAH20) historical, philosophical and religious studies",(CAH20-01-04) heritage studies,Quintile 1,10
2019,(CAH11) computing,(CAH11-01-08) others in computing,Quintile 1,315
2020,(CAH11) computing,(CAH11-01-08) others in computing,Quintile 1,330
2021,(CAH11) computing,(CAH11-01-08) others in computing,Quintile 1,265
2022,(CAH11) computing,(CAH11-01-08) others in computing,Quintile 1,255
2023,(CAH11) computing,(CAH11-01-08) others in computing,Quintile 1,345
2024,(CAH11) computing,(CAH11-01-08) others in computing,Quintile 1,450
2019,(CAH11) computing,(CAH11-01-05) artificial intelligence,Quintile 1,35
2020,(CAH11) computing,(CAH11-01-05) artificial intelligence,Quintile 1,60
2021,(CAH11) computing,(CAH11-01-05) artificial intelligence,Quintile 1,75
2022,(CAH11) computing,(CAH11-01-05) artificial intelligence,Quintile 1,90
2023,(CAH11) computing,(CAH11-01-05) artificial intelligence,Quintile 1,105
2024,(CAH11) computing,(CAH11-01-05) artificial intelligence,Quintile 1,180
2019,(CAH11) computing,(CAH11-01-07) business computing,Quintile 1,305
2020,(CAH11) computing,(CAH11-01-07) business computing,Quintile 1,340
2021,(CAH11) computing,(CAH11-01-07) business computing,Quintile 1,255
2022,(CAH11) computing,(CAH11-01-07) business computing,Quintile 1,240
2023,(CAH11) computing,(CAH11-01-07) business computing,Quintile 1,220
2024,(CAH11) computing,(CAH11-01-07) business computing,Quintile 1,270
2019,(CAH11) computing,(CAH11-01-06) computer games and animation,Quintile 1,1180
2020,(CAH11) computing,(CAH11-01-06) computer games and animation,Quintile 1,1140
2021,(CAH11) computing,(CAH11-01-06) computer games and animation,Quintile 1,1090
2022,(CAH11) computing,(CAH11-01-06) computer games and animation,Quintile 1,1290
2023,(CAH11) computing,(CAH11-01-06) computer games and animation,Quintile 1,1315
2024,(CAH11) computing,(CAH11-01-06) computer games and animation,Quintile 1,1285
2019,(CAH11) computing,(CAH11-01-01) computer science,Quintile 1,2910
2020,(CAH11) computing,(CAH11-01-01) computer science,Quintile 1,3165
2021,(CAH11) computing,(CAH11-01-01) computer science,Quintile 1,3110
2022,(CAH11) computing,(CAH11-01-01) computer science,Quintile 1,3545
2023,(CAH11) computing,(CAH11-01-01) computer science,Quintile 1,3980
2024,(CAH11) computing,(CAH11-01-01) computer science,Quintile 1,4320
2019,(CAH11) computing,(CAH11-01-02) information technology,Quintile 1,290
2020,(CAH11) computing,(CAH11-01-02) information technology,Quintile 1,255
2021,(CAH11) computing,(CAH11-01-02) information technology,Quintile 1,280
2022,(CAH11) computing,(CAH11-01-02) information technology,Quintile 1,270
2023,(CAH11) computing,(CAH11-01-02) information technology,Quintile 1,245
2024,(CAH11) computing,(CAH11-01-02) information technology,Quintile 1,220
2019,(CAH11) computing,(CAH11-01-03) information systems,Quintile 1,210
2020,(CAH11) computing,(CAH11-01-03) information systems,Quintile 1,205
2021,(CAH11) computing,(CAH11-01-03) information systems,Quintile 1,185
2022,(CAH11) computing,(CAH11-01-03) information systems,Quintile 1,200
2023,(CAH11) computing,(CAH11-01-03) information systems,Quintile 1,175
2024,(CAH11) computing,(CAH11-01-03) information systems,Quintile 1,195
2019,(CAH11) computing,(CAH11-01-04) software engineering,Quintile 1,800
2020,(CAH11) computing,(CAH11-01-04) software engineering,Quintile 1,920
2021,(CAH11) computing,(CAH11-01-04) software engineering,Quintile 1,895
2022,(CAH11) computing,(CAH11-01-04) software engineering,Quintile 1,1200
2023,(CAH11) computing,(CAH11-01-04) software engineering,Quintile 1,1390
2024,(CAH11) computing,(CAH11-01-04) software engineering,Quintile 1,1645
2019,"(CAH26) geography, earth and environmental studies",(CAH26-01-06) earth sciences,Quintile 1,95
2020,"(CAH26) geography, earth and environmental studies",(CAH26-01-06) earth sciences,Quintile 1,120
2021,"(CAH26) geography, earth and environmental studies",(CAH26-01-06) earth sciences,Quintile 1,115
2022,"(CAH26) geography, earth and environmental studies",(CAH26-01-06) earth sciences,Quintile 1,115
2023,"(CAH26) geography, earth and environmental studies",(CAH26-01-06) earth sciences,Quintile 1,110
2024,"(CAH26) geography, earth and environmental studies",(CAH26-01-06) earth sciences,Quintile 1,135
2019,"(CAH26) geography, earth and environmental studies",(CAH26-01-04) environmental sciences,Quintile 1,90
2020,"(CAH26) geography, earth and environmental studies",(CAH26-01-04) environmental sciences,Quintile 1,115
2021,"(CAH26) geography, earth and environmental studies",(CAH26-01-04) environmental sciences,Quintile 1,120
2022,"(CAH26) geography, earth and environmental studies",(CAH26-01-04) environmental sciences,Quintile 1,115
2023,"(CAH26) geography, earth and environmental studies",(CAH26-01-04) environmental sciences,Quintile 1,100
2024,"(CAH26) geography, earth and environmental studies",(CAH26-01-04) environmental sciences,Quintile 1,110
2019,"(CAH26) geography, earth and environmental studies",(CAH26-01-02) physical geographical sciences,Quintile 1,170
2020,"(CAH26) geography, earth and environmental studies",(CAH26-01-02) physical geographical sciences,Quintile 1,155
2021,"(CAH26) geography, earth and environmental studies",(CAH26-01-02) physical geographical sciences,Quintile 1,150
2022,"(CAH26) geography, earth and environmental studies",(CAH26-01-02) physical geographical sciences,Quintile 1,160
2023,"(CAH26) geography, earth and environmental studies",(CAH26-01-02) physical geographical sciences,Quintile 1,150
2024,"(CAH26) geography, earth and environmental studies",(CAH26-01-02) physical geographical sciences,Quintile 1,150
2019,"(CAH26) geography, earth and environmental studies",(CAH26-01-01) geography (non-specific),Quintile 1,95
2020,"(CAH26) geography, earth and environmental studies",(CAH26-01-01) geography (non-specific),Quintile 1,90
2021,"(CAH26) geography, earth and environmental studies",(CAH26-01-01) geography (non-specific),Quintile 1,85
2022,"(CAH26) geography, earth and environmental studies",(CAH26-01-01) geography (non-specific),Quintile 1,75
2023,"(CAH26) geography, earth and environmental studies",(CAH26-01-01) geography (non-specific),Quintile 1,95
2024,"(CAH26) geography, earth and environmental studies",(CAH26-01-01) geography (non-specific),Quintile 1,80
2019,"(CAH26) geography, earth and environmental studies",(CAH26-01-03) human geography,Quintile 1,285
2020,"(CAH26) geography, earth and environmental studies",(CAH26-01-03) human geography,Quintile 1,190
2021,"(CAH26) geography, earth and environmental studies",(CAH26-01-03) human geography,Quintile 1,180
2022,"(CAH26) geography, earth and environmental studies",(CAH26-01-03) human geography,Quintile 1,175
2023,"(CAH26) geography, earth and environmental studies",(CAH26-01-03) human geography,Quintile 1,160
2024,"(CAH26) geography, earth and environmental studies",(CAH26-01-03) human geography,Quintile 1,175
2019,(CAH07) physical sciences,(CAH07-04-02) forensic and archaeological sciences,Quintile 1,515
2020,(CAH07) physical sciences,(CAH07-04-02) forensic and archaeological sciences,Quintile 1,545
2021,(CAH07) physical sciences,(CAH07-04-02) forensic and archaeological sciences,Quintile 1,570
2022,(CAH07) physical sciences,(CAH07-04-02) forensic and archaeological sciences,Quintile 1,560
2023,(CAH07) physical sciences,(CAH07-04-02) forensic and archaeological sciences,Quintile 1,545
2024,(CAH07) physical sciences,(CAH07-04-02) forensic and archaeological sciences,Quintile 1,535
2019,(CAH07) physical sciences,(CAH07-04-03) sciences (non-specific),Quintile 1,105
2020,(CAH07) physical sciences,(CAH07-04-03) sciences (non-specific),Quintile 1,125
2021,(CAH07) physical sciences,(CAH07-04-03) sciences (non-specific),Quintile 1,125
2022,(CAH07) physical sciences,(CAH07-04-03) sciences (non-specific),Quintile 1,300
2023,(CAH07) physical sciences,(CAH07-04-03) sciences (non-specific),Quintile 1,310
2024,(CAH07) physical sciences,(CAH07-04-03) sciences (non-specific),Quintile 1,415
2019,(CAH07) physical sciences,(CAH07-04-04) natural sciences (non-specific),Quintile 1,20
2020,(CAH07) physical sciences,(CAH07-04-04) natural sciences (non-specific),Quintile 1,30
2021,(CAH07) physical sciences,(CAH07-04-04) natural sciences (non-specific),Quintile 1,35
2022,(CAH07) physical sciences,(CAH07-04-04) natural sciences (non-specific),Quintile 1,30
2023,(CAH07) physical sciences,(CAH07-04-04) natural sciences (non-specific),Quintile 1,20
2024,(CAH07) physical sciences,(CAH07-04-04) natural sciences (non-specific),Quintile 1,35
2019,(CAH07) physical sciences,(CAH07-02-01) chemistry,Quintile 1,810
2020,(CAH07) physical sciences,(CAH07-02-01) chemistry,Quintile 1,750
2021,(CAH07) physical sciences,(CAH07-02-01) chemistry,Quintile 1,735
2022,(CAH07) physical sciences,(CAH07-02-01) chemistry,Quintile 1,680
2023,(CAH07) physical sciences,(CAH07-02-01) chemistry,Quintile 1,705
2024,(CAH07) physical sciences,(CAH07-02-01) chemistry,Quintile 1,775
2019,(CAH07) physical sciences,(CAH07-01-02) astronomy,Quintile 1,40
2020,(CAH07) physical sciences,(CAH07-01-02) astronomy,Quintile 1,70
2021,(CAH07) physical sciences,(CAH07-01-02) astronomy,Quintile 1,85
2022,(CAH07) physical sciences,(CAH07-01-02) astronomy,Quintile 1,80
2023,(CAH07) physical sciences,(CAH07-01-02) astronomy,Quintile 1,65
2024,(CAH07) physical sciences,(CAH07-01-02) astronomy,Quintile 1,90
2019,(CAH07) physical sciences,(CAH07-01-01) physics,Quintile 1,450
2020,(CAH07) physical sciences,(CAH07-01-01) physics,Quintile 1,460
2021,(CAH07) physical sciences,(CAH07-01-01) physics,Quintile 1,475
2022,(CAH07) physical sciences,(CAH07-01-01) physics,Quintile 1,415
2023,(CAH07) physical sciences,(CAH07-01-01) physics,Quintile 1,445
2024,(CAH07) physical sciences,(CAH07-01-01) physics,Quintile 1,485
2019,(CAH07) physical sciences,(CAH07-04-01) physical sciences (non-specific),Quintile 1,30
2020,(CAH07) physical sciences,(CAH07-04-01) physical sciences (non-specific),Quintile 1,10
2021,(CAH07) physical sciences,(CAH07-04-01) physical sciences (non-specific),Quintile 1,10
2022,(CAH07) physical sciences,(CAH07-04-01) physical sciences (non-specific),Quintile 1,10
2023,(CAH07) physical sciences,(CAH07-04-01) physical sciences (non-specific),Quintile 1,15
2024,(CAH07) physical sciences,(CAH07-04-01) physical sciences (non-specific),Quintile 1,15
2019,(CAH04) psychology,(CAH04-01-02) applied psychology,Quintile 1,530
2020,(CAH04) psychology,(CAH04-01-02) applied psychology,Quintile 1,645
2021,(CAH04) psychology,(CAH04-01-02) applied psychology,Quintile 1,590
2022,(CAH04) psychology,(CAH04-01-02) applied psychology,Quintile 1,565
2023,(CAH04) psychology,(CAH04-01-02) applied psychology,Quintile 1,575
2024,(CAH04) psychology,(CAH04-01-02) applied psychology,Quintile 1,670
2019,(CAH04) psychology,(CAH04-01-04) psychology and health,Quintile 1,60
2020,(CAH04) psychology,(CAH04-01-04) psychology and health,Quintile 1,65
2021,(CAH04) psychology,(CAH04-01-04) psychology and health,Quintile 1,80
2022,(CAH04) psychology,(CAH04-01-04) psychology and health,Quintile 1,70
2023,(CAH04) psychology,(CAH04-01-04) psychology and health,Quintile 1,50
2024,(CAH04) psychology,(CAH04-01-04) psychology and health,Quintile 1,70
2019,(CAH04) psychology,(CAH04-01-03) developmental psychology,Quintile 1,100
2020,(CAH04) psychology,(CAH04-01-03) developmental psychology,Quintile 1,120
2021,(CAH04) psychology,(CAH04-01-03) developmental psychology,Quintile 1,125
2022,(CAH04) psychology,(CAH04-01-03) developmental psychology,Quintile 1,100
2023,(CAH04) psychology,(CAH04-01-03) developmental psychology,Quintile 1,100
2024,(CAH04) psychology,(CAH04-01-03) developmental psychology,Quintile 1,110
2019,(CAH04) psychology,(CAH04-01-01) psychology (non-specific),Quintile 1,3890
2020,(CAH04) psychology,(CAH04-01-01) psychology (non-specific),Quintile 1,4020
2021,(CAH04) psychology,(CAH04-01-01) psychology (non-specific),Quintile 1,3945
2022,(CAH04) psychology,(CAH04-01-01) psychology (non-specific),Quintile 1,4055
2023,(CAH04) psychology,(CAH04-01-01) psychology (non-specific),Quintile 1,3870
2024,(CAH04) psychology,(CAH04-01-01) psychology (non-specific),Quintile 1,3715
2019,(CAH04) psychology,(CAH04-01-05) others in psychology,Quintile 1,85
2020,(CAH04) psychology,(CAH04-01-05) others in psychology,Quintile 1,95
2021,(CAH04) psychology,(CAH04-01-05) others in psychology,Quintile 1,75
2022,(CAH04) psychology,(CAH04-01-05) others in psychology,Quintile 1,75
2023,(CAH04) psychology,(CAH04-01-05) others in psychology,Quintile 1,70
2024,(CAH04) psychology,(CAH04-01-05) others in psychology,Quintile 1,60
2019,(CAH09) mathematical sciences,(CAH09-01-01) mathematics,Quintile 1,920
2020,(CAH09) mathematical sciences,(CAH09-01-01) mathematics,Quintile 1,955
2021,(CAH09) mathematical sciences,(CAH09-01-01) mathematics,Quintile 1,885
2022,(CAH09) mathematical sciences,(CAH09-01-01) mathematics,Quintile 1,830
2023,(CAH09) mathematical sciences,(CAH09-01-01) mathematics,Quintile 1,880
2024,(CAH09) mathematical sciences,(CAH09-01-01) mathematics,Quintile 1,900
2019,(CAH09) mathematical sciences,(CAH09-01-02) operational research,Quintile 1,5
2020,(CAH09) mathematical sciences,(CAH09-01-02) operational research,Quintile 1,5
2021,(CAH09) mathematical sciences,(CAH09-01-02) operational research,Quintile 1,5
2022,(CAH09) mathematical sciences,(CAH09-01-02) operational research,Quintile 1,5
2023,(CAH09) mathematical sciences,(CAH09-01-02) operational research,Quintile 1,5
2024,(CAH09) mathematical sciences,(CAH09-01-02) operational research,Quintile 1,5
2019,(CAH09) mathematical sciences,(CAH09-01-03) statistics,Quintile 1,25
2020,(CAH09) mathematical sciences,(CAH09-01-03) statistics,Quintile 1,30
2021,(CAH09) mathematical sciences,(CAH09-01-03) statistics,Quintile 1,40
2022,(CAH09) mathematical sciences,(CAH09-01-03) statistics,Quintile 1,35
2023,(CAH09) mathematical sciences,(CAH09-01-03) statistics,Quintile 1,35
2024,(CAH09) mathematical sciences,(CAH09-01-03) statistics,Quintile 1,35
2019,(CAH22) education and teaching,(CAH22-01-01) education,Quintile 1,1850
2020,(CAH22) education and teaching,(CAH22-01-01) education,Quintile 1,1740
2021,(CAH22) education and teaching,(CAH22-01-01) education,Quintile 1,1605
2022,(CAH22) education and teaching,(CAH22-01-01) education,Quintile 1,1605
2023,(CAH22) education and teaching,(CAH22-01-01) education,Quintile 1,1475
2024,(CAH22) education and teaching,(CAH22-01-01) education,Quintile 1,1585
2019,(CAH22) education and teaching,(CAH22-01-02) teacher training,Quintile 1,1435
2020,(CAH22) education and teaching,(CAH22-01-02) teacher training,Quintile 1,1770
2021,(CAH22) education and teaching,(CAH22-01-02) teacher training,Quintile 1,1745
2022,(CAH22) education and teaching,(CAH22-01-02) teacher training,Quintile 1,1760
2023,(CAH22) education and teaching,(CAH22-01-02) teacher training,Quintile 1,1675
2024,(CAH22) education and teaching,(CAH22-01-02) teacher training,Quintile 1,1715
2019,"(CAH06) agriculture, food and related studies",(CAH06-01-04) rural estate management,Quintile 1,10
2020,"(CAH06) agriculture, food and related studies",(CAH06-01-04) rural estate management,Quintile 1,15
2021,"(CAH06) agriculture, food and related studies",(CAH06-01-04) rural estate management,Quintile 1,15
2022,"(CAH06) agriculture, food and related studies",(CAH06-01-04) rural estate management,Quintile 1,15
2023,"(CAH06) agriculture, food and related studies",(CAH06-01-04) rural estate management,Quintile 1,10
2024,"(CAH06) agriculture, food and related studies",(CAH06-01-04) rural estate management,Quintile 1,15
2019,"(CAH06) agriculture, food and related studies",(CAH06-01-02) agricultural sciences,Quintile 1,5
2020,"(CAH06) agriculture, food and related studies",(CAH06-01-02) agricultural sciences,Quintile 1,5
2021,"(CAH06) agriculture, food and related studies",(CAH06-01-02) agricultural sciences,Quintile 1,5
2024,"(CAH06) agriculture, food and related studies",(CAH06-01-02) agricultural sciences,Quintile 1,10
2019,"(CAH06) agriculture, food and related studies",(CAH06-01-03) agriculture,Quintile 1,190
2020,"(CAH06) agriculture, food and related studies",(CAH06-01-03) agriculture,Quintile 1,260
2021,"(CAH06) agriculture, food and related studies",(CAH06-01-03) agriculture,Quintile 1,220
2022,"(CAH06) agriculture, food and related studies",(CAH06-01-03) agriculture,Quintile 1,215
2023,"(CAH06) agriculture, food and related studies",(CAH06-01-03) agriculture,Quintile 1,165
2024,"(CAH06) agriculture, food and related studies",(CAH06-01-03) agriculture,Quintile 1,175
2019,"(CAH06) agriculture, food and related studies",(CAH06-01-01) animal science,Quintile 1,350
2020,"(CAH06) agriculture, food and related studies",(CAH06-01-01) animal science,Quintile 1,330
2021,"(CAH06) agriculture, food and related studies",(CAH06-01-01) animal science,Quintile 1,340
2022,"(CAH06) agriculture, food and related studies",(CAH06-01-01) animal science,Quintile 1,320
2023,"(CAH06) agriculture, food and related studies",(CAH06-01-01) animal science,Quintile 1,265
2024,"(CAH06) agriculture, food and related studies",(CAH06-01-01) animal science,Quintile 1,270
2019,"(CAH06) agriculture, food and related studies",(CAH06-01-05) forestry and arboriculture,Quintile 1,10
2020,"(CAH06) agriculture, food and related studies",(CAH06-01-05) forestry and arboriculture,Quintile 1,5
2021,"(CAH06) agriculture, food and related studies",(CAH06-01-05) forestry and arboriculture,Quintile 1,10
2022,"(CAH06) agriculture, food and related studies",(CAH06-01-05) forestry and arboriculture,Quintile 1,10
2023,"(CAH06) agriculture, food and related studies",(CAH06-01-05) forestry and arboriculture,Quintile 1,10
2024,"(CAH06) agriculture, food and related studies",(CAH06-01-05) forestry and arboriculture,Quintile 1,5
2019,"(CAH06) agriculture, food and related studies",(CAH06-01-08) food and beverage production,Quintile 1,60
2020,"(CAH06) agriculture, food and related studies",(CAH06-01-08) food and beverage production,Quintile 1,40
2021,"(CAH06) agriculture, food and related studies",(CAH06-01-08) food and beverage production,Quintile 1,65
2022,"(CAH06) agriculture, food and related studies",(CAH06-01-08) food and beverage production,Quintile 1,30
2023,"(CAH06) agriculture, food and related studies",(CAH06-01-08) food and beverage production,Quintile 1,35
2024,"(CAH06) agriculture, food and related studies",(CAH06-01-08) food and beverage production,Quintile 1,35
2019,"(CAH06) agriculture, food and related studies",(CAH06-01-07) food sciences,Quintile 1,35
2020,"(CAH06) agriculture, food and related studies",(CAH06-01-07) food sciences,Quintile 1,60
2021,"(CAH06) agriculture, food and related studies",(CAH06-01-07) food sciences,Quintile 1,50
2022,"(CAH06) agriculture, food and related studies",(CAH06-01-07) food sciences,Quintile 1,65
2023,"(CAH06) agriculture, food and related studies",(CAH06-01-07) food sciences,Quintile 1,50
2024,"(CAH06) agriculture, food and related studies",(CAH06-01-07) food sciences,Quintile 1,50
2019,"(CAH06) agriculture, food and related studies",(CAH06-01-06) food and beverage studies (non-specific),Quintile 1,15
2020,"(CAH06) agriculture, food and related studies",(CAH06-01-06) food and beverage studies (non-specific),Quintile 1,15
2021,"(CAH06) agriculture, food and related studies",(CAH06-01-06) food and beverage studies (non-specific),Quintile 1,25
2022,"(CAH06) agriculture, food and related studies",(CAH06-01-06) food and beverage studies (non-specific),Quintile 1,20
2023,"(CAH06) agriculture, food and related studies",(CAH06-01-06) food and beverage studies (non-specific),Quintile 1,10
2024,"(CAH06) agriculture, food and related studies",(CAH06-01-06) food and beverage studies (non-specific),Quintile 1,20
2019,(CAH16) law,(CAH16-01-01) law,Quintile 1,4860
2020,(CAH16) law,(CAH16-01-01) law,Quintile 1,5110
2021,(CAH16) law,(CAH16-01-01) law,Quintile 1,5340
2022,(CAH16) law,(CAH16-01-01) law,Quintile 1,5440
2023,(CAH16) law,(CAH16-01-01) law,Quintile 1,5515
2024,(CAH16) law,(CAH16-01-01) law,Quintile 1,6095
2019,(CAH05) veterinary sciences,(CAH05-01-01) veterinary medicine and dentistry,Quintile 1,60
2020,(CAH05) veterinary sciences,(CAH05-01-01) veterinary medicine and dentistry,Quintile 1,95
2021,(CAH05) veterinary sciences,(CAH05-01-01) veterinary medicine and dentistry,Quintile 1,85
2022,(CAH05) veterinary sciences,(CAH05-01-01) veterinary medicine and dentistry,Quintile 1,80
2023,(CAH05) veterinary sciences,(CAH05-01-01) veterinary medicine and dentistry,Quintile 1,110
2024,(CAH05) veterinary sciences,(CAH05-01-01) veterinary medicine and dentistry,Quintile 1,105
2019,(CAH05) veterinary sciences,(CAH05-01-02) others in veterinary sciences,Quintile 1,110
2020,(CAH05) veterinary sciences,(CAH05-01-02) others in veterinary sciences,Quintile 1,130
2021,(CAH05) veterinary sciences,(CAH05-01-02) others in veterinary sciences,Quintile 1,130
2022,(CAH05) veterinary sciences,(CAH05-01-02) others in veterinary sciences,Quintile 1,130
2023,(CAH05) veterinary sciences,(CAH05-01-02) others in veterinary sciences,Quintile 1,115
2024,(CAH05) veterinary sciences,(CAH05-01-02) others in veterinary sciences,Quintile 1,110
2019,"(CAH25) design, and creative and performing arts",(CAH25-01-03) design studies,Quintile 2,2935
2020,"(CAH25) design, and creative and performing arts",(CAH25-01-03) design studies,Quintile 2,3070
2021,"(CAH25) design, and creative and performing arts",(CAH25-01-03) design studies,Quintile 2,2920
2022,"(CAH25) design, and creative and performing arts",(CAH25-01-03) design studies,Quintile 2,3055
2023,"(CAH25) design, and creative and performing arts",(CAH25-01-03) design studies,Quintile 2,2880
2024,"(CAH25) design, and creative and performing arts",(CAH25-01-03) design studies,Quintile 2,3045
2019,"(CAH25) design, and creative and performing arts",(CAH25-02-02) music,Quintile 2,1620
2020,"(CAH25) design, and creative and performing arts",(CAH25-02-02) music,Quintile 2,1605
2021,"(CAH25) design, and creative and performing arts",(CAH25-02-02) music,Quintile 2,1565
2022,"(CAH25) design, and creative and performing arts",(CAH25-02-02) music,Quintile 2,1650
2023,"(CAH25) design, and creative and performing arts",(CAH25-02-02) music,Quintile 2,1515
2024,"(CAH25) design, and creative and performing arts",(CAH25-02-02) music,Quintile 2,1545
2019,"(CAH25) design, and creative and performing arts",(CAH25-01-04) cinematics and photography,Quintile 2,1775
2020,"(CAH25) design, and creative and performing arts",(CAH25-01-04) cinematics and photography,Quintile 2,1860
2021,"(CAH25) design, and creative and performing arts",(CAH25-01-04) cinematics and photography,Quintile 2,1745
2022,"(CAH25) design, and creative and performing arts",(CAH25-01-04) cinematics and photography,Quintile 2,1715
2023,"(CAH25) design, and creative and performing arts",(CAH25-01-04) cinematics and photography,Quintile 2,1560
2024,"(CAH25) design, and creative and performing arts",(CAH25-01-04) cinematics and photography,Quintile 2,1625
2019,"(CAH25) design, and creative and performing arts",(CAH25-01-02) art,Quintile 2,720
2020,"(CAH25) design, and creative and performing arts",(CAH25-01-02) art,Quintile 2,765
2021,"(CAH25) design, and creative and performing arts",(CAH25-01-02) art,Quintile 2,745
2022,"(CAH25) design, and creative and performing arts",(CAH25-01-02) art,Quintile 2,810
2023,"(CAH25) design, and creative and performing arts",(CAH25-01-02) art,Quintile 2,730
2024,"(CAH25) design, and creative and performing arts",(CAH25-01-02) art,Quintile 2,735
2019,"(CAH25) design, and creative and performing arts",(CAH25-02-03) drama,Quintile 2,980
2020,"(CAH25) design, and creative and performing arts",(CAH25-02-03) drama,Quintile 2,1030
2021,"(CAH25) design, and creative and performing arts",(CAH25-02-03) drama,Quintile 2,960
2022,"(CAH25) design, and creative and performing arts",(CAH25-02-03) drama,Quintile 2,1000
2023,"(CAH25) design, and creative and performing arts",(CAH25-02-03) drama,Quintile 2,955
2024,"(CAH25) design, and creative and performing arts",(CAH25-02-03) drama,Quintile 2,980
2019,"(CAH25) design, and creative and performing arts",(CAH25-02-04) dance,Quintile 2,195
2020,"(CAH25) design, and creative and performing arts",(CAH25-02-04) dance,Quintile 2,200
2021,"(CAH25) design, and creative and performing arts",(CAH25-02-04) dance,Quintile 2,195
2022,"(CAH25) design, and creative and performing arts",(CAH25-02-04) dance,Quintile 2,205
2023,"(CAH25) design, and creative and performing arts",(CAH25-02-04) dance,Quintile 2,210
2024,"(CAH25) design, and creative and performing arts",(CAH25-02-04) dance,Quintile 2,185
2019,"(CAH25) design, and creative and performing arts",(CAH25-02-01) performing arts (non-specific),Quintile 2,140
2020,"(CAH25) design, and creative and performing arts",(CAH25-02-01) performing arts (non-specific),Quintile 2,105
2021,"(CAH25) design, and creative and performing arts",(CAH25-02-01) performing arts (non-specific),Quintile 2,100
2022,"(CAH25) design, and creative and performing arts",(CAH25-02-01) performing arts (non-specific),Quintile 2,85
2023,"(CAH25) design, and creative and performing arts",(CAH25-02-01) performing arts (non-specific),Quintile 2,85
2024,"(CAH25) design, and creative and performing arts",(CAH25-02-01) performing arts (non-specific),Quintile 2,80
2019,"(CAH25) design, and creative and performing arts",(CAH25-01-05) others in creative arts and design,Quintile 2,180
2020,"(CAH25) design, and creative and performing arts",(CAH25-01-05) others in creative arts and design,Quintile 2,200
2021,"(CAH25) design, and creative and performing arts",(CAH25-01-05) others in creative arts and design,Quintile 2,170
2022,"(CAH25) design, and creative and performing arts",(CAH25-01-05) others in creative arts and design,Quintile 2,170
2023,"(CAH25) design, and creative and performing arts",(CAH25-01-05) others in creative arts and design,Quintile 2,140
2024,"(CAH25) design, and creative and performing arts",(CAH25-01-05) others in creative arts and design,Quintile 2,130
2019,"(CAH25) design, and creative and performing arts",(CAH25-01-01) creative arts and design (non-specific),Quintile 2,125
2020,"(CAH25) design, and creative and performing arts",(CAH25-01-01) creative arts and design (non-specific),Quintile 2,140
2021,"(CAH25) design, and creative and performing arts",(CAH25-01-01) creative arts and design (non-specific),Quintile 2,140
2022,"(CAH25) design, and creative and performing arts",(CAH25-01-01) creative arts and design (non-specific),Quintile 2,140
2023,"(CAH25) design, and creative and performing arts",(CAH25-01-01) creative arts and design (non-specific),Quintile 2,155
2024,"(CAH25) design, and creative and performing arts",(CAH25-01-01) creative arts and design (non-specific),Quintile 2,175
2019,(CAH10) engineering and technology,"(CAH10-01-06) bioengineering, medical and biomedical engineering",Quintile 2,160
2020,(CAH10) engineering and technology,"(CAH10-01-06) bioengineering, medical and biomedical engineering",Quintile 2,160
2021,(CAH10) engineering and technology,"(CAH10-01-06) bioengineering, medical and biomedical engineering",Quintile 2,190
2022,(CAH10) engineering and technology,"(CAH10-01-06) bioengineering, medical and biomedical engineering",Quintile 2,230
2023,(CAH10) engineering and technology,"(CAH10-01-06) bioengineering, medical and biomedical engineering",Quintile 2,210
2024,(CAH10) engineering and technology,"(CAH10-01-06) bioengineering, medical and biomedical engineering",Quintile 2,220
2019,(CAH10) engineering and technology,(CAH10-03-02) materials technology,Quintile 2,20
2020,(CAH10) engineering and technology,(CAH10-03-02) materials technology,Quintile 2,25
2021,(CAH10) engineering and technology,(CAH10-03-02) materials technology,Quintile 2,15
2022,(CAH10) engineering and technology,(CAH10-03-02) materials technology,Quintile 2,20
2023,(CAH10) engineering and technology,(CAH10-03-02) materials technology,Quintile 2,25
2024,(CAH10) engineering and technology,(CAH10-03-02) materials technology,Quintile 2,35
2019,(CAH10) engineering and technology,(CAH10-03-06) others in technology,Quintile 2,130
2020,(CAH10) engineering and technology,(CAH10-03-06) others in technology,Quintile 2,165
2021,(CAH10) engineering and technology,(CAH10-03-06) others in technology,Quintile 2,145
2022,(CAH10) engineering and technology,(CAH10-03-06) others in technology,Quintile 2,170
2023,(CAH10) engineering and technology,(CAH10-03-06) others in technology,Quintile 2,145
2024,(CAH10) engineering and technology,(CAH10-03-06) others in technology,Quintile 2,180
2019,(CAH10) engineering and technology,(CAH10-01-03) production and manufacturing engineering,Quintile 2,270
2020,(CAH10) engineering and technology,(CAH10-01-03) production and manufacturing engineering,Quintile 2,255
2021,(CAH10) engineering and technology,(CAH10-01-03) production and manufacturing engineering,Quintile 2,290
2022,(CAH10) engineering and technology,(CAH10-01-03) production and manufacturing engineering,Quintile 2,330
2023,(CAH10) engineering and technology,(CAH10-01-03) production and manufacturing engineering,Quintile 2,270
2024,(CAH10) engineering and technology,(CAH10-01-03) production and manufacturing engineering,Quintile 2,345
2019,(CAH10) engineering and technology,(CAH10-01-04) aeronautical and aerospace engineering,Quintile 2,575
2020,(CAH10) engineering and technology,(CAH10-01-04) aeronautical and aerospace engineering,Quintile 2,605
2021,(CAH10) engineering and technology,(CAH10-01-04) aeronautical and aerospace engineering,Quintile 2,650
2022,(CAH10) engineering and technology,(CAH10-01-04) aeronautical and aerospace engineering,Quintile 2,605
2023,(CAH10) engineering and technology,(CAH10-01-04) aeronautical and aerospace engineering,Quintile 2,620
2024,(CAH10) engineering and technology,(CAH10-01-04) aeronautical and aerospace engineering,Quintile 2,705
2019,(CAH10) engineering and technology,(CAH10-01-08) electrical and electronic engineering,Quintile 2,645
2020,(CAH10) engineering and technology,(CAH10-01-08) electrical and electronic engineering,Quintile 2,635
2021,(CAH10) engineering and technology,(CAH10-01-08) electrical and electronic engineering,Quintile 2,720
2022,(CAH10) engineering and technology,(CAH10-01-08) electrical and electronic engineering,Quintile 2,670
2023,(CAH10) engineering and technology,(CAH10-01-08) electrical and electronic engineering,Quintile 2,690
2024,(CAH10) engineering and technology,(CAH10-01-08) electrical and electronic engineering,Quintile 2,745
2019,(CAH10) engineering and technology,(CAH10-01-07) civil engineering,Quintile 2,665
2020,(CAH10) engineering and technology,(CAH10-01-07) civil engineering,Quintile 2,715
2021,(CAH10) engineering and technology,(CAH10-01-07) civil engineering,Quintile 2,740
2022,(CAH10) engineering and technology,(CAH10-01-07) civil engineering,Quintile 2,645
2023,(CAH10) engineering and technology,(CAH10-01-07) civil engineering,Quintile 2,640
2024,(CAH10) engineering and technology,(CAH10-01-07) civil engineering,Quintile 2,600
2019,(CAH10) engineering and technology,(CAH10-03-05) biotechnology,Quintile 2,20
2020,(CAH10) engineering and technology,(CAH10-03-05) biotechnology,Quintile 2,20
2021,(CAH10) engineering and technology,(CAH10-03-05) biotechnology,Quintile 2,20
2022,(CAH10) engineering and technology,(CAH10-03-05) biotechnology,Quintile 2,15
2023,(CAH10) engineering and technology,(CAH10-03-05) biotechnology,Quintile 2,25
2024,(CAH10) engineering and technology,(CAH10-03-05) biotechnology,Quintile 2,25
2019,(CAH10) engineering and technology,"(CAH10-01-09) chemical, process and energy engineering",Quintile 2,365
2020,(CAH10) engineering and technology,"(CAH10-01-09) chemical, process and energy engineering",Quintile 2,330
2021,(CAH10) engineering and technology,"(CAH10-01-09) chemical, process and energy engineering",Quintile 2,335
2022,(CAH10) engineering and technology,"(CAH10-01-09) chemical, process and energy engineering",Quintile 2,295
2023,(CAH10) engineering and technology,"(CAH10-01-09) chemical, process and energy engineering",Quintile 2,325
2024,(CAH10) engineering and technology,"(CAH10-01-09) chemical, process and energy engineering",Quintile 2,340
2019,(CAH10) engineering and technology,(CAH10-03-03) polymers and textiles,Quintile 2,5
2020,(CAH10) engineering and technology,(CAH10-03-03) polymers and textiles,Quintile 2,5
2021,(CAH10) engineering and technology,(CAH10-03-03) polymers and textiles,Quintile 2,5
2022,(CAH10) engineering and technology,(CAH10-03-03) polymers and textiles,Quintile 2,10
2023,(CAH10) engineering and technology,(CAH10-03-03) polymers and textiles,Quintile 2,10
2024,(CAH10) engineering and technology,(CAH10-03-03) polymers and textiles,Quintile 2,5
2019,(CAH10) engineering and technology,(CAH10-01-01) engineering (non-specific),Quintile 2,680
2020,(CAH10) engineering and technology,(CAH10-01-01) engineering (non-specific),Quintile 2,630
2021,(CAH10) engineering and technology,(CAH10-01-01) engineering (non-specific),Quintile 2,690
2022,(CAH10) engineering and technology,(CAH10-01-01) engineering (non-specific),Quintile 2,610
2023,(CAH10) engineering and technology,(CAH10-01-01) engineering (non-specific),Quintile 2,565
2024,(CAH10) engineering and technology,(CAH10-01-01) engineering (non-specific),Quintile 2,665
2019,(CAH10) engineering and technology,(CAH10-01-10) others in engineering,Quintile 2,5
2020,(CAH10) engineering and technology,(CAH10-01-10) others in engineering,Quintile 2,5
2019,(CAH10) engineering and technology,(CAH10-01-02) mechanical engineering,Quintile 2,1025
2020,(CAH10) engineering and technology,(CAH10-01-02) mechanical engineering,Quintile 2,1115
2021,(CAH10) engineering and technology,(CAH10-01-02) mechanical engineering,Quintile 2,1175
2022,(CAH10) engineering and technology,(CAH10-01-02) mechanical engineering,Quintile 2,1080
2023,(CAH10) engineering and technology,(CAH10-01-02) mechanical engineering,Quintile 2,1020
2024,(CAH10) engineering and technology,(CAH10-01-02) mechanical engineering,Quintile 2,1160
2019,(CAH10) engineering and technology,(CAH10-03-04) maritime technology,Quintile 2,10
2020,(CAH10) engineering and technology,(CAH10-03-04) maritime technology,Quintile 2,5
2021,(CAH10) engineering and technology,(CAH10-03-04) maritime technology,Quintile 2,10
2022,(CAH10) engineering and technology,(CAH10-03-04) maritime technology,Quintile 2,10
2023,(CAH10) engineering and technology,(CAH10-03-04) maritime technology,Quintile 2,10
2024,(CAH10) engineering and technology,(CAH10-03-04) maritime technology,Quintile 2,5
2019,(CAH10) engineering and technology,(CAH10-01-05) naval architecture,Quintile 2,5
2020,(CAH10) engineering and technology,(CAH10-01-05) naval architecture,Quintile 2,5
2021,(CAH10) engineering and technology,(CAH10-01-05) naval architecture,Quintile 2,5
2022,(CAH10) engineering and technology,(CAH10-01-05) naval architecture,Quintile 2,5
2023,(CAH10) engineering and technology,(CAH10-01-05) naval architecture,Quintile 2,5
2024,(CAH10) engineering and technology,(CAH10-01-05) naval architecture,Quintile 2,10
2019,(CAH10) engineering and technology,(CAH10-03-07) materials science,Quintile 2,30
2020,(CAH10) engineering and technology,(CAH10-03-07) materials science,Quintile 2,25
2021,(CAH10) engineering and technology,(CAH10-03-07) materials science,Quintile 2,25
2022,(CAH10) engineering and technology,(CAH10-03-07) materials science,Quintile 2,20
2023,(CAH10) engineering and technology,(CAH10-03-07) materials science,Quintile 2,20
2024,(CAH10) engineering and technology,(CAH10-03-07) materials science,Quintile 2,20
2019,(CAH02) subjects allied to medicine,(CAH02-06-03) ophthalmics,Quintile 2,255
2020,(CAH02) subjects allied to medicine,(CAH02-06-03) ophthalmics,Quintile 2,275
2021,(CAH02) subjects allied to medicine,(CAH02-06-03) ophthalmics,Quintile 2,285
2022,(CAH02) subjects allied to medicine,(CAH02-06-03) ophthalmics,Quintile 2,295
2023,(CAH02) subjects allied to medicine,(CAH02-06-03) ophthalmics,Quintile 2,285
2024,(CAH02) subjects allied to medicine,(CAH02-06-03) ophthalmics,Quintile 2,255
2019,(CAH02) subjects allied to medicine,"(CAH02-05-04) anatomy, physiology and pathology",Quintile 2,145
2020,(CAH02) subjects allied to medicine,"(CAH02-05-04) anatomy, physiology and pathology",Quintile 2,155
2021,(CAH02) subjects allied to medicine,"(CAH02-05-04) anatomy, physiology and pathology",Quintile 2,170
2022,(CAH02) subjects allied to medicine,"(CAH02-05-04) anatomy, physiology and pathology",Quintile 2,155
2023,(CAH02) subjects allied to medicine,"(CAH02-05-04) anatomy, physiology and pathology",Quintile 2,135
2024,(CAH02) subjects allied to medicine,"(CAH02-05-04) anatomy, physiology and pathology",Quintile 2,130
2019,(CAH02) subjects allied to medicine,(CAH02-05-01) medical technology,Quintile 2,370
2020,(CAH02) subjects allied to medicine,(CAH02-05-01) medical technology,Quintile 2,425
2021,(CAH02) subjects allied to medicine,(CAH02-05-01) medical technology,Quintile 2,440
2022,(CAH02) subjects allied to medicine,(CAH02-05-01) medical technology,Quintile 2,420
2023,(CAH02) subjects allied to medicine,(CAH02-05-01) medical technology,Quintile 2,445
2024,(CAH02) subjects allied to medicine,(CAH02-05-01) medical technology,Quintile 2,555
2019,(CAH02) subjects allied to medicine,(CAH02-06-06) complementary and alternative medicine,Quintile 2,210
2020,(CAH02) subjects allied to medicine,(CAH02-06-06) complementary and alternative medicine,Quintile 2,240
2021,(CAH02) subjects allied to medicine,(CAH02-06-06) complementary and alternative medicine,Quintile 2,270
2022,(CAH02) subjects allied to medicine,(CAH02-06-06) complementary and alternative medicine,Quintile 2,255
2023,(CAH02) subjects allied to medicine,(CAH02-06-06) complementary and alternative medicine,Quintile 2,210
2024,(CAH02) subjects allied to medicine,(CAH02-06-06) complementary and alternative medicine,Quintile 2,220
2019,(CAH02) subjects allied to medicine,(CAH02-06-01) health sciences (non-specific),Quintile 2,985
2020,(CAH02) subjects allied to medicine,(CAH02-06-01) health sciences (non-specific),Quintile 2,1160
2021,(CAH02) subjects allied to medicine,(CAH02-06-01) health sciences (non-specific),Quintile 2,1215
2022,(CAH02) subjects allied to medicine,(CAH02-06-01) health sciences (non-specific),Quintile 2,1210
2023,(CAH02) subjects allied to medicine,(CAH02-06-01) health sciences (non-specific),Quintile 2,1145
2024,(CAH02) subjects allied to medicine,(CAH02-06-01) health sciences (non-specific),Quintile 2,1265
2019,(CAH02) subjects allied to medicine,(CAH02-06-02) nutrition and dietetics,Quintile 2,255
2020,(CAH02) subjects allied to medicine,(CAH02-06-02) nutrition and dietetics,Quintile 2,265
2021,(CAH02) subjects allied to medicine,(CAH02-06-02) nutrition and dietetics,Quintile 2,280
2022,(CAH02) subjects allied to medicine,(CAH02-06-02) nutrition and dietetics,Quintile 2,215
2023,(CAH02) subjects allied to medicine,(CAH02-06-02) nutrition and dietetics,Quintile 2,220
2024,(CAH02) subjects allied to medicine,(CAH02-06-02) nutrition and dietetics,Quintile 2,190
2019,(CAH02) subjects allied to medicine,(CAH02-06-04) environmental and public health,Quintile 2,160
2020,(CAH02) subjects allied to medicine,(CAH02-06-04) environmental and public health,Quintile 2,130
2021,(CAH02) subjects allied to medicine,(CAH02-06-04) environmental and public health,Quintile 2,180
2022,(CAH02) subjects allied to medicine,(CAH02-06-04) environmental and public health,Quintile 2,105
2023,(CAH02) subjects allied to medicine,(CAH02-06-04) environmental and public health,Quintile 2,100
2024,(CAH02) subjects allied to medicine,(CAH02-06-04) environmental and public health,Quintile 2,125
2019,(CAH02) subjects allied to medicine,"(CAH02-06-07) counselling, psychotherapy and occupational therapy",Quintile 2,650
2020,(CAH02) subjects allied to medicine,"(CAH02-06-07) counselling, psychotherapy and occupational therapy",Quintile 2,720
2021,(CAH02) subjects allied to medicine,"(CAH02-06-07) counselling, psychotherapy and occupational therapy",Quintile 2,720
2022,(CAH02) subjects allied to medicine,"(CAH02-06-07) counselling, psychotherapy and occupational therapy",Quintile 2,695
2023,(CAH02) subjects allied to medicine,"(CAH02-06-07) counselling, psychotherapy and occupational therapy",Quintile 2,720
2024,(CAH02) subjects allied to medicine,"(CAH02-06-07) counselling, psychotherapy and occupational therapy",Quintile 2,730
2019,(CAH02) subjects allied to medicine,(CAH02-02-01) pharmacology,Quintile 2,230
2020,(CAH02) subjects allied to medicine,(CAH02-02-01) pharmacology,Quintile 2,205
2021,(CAH02) subjects allied to medicine,(CAH02-02-01) pharmacology,Quintile 2,265
2022,(CAH02) subjects allied to medicine,(CAH02-02-01) pharmacology,Quintile 2,270
2023,(CAH02) subjects allied to medicine,(CAH02-02-01) pharmacology,Quintile 2,370
2024,(CAH02) subjects allied to medicine,(CAH02-02-01) pharmacology,Quintile 2,400
2019,(CAH02) subjects allied to medicine,(CAH02-02-03) pharmacy,Quintile 2,700
2020,(CAH02) subjects allied to medicine,(CAH02-02-03) pharmacy,Quintile 2,805
2021,(CAH02) subjects allied to medicine,(CAH02-02-03) pharmacy,Quintile 2,870
2022,(CAH02) subjects allied to medicine,(CAH02-02-03) pharmacy,Quintile 2,895
2023,(CAH02) subjects allied to medicine,(CAH02-02-03) pharmacy,Quintile 2,960
2024,(CAH02) subjects allied to medicine,(CAH02-02-03) pharmacy,Quintile 2,860
2019,(CAH02) subjects allied to medicine,(CAH02-06-05) physiotherapy,Quintile 2,365
2020,(CAH02) subjects allied to medicine,(CAH02-06-05) physiotherapy,Quintile 2,475
2021,(CAH02) subjects allied to medicine,(CAH02-06-05) physiotherapy,Quintile 2,455
2022,(CAH02) subjects allied to medicine,(CAH02-06-05) physiotherapy,Quintile 2,455
2023,(CAH02) subjects allied to medicine,(CAH02-06-05) physiotherapy,Quintile 2,475
2024,(CAH02) subjects allied to medicine,(CAH02-06-05) physiotherapy,Quintile 2,550
2019,(CAH02) subjects allied to medicine,(CAH02-05-02) healthcare science (non-specific),Quintile 2,245
2020,(CAH02) subjects allied to medicine,(CAH02-05-02) healthcare science (non-specific),Quintile 2,250
2021,(CAH02) subjects allied to medicine,(CAH02-05-02) healthcare science (non-specific),Quintile 2,240
2022,(CAH02) subjects allied to medicine,(CAH02-05-02) healthcare science (non-specific),Quintile 2,200
2023,(CAH02) subjects allied to medicine,(CAH02-05-02) healthcare science (non-specific),Quintile 2,810
2024,(CAH02) subjects allied to medicine,(CAH02-05-02) healthcare science (non-specific),Quintile 2,920
2019,(CAH02) subjects allied to medicine,(CAH02-05-03) biomedical sciences (non-specific),Quintile 2,1750
2020,(CAH02) subjects allied to medicine,(CAH02-05-03) biomedical sciences (non-specific),Quintile 2,1840
2021,(CAH02) subjects allied to medicine,(CAH02-05-03) biomedical sciences (non-specific),Quintile 2,1965
2022,(CAH02) subjects allied to medicine,(CAH02-05-03) biomedical sciences (non-specific),Quintile 2,1905
2023,(CAH02) subjects allied to medicine,(CAH02-05-03) biomedical sciences (non-specific),Quintile 2,2000
2024,(CAH02) subjects allied to medicine,(CAH02-05-03) biomedical sciences (non-specific),Quintile 2,1940
2019,(CAH02) subjects allied to medicine,(CAH02-02-02) toxicology,Quintile 2,10
2020,(CAH02) subjects allied to medicine,(CAH02-02-02) toxicology,Quintile 2,10
2021,(CAH02) subjects allied to medicine,(CAH02-02-02) toxicology,Quintile 2,5
2022,(CAH02) subjects allied to medicine,(CAH02-02-02) toxicology,Quintile 2,10
2023,(CAH02) subjects allied to medicine,(CAH02-02-02) toxicology,Quintile 2,10
2024,(CAH02) subjects allied to medicine,(CAH02-02-02) toxicology,Quintile 2,5
2019,(CAH02) subjects allied to medicine,(CAH02-04-02) adult nursing,Quintile 2,3330
2020,(CAH02) subjects allied to medicine,(CAH02-04-02) adult nursing,Quintile 2,4155
2021,(CAH02) subjects allied to medicine,(CAH02-04-02) adult nursing,Quintile 2,4355
2022,(CAH02) subjects allied to medicine,(CAH02-04-02) adult nursing,Quintile 2,3840
2023,(CAH02) subjects allied to medicine,(CAH02-04-02) adult nursing,Quintile 2,3335
2024,(CAH02) subjects allied to medicine,(CAH02-04-02) adult nursing,Quintile 2,3225
2019,(CAH02) subjects allied to medicine,(CAH02-04-05) children's nursing,Quintile 2,650
2020,(CAH02) subjects allied to medicine,(CAH02-04-05) children's nursing,Quintile 2,890
2021,(CAH02) subjects allied to medicine,(CAH02-04-05) children's nursing,Quintile 2,835
2022,(CAH02) subjects allied to medicine,(CAH02-04-05) children's nursing,Quintile 2,825
2023,(CAH02) subjects allied to medicine,(CAH02-04-05) children's nursing,Quintile 2,740
2024,(CAH02) subjects allied to medicine,(CAH02-04-05) children's nursing,Quintile 2,885
2020,(CAH02) subjects allied to medicine,(CAH02-04-03) community nursing,Quintile 2,10
2021,(CAH02) subjects allied to medicine,(CAH02-04-03) community nursing,Quintile 2,15
2022,(CAH02) subjects allied to medicine,(CAH02-04-03) community nursing,Quintile 2,5
2019,(CAH02) subjects allied to medicine,(CAH02-04-09) others in nursing,Quintile 2,80
2020,(CAH02) subjects allied to medicine,(CAH02-04-09) others in nursing,Quintile 2,110
2021,(CAH02) subjects allied to medicine,(CAH02-04-09) others in nursing,Quintile 2,90
2022,(CAH02) subjects allied to medicine,(CAH02-04-09) others in nursing,Quintile 2,90
2023,(CAH02) subjects allied to medicine,(CAH02-04-09) others in nursing,Quintile 2,90
2024,(CAH02) subjects allied to medicine,(CAH02-04-09) others in nursing,Quintile 2,75
2019,(CAH02) subjects allied to medicine,(CAH02-04-06) dental nursing,Quintile 2,40
2020,(CAH02) subjects allied to medicine,(CAH02-04-06) dental nursing,Quintile 2,45
2021,(CAH02) subjects allied to medicine,(CAH02-04-06) dental nursing,Quintile 2,40
2022,(CAH02) subjects allied to medicine,(CAH02-04-06) dental nursing,Quintile 2,45
2023,(CAH02) subjects allied to medicine,(CAH02-04-06) dental nursing,Quintile 2,50
2024,(CAH02) subjects allied to medicine,(CAH02-04-06) dental nursing,Quintile 2,80
2019,(CAH02) subjects allied to medicine,(CAH02-04-08) learning disabilities nursing,Quintile 2,150
2020,(CAH02) subjects allied to medicine,(CAH02-04-08) learning disabilities nursing,Quintile 2,195
2021,(CAH02) subjects allied to medicine,(CAH02-04-08) learning disabilities nursing,Quintile 2,205
2022,(CAH02) subjects allied to medicine,(CAH02-04-08) learning disabilities nursing,Quintile 2,155
2023,(CAH02) subjects allied to medicine,(CAH02-04-08) learning disabilities nursing,Quintile 2,110
2024,(CAH02) subjects allied to medicine,(CAH02-04-08) learning disabilities nursing,Quintile 2,135
2019,(CAH02) subjects allied to medicine,(CAH02-04-07) mental health nursing,Quintile 2,1060
2020,(CAH02) subjects allied to medicine,(CAH02-04-07) mental health nursing,Quintile 2,1530
2021,(CAH02) subjects allied to medicine,(CAH02-04-07) mental health nursing,Quintile 2,1425
2022,(CAH02) subjects allied to medicine,(CAH02-04-07) mental health nursing,Quintile 2,1305
2023,(CAH02) subjects allied to medicine,(CAH02-04-07) mental health nursing,Quintile 2,1245
2024,(CAH02) subjects allied to medicine,(CAH02-04-07) mental health nursing,Quintile 2,1290
2019,(CAH02) subjects allied to medicine,(CAH02-04-04) midwifery,Quintile 2,795
2020,(CAH02) subjects allied to medicine,(CAH02-04-04) midwifery,Quintile 2,875
2021,(CAH02) subjects allied to medicine,(CAH02-04-04) midwifery,Quintile 2,910
2022,(CAH02) subjects allied to medicine,(CAH02-04-04) midwifery,Quintile 2,795
2023,(CAH02) subjects allied to medicine,(CAH02-04-04) midwifery,Quintile 2,895
2024,(CAH02) subjects allied to medicine,(CAH02-04-04) midwifery,Quintile 2,930
2019,(CAH02) subjects allied to medicine,(CAH02-04-01) nursing (non-specific),Quintile 2,540
2020,(CAH02) subjects allied to medicine,(CAH02-04-01) nursing (non-specific),Quintile 2,500
2021,(CAH02) subjects allied to medicine,(CAH02-04-01) nursing (non-specific),Quintile 2,500
2022,(CAH02) subjects allied to medicine,(CAH02-04-01) nursing (non-specific),Quintile 2,420
2023,(CAH02) subjects allied to medicine,(CAH02-04-01) nursing (non-specific),Quintile 2,420
2024,(CAH02) subjects allied to medicine,(CAH02-04-01) nursing (non-specific),Quintile 2,450
2019,(CAH19) language and area studies,(CAH19-01-05) creative writing,Quintile 2,310
2020,(CAH19) language and area studies,(CAH19-01-05) creative writing,Quintile 2,320
2021,(CAH19) language and area studies,(CAH19-01-05) creative writing,Quintile 2,325
2022,(CAH19) language and area studies,(CAH19-01-05) creative writing,Quintile 2,320
2023,(CAH19) language and area studies,(CAH19-01-05) creative writing,Quintile 2,315
2024,(CAH19) language and area studies,(CAH19-01-05) creative writing,Quintile 2,310
2019,(CAH19) language and area studies,(CAH19-04-08) American and Australasian studies,Quintile 2,60
2020,(CAH19) language and area studies,(CAH19-04-08) American and Australasian studies,Quintile 2,35
2021,(CAH19) language and area studies,(CAH19-04-08) American and Australasian studies,Quintile 2,35
2022,(CAH19) language and area studies,(CAH19-04-08) American and Australasian studies,Quintile 2,45
2023,(CAH19) language and area studies,(CAH19-04-08) American and Australasian studies,Quintile 2,25
2024,(CAH19) language and area studies,(CAH19-04-08) American and Australasian studies,Quintile 2,20
2019,(CAH19) language and area studies,(CAH19-01-06) others in English studies,Quintile 2,15
2020,(CAH19) language and area studies,(CAH19-01-06) others in English studies,Quintile 2,10
2021,(CAH19) language and area studies,(CAH19-01-06) others in English studies,Quintile 2,15
2022,(CAH19) language and area studies,(CAH19-01-06) others in English studies,Quintile 2,10
2023,(CAH19) language and area studies,(CAH19-01-06) others in English studies,Quintile 2,10
2024,(CAH19) language and area studies,(CAH19-01-06) others in English studies,Quintile 2,10
2019,(CAH19) language and area studies,(CAH19-01-02) English language,Quintile 2,185
2020,(CAH19) language and area studies,(CAH19-01-02) English language,Quintile 2,160
2021,(CAH19) language and area studies,(CAH19-01-02) English language,Quintile 2,135
2022,(CAH19) language and area studies,(CAH19-01-02) English language,Quintile 2,130
2023,(CAH19) language and area studies,(CAH19-01-02) English language,Quintile 2,115
2024,(CAH19) language and area studies,(CAH19-01-02) English language,Quintile 2,100
2019,(CAH19) language and area studies,(CAH19-01-03) literature in English,Quintile 2,680
2020,(CAH19) language and area studies,(CAH19-01-03) literature in English,Quintile 2,615
2021,(CAH19) language and area studies,(CAH19-01-03) literature in English,Quintile 2,530
2022,(CAH19) language and area studies,(CAH19-01-03) literature in English,Quintile 2,595
2023,(CAH19) language and area studies,(CAH19-01-03) literature in English,Quintile 2,585
2024,(CAH19) language and area studies,(CAH19-01-03) literature in English,Quintile 2,520
2019,(CAH19) language and area studies,(CAH19-01-01) English studies (non-specific),Quintile 2,705
2020,(CAH19) language and area studies,(CAH19-01-01) English studies (non-specific),Quintile 2,690
2021,(CAH19) language and area studies,(CAH19-01-01) English studies (non-specific),Quintile 2,620
2022,(CAH19) language and area studies,(CAH19-01-01) English studies (non-specific),Quintile 2,580
2023,(CAH19) language and area studies,(CAH19-01-01) English studies (non-specific),Quintile 2,570
2024,(CAH19) language and area studies,(CAH19-01-01) English studies (non-specific),Quintile 2,570
2019,(CAH19) language and area studies,(CAH19-04-01) French studies,Quintile 2,135
2020,(CAH19) language and area studies,(CAH19-04-01) French studies,Quintile 2,135
2021,(CAH19) language and area studies,(CAH19-04-01) French studies,Quintile 2,110
2022,(CAH19) language and area studies,(CAH19-04-01) French studies,Quintile 2,115
2023,(CAH19) language and area studies,(CAH19-04-01) French studies,Quintile 2,90
2024,(CAH19) language and area studies,(CAH19-04-01) French studies,Quintile 2,85
2019,(CAH19) language and area studies,(CAH19-04-02) German and Scandinavian studies,Quintile 2,45
2020,(CAH19) language and area studies,(CAH19-04-02) German and Scandinavian studies,Quintile 2,40
2021,(CAH19) language and area studies,(CAH19-04-02) German and Scandinavian studies,Quintile 2,35
2022,(CAH19) language and area studies,(CAH19-04-02) German and Scandinavian studies,Quintile 2,40
2023,(CAH19) language and area studies,(CAH19-04-02) German and Scandinavian studies,Quintile 2,25
2024,(CAH19) language and area studies,(CAH19-04-02) German and Scandinavian studies,Quintile 2,25
2019,(CAH19) language and area studies,(CAH19-04-04) Iberian studies,Quintile 2,135
2020,(CAH19) language and area studies,(CAH19-04-04) Iberian studies,Quintile 2,170
2021,(CAH19) language and area studies,(CAH19-04-04) Iberian studies,Quintile 2,140
2022,(CAH19) language and area studies,(CAH19-04-04) Iberian studies,Quintile 2,105
2023,(CAH19) language and area studies,(CAH19-04-04) Iberian studies,Quintile 2,110
2024,(CAH19) language and area studies,(CAH19-04-04) Iberian studies,Quintile 2,100
2019,(CAH19) language and area studies,(CAH19-04-03) Italian studies,Quintile 2,20
2020,(CAH19) language and area studies,(CAH19-04-03) Italian studies,Quintile 2,20
2021,(CAH19) language and area studies,(CAH19-04-03) Italian studies,Quintile 2,20
2022,(CAH19) language and area studies,(CAH19-04-03) Italian studies,Quintile 2,15
2023,(CAH19) language and area studies,(CAH19-04-03) Italian studies,Quintile 2,15
2024,(CAH19) language and area studies,(CAH19-04-03) Italian studies,Quintile 2,15
2019,(CAH19) language and area studies,(CAH19-01-07) linguistics,Quintile 2,125
2020,(CAH19) language and area studies,(CAH19-01-07) linguistics,Quintile 2,155
2021,(CAH19) language and area studies,(CAH19-01-07) linguistics,Quintile 2,140
2022,(CAH19) language and area studies,(CAH19-01-07) linguistics,Quintile 2,125
2023,(CAH19) language and area studies,(CAH19-01-07) linguistics,Quintile 2,105
2024,(CAH19) language and area studies,(CAH19-01-07) linguistics,Quintile 2,105
2019,(CAH19) language and area studies,(CAH19-04-09) others in language and area studies,Quintile 2,250
2020,(CAH19) language and area studies,(CAH19-04-09) others in language and area studies,Quintile 2,285
2021,(CAH19) language and area studies,(CAH19-04-09) others in language and area studies,Quintile 2,285
2022,(CAH19) language and area studies,(CAH19-04-09) others in language and area studies,Quintile 2,265
2023,(CAH19) language and area studies,(CAH19-04-09) others in language and area studies,Quintile 2,200
2024,(CAH19) language and area studies,(CAH19-04-09) others in language and area studies,Quintile 2,245
2019,(CAH19) language and area studies,(CAH19-04-05) Slavic studies,Quintile 2,15
2020,(CAH19) language and area studies,(CAH19-04-05) Slavic studies,Quintile 2,15
2021,(CAH19) language and area studies,(CAH19-04-05) Slavic studies,Quintile 2,20
2022,(CAH19) language and area studies,(CAH19-04-05) Slavic studies,Quintile 2,10
2023,(CAH19) language and area studies,(CAH19-04-05) Slavic studies,Quintile 2,20
2024,(CAH19) language and area studies,(CAH19-04-05) Slavic studies,Quintile 2,15
2019,(CAH19) language and area studies,(CAH19-02-03) Welsh studies,Quintile 2,15
2020,(CAH19) language and area studies,(CAH19-02-03) Welsh studies,Quintile 2,5
2021,(CAH19) language and area studies,(CAH19-02-03) Welsh studies,Quintile 2,10
2022,(CAH19) language and area studies,(CAH19-02-03) Welsh studies,Quintile 2,5
2023,(CAH19) language and area studies,(CAH19-02-03) Welsh studies,Quintile 2,5
2024,(CAH19) language and area studies,(CAH19-02-03) Welsh studies,Quintile 2,5
2020,(CAH19) language and area studies,(CAH19-02-01) Celtic studies (non-specific),Quintile 2,5
2021,(CAH19) language and area studies,(CAH19-02-01) Celtic studies (non-specific),Quintile 2,10
2022,(CAH19) language and area studies,(CAH19-02-01) Celtic studies (non-specific),Quintile 2,5
2023,(CAH19) language and area studies,(CAH19-02-01) Celtic studies (non-specific),Quintile 2,5
2024,(CAH19) language and area studies,(CAH19-02-01) Celtic studies (non-specific),Quintile 2,5
2019,(CAH19) language and area studies,(CAH19-02-02) Gaelic studies,Quintile 2,5
2020,(CAH19) language and area studies,(CAH19-02-02) Gaelic studies,Quintile 2,5
2022,(CAH19) language and area studies,(CAH19-02-02) Gaelic studies,Quintile 2,5
2023,(CAH19) language and area studies,(CAH19-02-02) Gaelic studies,Quintile 2,5
2024,(CAH19) language and area studies,(CAH19-02-02) Gaelic studies,Quintile 2,5
2019,(CAH19) language and area studies,(CAH19-02-04) others in Celtic studies,Quintile 2,10
2020,(CAH19) language and area studies,(CAH19-02-04) others in Celtic studies,Quintile 2,10
2021,(CAH19) language and area studies,(CAH19-02-04) others in Celtic studies,Quintile 2,10
2022,(CAH19) language and area studies,(CAH19-02-04) others in Celtic studies,Quintile 2,10
2023,(CAH19) language and area studies,(CAH19-02-04) others in Celtic studies,Quintile 2,15
2024,(CAH19) language and area studies,(CAH19-02-04) others in Celtic studies,Quintile 2,10
2019,(CAH19) language and area studies,(CAH19-04-06) Asian studies,Quintile 2,135
2020,(CAH19) language and area studies,(CAH19-04-06) Asian studies,Quintile 2,155
2021,(CAH19) language and area studies,(CAH19-04-06) Asian studies,Quintile 2,160
2022,(CAH19) language and area studies,(CAH19-04-06) Asian studies,Quintile 2,135
2023,(CAH19) language and area studies,(CAH19-04-06) Asian studies,Quintile 2,115
2024,(CAH19) language and area studies,(CAH19-04-06) Asian studies,Quintile 2,100
2019,(CAH19) language and area studies,(CAH19-04-07) African and modern Middle Eastern studies,Quintile 2,30
2020,(CAH19) language and area studies,(CAH19-04-07) African and modern Middle Eastern studies,Quintile 2,25
2021,(CAH19) language and area studies,(CAH19-04-07) African and modern Middle Eastern studies,Quintile 2,30
2022,(CAH19) language and area studies,(CAH19-04-07) African and modern Middle Eastern studies,Quintile 2,25
2023,(CAH19) language and area studies,(CAH19-04-07) African and modern Middle Eastern studies,Quintile 2,30
2024,(CAH19) language and area studies,(CAH19-04-07) African and modern Middle Eastern studies,Quintile 2,30
2019,"(CAH24) media, journalism and communications",(CAH24-01-05) media studies,Quintile 2,1300
2020,"(CAH24) media, journalism and communications",(CAH24-01-05) media studies,Quintile 2,1325
2021,"(CAH24) media, journalism and communications",(CAH24-01-05) media studies,Quintile 2,1285
2022,"(CAH24) media, journalism and communications",(CAH24-01-05) media studies,Quintile 2,1330
2023,"(CAH24) media, journalism and communications",(CAH24-01-05) media studies,Quintile 2,1230
2024,"(CAH24) media, journalism and communications",(CAH24-01-05) media studies,Quintile 2,1225
2019,"(CAH24) media, journalism and communications",(CAH24-01-02) publicity studies,Quintile 2,45
2020,"(CAH24) media, journalism and communications",(CAH24-01-02) publicity studies,Quintile 2,45
2021,"(CAH24) media, journalism and communications",(CAH24-01-02) publicity studies,Quintile 2,35
2022,"(CAH24) media, journalism and communications",(CAH24-01-02) publicity studies,Quintile 2,35
2023,"(CAH24) media, journalism and communications",(CAH24-01-02) publicity studies,Quintile 2,30
2024,"(CAH24) media, journalism and communications",(CAH24-01-02) publicity studies,Quintile 2,35
2019,"(CAH24) media, journalism and communications",(CAH24-01-01) information services,Quintile 2,5
2020,"(CAH24) media, journalism and communications",(CAH24-01-01) information services,Quintile 2,25
2021,"(CAH24) media, journalism and communications",(CAH24-01-01) information services,Quintile 2,15
2022,"(CAH24) media, journalism and communications",(CAH24-01-01) information services,Quintile 2,20
2023,"(CAH24) media, journalism and communications",(CAH24-01-01) information services,Quintile 2,15
2024,"(CAH24) media, journalism and communications",(CAH24-01-01) information services,Quintile 2,25
2019,"(CAH24) media, journalism and communications",(CAH24-01-04) journalism,Quintile 2,535
2020,"(CAH24) media, journalism and communications",(CAH24-01-04) journalism,Quintile 2,460
2021,"(CAH24) media, journalism and communications",(CAH24-01-04) journalism,Quintile 2,510
2022,"(CAH24) media, journalism and communications",(CAH24-01-04) journalism,Quintile 2,485
2023,"(CAH24) media, journalism and communications",(CAH24-01-04) journalism,Quintile 2,470
2024,"(CAH24) media, journalism and communications",(CAH24-01-04) journalism,Quintile 2,460
2019,"(CAH24) media, journalism and communications",(CAH24-01-03) publishing,Quintile 2,25
2020,"(CAH24) media, journalism and communications",(CAH24-01-03) publishing,Quintile 2,30
2021,"(CAH24) media, journalism and communications",(CAH24-01-03) publishing,Quintile 2,25
2022,"(CAH24) media, journalism and communications",(CAH24-01-03) publishing,Quintile 2,15
2023,"(CAH24) media, journalism and communications",(CAH24-01-03) publishing,Quintile 2,20
2024,"(CAH24) media, journalism and communications",(CAH24-01-03) publishing,Quintile 2,10
2019,(CAH23) combined and general studies,(CAH23-01-04) liberal arts (non-specific),Quintile 2,65
2020,(CAH23) combined and general studies,(CAH23-01-04) liberal arts (non-specific),Quintile 2,75
2021,(CAH23) combined and general studies,(CAH23-01-04) liberal arts (non-specific),Quintile 2,85
2022,(CAH23) combined and general studies,(CAH23-01-04) liberal arts (non-specific),Quintile 2,70
2023,(CAH23) combined and general studies,(CAH23-01-04) liberal arts (non-specific),Quintile 2,90
2024,(CAH23) combined and general studies,(CAH23-01-04) liberal arts (non-specific),Quintile 2,75
2019,(CAH23) combined and general studies,(CAH23-01-03) humanities (non-specific),Quintile 2,95
2020,(CAH23) combined and general studies,(CAH23-01-03) humanities (non-specific),Quintile 2,60
2021,(CAH23) combined and general studies,(CAH23-01-03) humanities (non-specific),Quintile 2,45
2022,(CAH23) combined and general studies,(CAH23-01-03) humanities (non-specific),Quintile 2,50
2023,(CAH23) combined and general studies,(CAH23-01-03) humanities (non-specific),Quintile 2,70
2024,(CAH23) combined and general studies,(CAH23-01-03) humanities (non-specific),Quintile 2,50
2019,(CAH23) combined and general studies,(CAH23-01-02) personal development,Quintile 2,80
2020,(CAH23) combined and general studies,(CAH23-01-02) personal development,Quintile 2,85
2021,(CAH23) combined and general studies,(CAH23-01-02) personal development,Quintile 2,130
2022,(CAH23) combined and general studies,(CAH23-01-02) personal development,Quintile 2,75
2023,(CAH23) combined and general studies,(CAH23-01-02) personal development,Quintile 2,70
2024,(CAH23) combined and general studies,(CAH23-01-02) personal development,Quintile 2,75
2019,(CAH23) combined and general studies,"(CAH23-01-01) combined, general or negotiated studies",Quintile 2,85
2020,(CAH23) combined and general studies,"(CAH23-01-01) combined, general or negotiated studies",Quintile 2,85
2021,(CAH23) combined and general studies,"(CAH23-01-01) combined, general or negotiated studies",Quintile 2,95
2022,(CAH23) combined and general studies,"(CAH23-01-01) combined, general or negotiated studies",Quintile 2,105
2023,(CAH23) combined and general studies,"(CAH23-01-01) combined, general or negotiated studies",Quintile 2,120
2024,(CAH23) combined and general studies,"(CAH23-01-01) combined, general or negotiated studies",Quintile 2,130
2019,(CAH17) business and management,(CAH17-01-03) marketing,Quintile 2,1065
2020,(CAH17) business and management,(CAH17-01-03) marketing,Quintile 2,1200
2021,(CAH17) business and management,(CAH17-01-03) marketing,Quintile 2,1230
2022,(CAH17) business and management,(CAH17-01-03) marketing,Quintile 2,1255
2023,(CAH17) business and management,(CAH17-01-03) marketing,Quintile 2,1270
2024,(CAH17) business and management,(CAH17-01-03) marketing,Quintile 2,1270
2019,(CAH17) business and management,(CAH17-01-01) business and management (non-specific),Quintile 2,2355
2020,(CAH17) business and management,(CAH17-01-01) business and management (non-specific),Quintile 2,2500
2021,(CAH17) business and management,(CAH17-01-01) business and management (non-specific),Quintile 2,3025
2022,(CAH17) business and management,(CAH17-01-01) business and management (non-specific),Quintile 2,3705
2023,(CAH17) business and management,(CAH17-01-01) business and management (non-specific),Quintile 2,4590
2024,(CAH17) business and management,(CAH17-01-01) business and management (non-specific),Quintile 2,4620
2019,(CAH17) business and management,(CAH17-01-02) business studies,Quintile 2,3295
2020,(CAH17) business and management,(CAH17-01-02) business studies,Quintile 2,3510
2021,(CAH17) business and management,(CAH17-01-02) business studies,Quintile 2,3485
2022,(CAH17) business and management,(CAH17-01-02) business studies,Quintile 2,4795
2023,(CAH17) business and management,(CAH17-01-02) business studies,Quintile 2,3825
2024,(CAH17) business and management,(CAH17-01-02) business studies,Quintile 2,4810
2019,(CAH17) business and management,"(CAH17-01-06) tourism, transport and travel",Quintile 2,1460
2020,(CAH17) business and management,"(CAH17-01-06) tourism, transport and travel",Quintile 2,1225
2021,(CAH17) business and management,"(CAH17-01-06) tourism, transport and travel",Quintile 2,1465
2022,(CAH17) business and management,"(CAH17-01-06) tourism, transport and travel",Quintile 2,1765
2023,(CAH17) business and management,"(CAH17-01-06) tourism, transport and travel",Quintile 2,1415
2024,(CAH17) business and management,"(CAH17-01-06) tourism, transport and travel",Quintile 2,1375
2019,(CAH17) business and management,(CAH17-01-05) human resource management,Quintile 2,235
2020,(CAH17) business and management,(CAH17-01-05) human resource management,Quintile 2,220
2021,(CAH17) business and management,(CAH17-01-05) human resource management,Quintile 2,195
2022,(CAH17) business and management,(CAH17-01-05) human resource management,Quintile 2,190
2023,(CAH17) business and management,(CAH17-01-05) human resource management,Quintile 2,185
2024,(CAH17) business and management,(CAH17-01-05) human resource management,Quintile 2,150
2019,(CAH17) business and management,(CAH17-01-04) management studies,Quintile 2,1615
2020,(CAH17) business and management,(CAH17-01-04) management studies,Quintile 2,1485
2021,(CAH17) business and management,(CAH17-01-04) management studies,Quintile 2,1495
2022,(CAH17) business and management,(CAH17-01-04) management studies,Quintile 2,1405
2023,(CAH17) business and management,(CAH17-01-04) management studies,Quintile 2,1275
2024,(CAH17) business and management,(CAH17-01-04) management studies,Quintile 2,1285
2019,(CAH17) business and management,(CAH17-01-08) accounting,Quintile 2,1780
2020,(CAH17) business and management,(CAH17-01-08) accounting,Quintile 2,1690
2021,(CAH17) business and management,(CAH17-01-08) accounting,Quintile 2,1920
2022,(CAH17) business and management,(CAH17-01-08) accounting,Quintile 2,1885
2023,(CAH17) business and management,(CAH17-01-08) accounting,Quintile 2,1955
2024,(CAH17) business and management,(CAH17-01-08) accounting,Quintile 2,2225
2019,(CAH17) business and management,(CAH17-01-07) finance,Quintile 2,1230
2020,(CAH17) business and management,(CAH17-01-07) finance,Quintile 2,1190
2021,(CAH17) business and management,(CAH17-01-07) finance,Quintile 2,1320
2022,(CAH17) business and management,(CAH17-01-07) finance,Quintile 2,1415
2023,(CAH17) business and management,(CAH17-01-07) finance,Quintile 2,1515
2024,(CAH17) business and management,(CAH17-01-07) finance,Quintile 2,1740
2019,(CAH15) social sciences,(CAH15-03-01) politics,Quintile 2,1440
2020,(CAH15) social sciences,(CAH15-03-01) politics,Quintile 2,1490
2021,(CAH15) social sciences,(CAH15-03-01) politics,Quintile 2,1440
2022,(CAH15) social sciences,(CAH15-03-01) politics,Quintile 2,1405
2023,(CAH15) social sciences,(CAH15-03-01) politics,Quintile 2,1515
2024,(CAH15) social sciences,(CAH15-03-01) politics,Quintile 2,1615
2019,(CAH15) social sciences,(CAH15-01-04) anthropology,Quintile 2,160
2020,(CAH15) social sciences,(CAH15-01-04) anthropology,Quintile 2,170
2021,(CAH15) social sciences,(CAH15-01-04) anthropology,Quintile 2,160
2022,(CAH15) social sciences,(CAH15-01-04) anthropology,Quintile 2,165
2023,(CAH15) social sciences,(CAH15-01-04) anthropology,Quintile 2,155
2024,(CAH15) social sciences,(CAH15-01-04) anthropology,Quintile 2,125
2019,(CAH15) social sciences,(CAH15-02-01) economics,Quintile 2,1690
2020,(CAH15) social sciences,(CAH15-02-01) economics,Quintile 2,1770
2021,(CAH15) social sciences,(CAH15-02-01) economics,Quintile 2,1755
2022,(CAH15) social sciences,(CAH15-02-01) economics,Quintile 2,1710
2023,(CAH15) social sciences,(CAH15-02-01) economics,Quintile 2,1840
2024,(CAH15) social sciences,(CAH15-02-01) economics,Quintile 2,1945
2019,(CAH15) social sciences,(CAH15-04-02) childhood and youth studies,Quintile 2,1045
2020,(CAH15) social sciences,(CAH15-04-02) childhood and youth studies,Quintile 2,975
2021,(CAH15) social sciences,(CAH15-04-02) childhood and youth studies,Quintile 2,790
2022,(CAH15) social sciences,(CAH15-04-02) childhood and youth studies,Quintile 2,700
2023,(CAH15) social sciences,(CAH15-04-02) childhood and youth studies,Quintile 2,585
2024,(CAH15) social sciences,(CAH15-04-02) childhood and youth studies,Quintile 2,530
2019,(CAH15) social sciences,(CAH15-04-01) social work,Quintile 2,1515
2020,(CAH15) social sciences,(CAH15-04-01) social work,Quintile 2,1630
2021,(CAH15) social sciences,(CAH15-04-01) social work,Quintile 2,1595
2022,(CAH15) social sciences,(CAH15-04-01) social work,Quintile 2,1380
2023,(CAH15) social sciences,(CAH15-04-01) social work,Quintile 2,1195
2024,(CAH15) social sciences,(CAH15-04-01) social work,Quintile 2,1245
2019,(CAH15) social sciences,(CAH15-01-01) social sciences (non-specific),Quintile 2,390
2020,(CAH15) social sciences,(CAH15-01-01) social sciences (non-specific),Quintile 2,390
2021,(CAH15) social sciences,(CAH15-01-01) social sciences (non-specific),Quintile 2,380
2022,(CAH15) social sciences,(CAH15-01-01) social sciences (non-specific),Quintile 2,340
2023,(CAH15) social sciences,(CAH15-01-01) social sciences (non-specific),Quintile 2,345
2024,(CAH15) social sciences,(CAH15-01-01) social sciences (non-specific),Quintile 2,305
2019,(CAH15) social sciences,(CAH15-04-03) health studies,Quintile 2,1660
2020,(CAH15) social sciences,(CAH15-04-03) health studies,Quintile 2,1195
2021,(CAH15) social sciences,(CAH15-04-03) health studies,Quintile 2,1230
2022,(CAH15) social sciences,(CAH15-04-03) health studies,Quintile 2,870
2023,(CAH15) social sciences,(CAH15-04-03) health studies,Quintile 2,780
2024,(CAH15) social sciences,(CAH15-04-03) health studies,Quintile 2,700
2019,(CAH15) social sciences,(CAH15-01-03) social policy,Quintile 2,315
2020,(CAH15) social sciences,(CAH15-01-03) social policy,Quintile 2,295
2021,(CAH15) social sciences,(CAH15-01-03) social policy,Quintile 2,280
2022,(CAH15) social sciences,(CAH15-01-03) social policy,Quintile 2,230
2023,(CAH15) social sciences,(CAH15-01-03) social policy,Quintile 2,210
2024,(CAH15) social sciences,(CAH15-01-03) social policy,Quintile 2,190
2019,(CAH15) social sciences,(CAH15-01-02) sociology,Quintile 2,3170
2020,(CAH15) social sciences,(CAH15-01-02) sociology,Quintile 2,3310
2021,(CAH15) social sciences,(CAH15-01-02) sociology,Quintile 2,3155
2022,(CAH15) social sciences,(CAH15-01-02) sociology,Quintile 2,3075
2023,(CAH15) social sciences,(CAH15-01-02) sociology,Quintile 2,2840
2024,(CAH15) social sciences,(CAH15-01-02) sociology,Quintile 2,2640
2019,(CAH15) social sciences,(CAH15-01-05) development studies,Quintile 2,50
2020,(CAH15) social sciences,(CAH15-01-05) development studies,Quintile 2,50
2021,(CAH15) social sciences,(CAH15-01-05) development studies,Quintile 2,60
2022,(CAH15) social sciences,(CAH15-01-05) development studies,Quintile 2,50
2023,(CAH15) social sciences,(CAH15-01-05) development studies,Quintile 2,45
2024,(CAH15) social sciences,(CAH15-01-05) development studies,Quintile 2,55
2019,(CAH15) social sciences,(CAH15-01-06) cultural studies,Quintile 2,45
2020,(CAH15) social sciences,(CAH15-01-06) cultural studies,Quintile 2,35
2021,(CAH15) social sciences,(CAH15-01-06) cultural studies,Quintile 2,40
2022,(CAH15) social sciences,(CAH15-01-06) cultural studies,Quintile 2,30
2023,(CAH15) social sciences,(CAH15-01-06) cultural studies,Quintile 2,25
2024,(CAH15) social sciences,(CAH15-01-06) cultural studies,Quintile 2,25
2019,(CAH03) biological and sport sciences,(CAH03-02-01) sport and exercise sciences,Quintile 2,2815
2020,(CAH03) biological and sport sciences,(CAH03-02-01) sport and exercise sciences,Quintile 2,2965
2021,(CAH03) biological and sport sciences,(CAH03-02-01) sport and exercise sciences,Quintile 2,3005
2022,(CAH03) biological and sport sciences,(CAH03-02-01) sport and exercise sciences,Quintile 2,2855
2023,(CAH03) biological and sport sciences,(CAH03-02-01) sport and exercise sciences,Quintile 2,2675
2024,(CAH03) biological and sport sciences,(CAH03-02-01) sport and exercise sciences,Quintile 2,2655
2019,(CAH03) biological and sport sciences,(CAH03-01-07) genetics,Quintile 2,40
2020,(CAH03) biological and sport sciences,(CAH03-01-07) genetics,Quintile 2,50
2021,(CAH03) biological and sport sciences,(CAH03-01-07) genetics,Quintile 2,65
2022,(CAH03) biological and sport sciences,(CAH03-01-07) genetics,Quintile 2,45
2023,(CAH03) biological and sport sciences,(CAH03-01-07) genetics,Quintile 2,40
2024,(CAH03) biological and sport sciences,(CAH03-01-07) genetics,Quintile 2,30
2019,(CAH03) biological and sport sciences,(CAH03-01-10) others in biosciences,Quintile 2,120
2020,(CAH03) biological and sport sciences,(CAH03-01-10) others in biosciences,Quintile 2,100
2021,(CAH03) biological and sport sciences,(CAH03-01-10) others in biosciences,Quintile 2,110
2022,(CAH03) biological and sport sciences,(CAH03-01-10) others in biosciences,Quintile 2,105
2023,(CAH03) biological and sport sciences,(CAH03-01-10) others in biosciences,Quintile 2,140
2024,(CAH03) biological and sport sciences,(CAH03-01-10) others in biosciences,Quintile 2,135
2019,(CAH03) biological and sport sciences,"(CAH03-01-08) molecular biology, biophysics and biochemistry",Quintile 2,605
2020,(CAH03) biological and sport sciences,"(CAH03-01-08) molecular biology, biophysics and biochemistry",Quintile 2,590
2021,(CAH03) biological and sport sciences,"(CAH03-01-08) molecular biology, biophysics and biochemistry",Quintile 2,585
2022,(CAH03) biological and sport sciences,"(CAH03-01-08) molecular biology, biophysics and biochemistry",Quintile 2,565
2023,(CAH03) biological and sport sciences,"(CAH03-01-08) molecular biology, biophysics and biochemistry",Quintile 2,595
2024,(CAH03) biological and sport sciences,"(CAH03-01-08) molecular biology, biophysics and biochemistry",Quintile 2,640
2019,(CAH03) biological and sport sciences,(CAH03-01-01) biosciences (non-specific),Quintile 2,435
2020,(CAH03) biological and sport sciences,(CAH03-01-01) biosciences (non-specific),Quintile 2,410
2021,(CAH03) biological and sport sciences,(CAH03-01-01) biosciences (non-specific),Quintile 2,450
2022,(CAH03) biological and sport sciences,(CAH03-01-01) biosciences (non-specific),Quintile 2,375
2023,(CAH03) biological and sport sciences,(CAH03-01-01) biosciences (non-specific),Quintile 2,400
2024,(CAH03) biological and sport sciences,(CAH03-01-01) biosciences (non-specific),Quintile 2,335
2019,(CAH03) biological and sport sciences,(CAH03-01-02) biology (non-specific),Quintile 2,665
2020,(CAH03) biological and sport sciences,(CAH03-01-02) biology (non-specific),Quintile 2,625
2021,(CAH03) biological and sport sciences,(CAH03-01-02) biology (non-specific),Quintile 2,580
2022,(CAH03) biological and sport sciences,(CAH03-01-02) biology (non-specific),Quintile 2,500
2023,(CAH03) biological and sport sciences,(CAH03-01-02) biology (non-specific),Quintile 2,525
2024,(CAH03) biological and sport sciences,(CAH03-01-02) biology (non-specific),Quintile 2,575
2019,(CAH03) biological and sport sciences,(CAH03-01-03) ecology and environmental biology,Quintile 2,255
2020,(CAH03) biological and sport sciences,(CAH03-01-03) ecology and environmental biology,Quintile 2,270
2021,(CAH03) biological and sport sciences,(CAH03-01-03) ecology and environmental biology,Quintile 2,315
2022,(CAH03) biological and sport sciences,(CAH03-01-03) ecology and environmental biology,Quintile 2,330
2023,(CAH03) biological and sport sciences,(CAH03-01-03) ecology and environmental biology,Quintile 2,285
2024,(CAH03) biological and sport sciences,(CAH03-01-03) ecology and environmental biology,Quintile 2,335
2019,(CAH03) biological and sport sciences,(CAH03-01-04) microbiology and cell science,Quintile 2,120
2020,(CAH03) biological and sport sciences,(CAH03-01-04) microbiology and cell science,Quintile 2,110
2021,(CAH03) biological and sport sciences,(CAH03-01-04) microbiology and cell science,Quintile 2,105
2022,(CAH03) biological and sport sciences,(CAH03-01-04) microbiology and cell science,Quintile 2,100
2023,(CAH03) biological and sport sciences,(CAH03-01-04) microbiology and cell science,Quintile 2,85
2024,(CAH03) biological and sport sciences,(CAH03-01-04) microbiology and cell science,Quintile 2,80
2019,(CAH03) biological and sport sciences,(CAH03-01-05) plant sciences,Quintile 2,10
2020,(CAH03) biological and sport sciences,(CAH03-01-05) plant sciences,Quintile 2,10
2021,(CAH03) biological and sport sciences,(CAH03-01-05) plant sciences,Quintile 2,10
2022,(CAH03) biological and sport sciences,(CAH03-01-05) plant sciences,Quintile 2,10
2023,(CAH03) biological and sport sciences,(CAH03-01-05) plant sciences,Quintile 2,15
2024,(CAH03) biological and sport sciences,(CAH03-01-05) plant sciences,Quintile 2,5
2019,(CAH03) biological and sport sciences,(CAH03-01-06) zoology,Quintile 2,255
2020,(CAH03) biological and sport sciences,(CAH03-01-06) zoology,Quintile 2,290
2021,(CAH03) biological and sport sciences,(CAH03-01-06) zoology,Quintile 2,315
2022,(CAH03) biological and sport sciences,(CAH03-01-06) zoology,Quintile 2,300
2023,(CAH03) biological and sport sciences,(CAH03-01-06) zoology,Quintile 2,285
2024,(CAH03) biological and sport sciences,(CAH03-01-06) zoology,Quintile 2,245
2019,(CAH03) biological and sport sciences,(CAH03-01-09) hair and beauty sciences,Quintile 2,15
2020,(CAH03) biological and sport sciences,(CAH03-01-09) hair and beauty sciences,Quintile 2,15
2021,(CAH03) biological and sport sciences,(CAH03-01-09) hair and beauty sciences,Quintile 2,10
2022,(CAH03) biological and sport sciences,(CAH03-01-09) hair and beauty sciences,Quintile 2,5
2023,(CAH03) biological and sport sciences,(CAH03-01-09) hair and beauty sciences,Quintile 2,5
2024,(CAH03) biological and sport sciences,(CAH03-01-09) hair and beauty sciences,Quintile 2,5
2019,"(CAH13) architecture, building and planning",(CAH13-01-01) architecture,Quintile 2,800
2020,"(CAH13) architecture, building and planning",(CAH13-01-01) architecture,Quintile 2,875
2021,"(CAH13) architecture, building and planning",(CAH13-01-01) architecture,Quintile 2,970
2022,"(CAH13) architecture, building and planning",(CAH13-01-01) architecture,Quintile 2,960
2023,"(CAH13) architecture, building and planning",(CAH13-01-01) architecture,Quintile 2,900
2024,"(CAH13) architecture, building and planning",(CAH13-01-01) architecture,Quintile 2,1030
2019,"(CAH13) architecture, building and planning",(CAH13-01-03) landscape design,Quintile 2,20
2020,"(CAH13) architecture, building and planning",(CAH13-01-03) landscape design,Quintile 2,25
2021,"(CAH13) architecture, building and planning",(CAH13-01-03) landscape design,Quintile 2,15
2022,"(CAH13) architecture, building and planning",(CAH13-01-03) landscape design,Quintile 2,20
2023,"(CAH13) architecture, building and planning",(CAH13-01-03) landscape design,Quintile 2,25
2024,"(CAH13) architecture, building and planning",(CAH13-01-03) landscape design,Quintile 2,20
2019,"(CAH13) architecture, building and planning",(CAH13-01-02) building,Quintile 2,605
2020,"(CAH13) architecture, building and planning",(CAH13-01-02) building,Quintile 2,645
2021,"(CAH13) architecture, building and planning",(CAH13-01-02) building,Quintile 2,565
2022,"(CAH13) architecture, building and planning",(CAH13-01-02) building,Quintile 2,1265
2023,"(CAH13) architecture, building and planning",(CAH13-01-02) building,Quintile 2,1310
2024,"(CAH13) architecture, building and planning",(CAH13-01-02) building,Quintile 2,1585
2019,"(CAH13) architecture, building and planning","(CAH13-01-04) planning (urban, rural and regional)",Quintile 2,185
2020,"(CAH13) architecture, building and planning","(CAH13-01-04) planning (urban, rural and regional)",Quintile 2,185
2021,"(CAH13) architecture, building and planning","(CAH13-01-04) planning (urban, rural and regional)",Quintile 2,130
2022,"(CAH13) architecture, building and planning","(CAH13-01-04) planning (urban, rural and regional)",Quintile 2,95
2023,"(CAH13) architecture, building and planning","(CAH13-01-04) planning (urban, rural and regional)",Quintile 2,95
2024,"(CAH13) architecture, building and planning","(CAH13-01-04) planning (urban, rural and regional)",Quintile 2,100
2019,(CAH01) medicine and dentistry,(CAH01-01-03) medicine by specialism,Quintile 2,60
2020,(CAH01) medicine and dentistry,(CAH01-01-03) medicine by specialism,Quintile 2,50
2021,(CAH01) medicine and dentistry,(CAH01-01-03) medicine by specialism,Quintile 2,50
2022,(CAH01) medicine and dentistry,(CAH01-01-03) medicine by specialism,Quintile 2,75
2023,(CAH01) medicine and dentistry,(CAH01-01-03) medicine by specialism,Quintile 2,50
2024,(CAH01) medicine and dentistry,(CAH01-01-03) medicine by specialism,Quintile 2,55
2019,(CAH01) medicine and dentistry,(CAH01-01-04) dentistry,Quintile 2,215
2020,(CAH01) medicine and dentistry,(CAH01-01-04) dentistry,Quintile 2,245
2021,(CAH01) medicine and dentistry,(CAH01-01-04) dentistry,Quintile 2,270
2022,(CAH01) medicine and dentistry,(CAH01-01-04) dentistry,Quintile 2,240
2023,(CAH01) medicine and dentistry,(CAH01-01-04) dentistry,Quintile 2,285
2024,(CAH01) medicine and dentistry,(CAH01-01-04) dentistry,Quintile 2,280
2019,(CAH01) medicine and dentistry,(CAH01-01-02) medicine (non-specific),Quintile 2,1300
2020,(CAH01) medicine and dentistry,(CAH01-01-02) medicine (non-specific),Quintile 2,1485
2021,(CAH01) medicine and dentistry,(CAH01-01-02) medicine (non-specific),Quintile 2,1655
2022,(CAH01) medicine and dentistry,(CAH01-01-02) medicine (non-specific),Quintile 2,1370
2023,(CAH01) medicine and dentistry,(CAH01-01-02) medicine (non-specific),Quintile 2,1460
2024,(CAH01) medicine and dentistry,(CAH01-01-02) medicine (non-specific),Quintile 2,1675
2019,(CAH01) medicine and dentistry,(CAH01-01-01) medical sciences (non-specific),Quintile 2,65
2020,(CAH01) medicine and dentistry,(CAH01-01-01) medical sciences (non-specific),Quintile 2,75
2021,(CAH01) medicine and dentistry,(CAH01-01-01) medical sciences (non-specific),Quintile 2,60
2022,(CAH01) medicine and dentistry,(CAH01-01-01) medical sciences (non-specific),Quintile 2,70
2023,(CAH01) medicine and dentistry,(CAH01-01-01) medical sciences (non-specific),Quintile 2,75
2024,(CAH01) medicine and dentistry,(CAH01-01-01) medical sciences (non-specific),Quintile 2,85
2019,"(CAH20) historical, philosophical and religious studies",(CAH20-01-01) history,Quintile 2,1460
2020,"(CAH20) historical, philosophical and religious studies",(CAH20-01-01) history,Quintile 2,1395
2021,"(CAH20) historical, philosophical and religious studies",(CAH20-01-01) history,Quintile 2,1380
2022,"(CAH20) historical, philosophical and religious studies",(CAH20-01-01) history,Quintile 2,1300
2023,"(CAH20) historical, philosophical and religious studies",(CAH20-01-01) history,Quintile 2,1340
2024,"(CAH20) historical, philosophical and religious studies",(CAH20-01-01) history,Quintile 2,1345
2019,"(CAH20) historical, philosophical and religious studies",(CAH20-01-03) archaeology,Quintile 2,110
2020,"(CAH20) historical, philosophical and religious studies",(CAH20-01-03) archaeology,Quintile 2,135
2021,"(CAH20) historical, philosophical and religious studies",(CAH20-01-03) archaeology,Quintile 2,110
2022,"(CAH20) historical, philosophical and religious studies",(CAH20-01-03) archaeology,Quintile 2,125
2023,"(CAH20) historical, philosophical and religious studies",(CAH20-01-03) archaeology,Quintile 2,145
2024,"(CAH20) historical, philosophical and religious studies",(CAH20-01-03) archaeology,Quintile 2,150
2019,"(CAH20) historical, philosophical and religious studies",(CAH20-01-05) classics,Quintile 2,145
2020,"(CAH20) historical, philosophical and religious studies",(CAH20-01-05) classics,Quintile 2,145
2021,"(CAH20) historical, philosophical and religious studies",(CAH20-01-05) classics,Quintile 2,175
2022,"(CAH20) historical, philosophical and religious studies",(CAH20-01-05) classics,Quintile 2,170
2023,"(CAH20) historical, philosophical and religious studies",(CAH20-01-05) classics,Quintile 2,160
2024,"(CAH20) historical, philosophical and religious studies",(CAH20-01-05) classics,Quintile 2,175
2019,"(CAH20) historical, philosophical and religious studies","(CAH20-01-02) history of art, architecture and design",Quintile 2,100
2020,"(CAH20) historical, philosophical and religious studies","(CAH20-01-02) history of art, architecture and design",Quintile 2,120
2021,"(CAH20) historical, philosophical and religious studies","(CAH20-01-02) history of art, architecture and design",Quintile 2,120
2022,"(CAH20) historical, philosophical and religious studies","(CAH20-01-02) history of art, architecture and design",Quintile 2,115
2023,"(CAH20) historical, philosophical and religious studies","(CAH20-01-02) history of art, architecture and design",Quintile 2,120
2024,"(CAH20) historical, philosophical and religious studies","(CAH20-01-02) history of art, architecture and design",Quintile 2,125
2019,"(CAH20) historical, philosophical and religious studies",(CAH20-02-01) philosophy,Quintile 2,380
2020,"(CAH20) historical, philosophical and religious studies",(CAH20-02-01) philosophy,Quintile 2,415
2021,"(CAH20) historical, philosophical and religious studies",(CAH20-02-01) philosophy,Quintile 2,390
2022,"(CAH20) historical, philosophical and religious studies",(CAH20-02-01) philosophy,Quintile 2,425
2023,"(CAH20) historical, philosophical and religious studies",(CAH20-02-01) philosophy,Quintile 2,455
2024,"(CAH20) historical, philosophical and religious studies",(CAH20-02-01) philosophy,Quintile 2,410
2019,"(CAH20) historical, philosophical and religious studies",(CAH20-02-02) theology and religious studies,Quintile 2,170
2020,"(CAH20) historical, philosophical and religious studies",(CAH20-02-02) theology and religious studies,Quintile 2,165
2021,"(CAH20) historical, philosophical and religious studies",(CAH20-02-02) theology and religious studies,Quintile 2,150
2022,"(CAH20) historical, philosophical and religious studies",(CAH20-02-02) theology and religious studies,Quintile 2,125
2023,"(CAH20) historical, philosophical and religious studies",(CAH20-02-02) theology and religious studies,Quintile 2,130
2024,"(CAH20) historical, philosophical and religious studies",(CAH20-02-02) theology and religious studies,Quintile 2,145
2019,"(CAH20) historical, philosophical and religious studies",(CAH20-01-04) heritage studies,Quintile 2,5
2020,"(CAH20) historical, philosophical and religious studies",(CAH20-01-04) heritage studies,Quintile 2,10
2021,"(CAH20) historical, philosophical and religious studies",(CAH20-01-04) heritage studies,Quintile 2,10
2022,"(CAH20) historical, philosophical and religious studies",(CAH20-01-04) heritage studies,Quintile 2,15
2023,"(CAH20) historical, philosophical and religious studies",(CAH20-01-04) heritage studies,Quintile 2,5
2024,"(CAH20) historical, philosophical and religious studies",(CAH20-01-04) heritage studies,Quintile 2,10
2019,(CAH11) computing,(CAH11-01-08) others in computing,Quintile 2,230
2020,(CAH11) computing,(CAH11-01-08) others in computing,Quintile 2,265
2021,(CAH11) computing,(CAH11-01-08) others in computing,Quintile 2,220
2022,(CAH11) computing,(CAH11-01-08) others in computing,Quintile 2,210
2023,(CAH11) computing,(CAH11-01-08) others in computing,Quintile 2,215
2024,(CAH11) computing,(CAH11-01-08) others in computing,Quintile 2,300
2019,(CAH11) computing,(CAH11-01-05) artificial intelligence,Quintile 2,45
2020,(CAH11) computing,(CAH11-01-05) artificial intelligence,Quintile 2,60
2021,(CAH11) computing,(CAH11-01-05) artificial intelligence,Quintile 2,80
2022,(CAH11) computing,(CAH11-01-05) artificial intelligence,Quintile 2,75
2023,(CAH11) computing,(CAH11-01-05) artificial intelligence,Quintile 2,105
2024,(CAH11) computing,(CAH11-01-05) artificial intelligence,Quintile 2,165
2019,(CAH11) computing,(CAH11-01-07) business computing,Quintile 2,285
2020,(CAH11) computing,(CAH11-01-07) business computing,Quintile 2,255
2021,(CAH11) computing,(CAH11-01-07) business computing,Quintile 2,230
2022,(CAH11) computing,(CAH11-01-07) business computing,Quintile 2,215
2023,(CAH11) computing,(CAH11-01-07) business computing,Quintile 2,150
2024,(CAH11) computing,(CAH11-01-07) business computing,Quintile 2,185
2019,(CAH11) computing,(CAH11-01-06) computer games and animation,Quintile 2,1090
2020,(CAH11) computing,(CAH11-01-06) computer games and animation,Quintile 2,1070
2021,(CAH11) computing,(CAH11-01-06) computer games and animation,Quintile 2,1100
2022,(CAH11) computing,(CAH11-01-06) computer games and animation,Quintile 2,1240
2023,(CAH11) computing,(CAH11-01-06) computer games and animation,Quintile 2,1215
2024,(CAH11) computing,(CAH11-01-06) computer games and animation,Quintile 2,1235
2019,(CAH11) computing,(CAH11-01-01) computer science,Quintile 2,2945
2020,(CAH11) computing,(CAH11-01-01) computer science,Quintile 2,3150
2021,(CAH11) computing,(CAH11-01-01) computer science,Quintile 2,3115
2022,(CAH11) computing,(CAH11-01-01) computer science,Quintile 2,3450
2023,(CAH11) computing,(CAH11-01-01) computer science,Quintile 2,3855
2024,(CAH11) computing,(CAH11-01-01) computer science,Quintile 2,4105
2019,(CAH11) computing,(CAH11-01-02) information technology,Quintile 2,245
2020,(CAH11) computing,(CAH11-01-02) information technology,Quintile 2,250
2021,(CAH11) computing,(CAH11-01-02) information technology,Quintile 2,210
2022,(CAH11) computing,(CAH11-01-02) information technology,Quintile 2,190
2023,(CAH11) computing,(CAH11-01-02) information technology,Quintile 2,195
2024,(CAH11) computing,(CAH11-01-02) information technology,Quintile 2,155
2019,(CAH11) computing,(CAH11-01-03) information systems,Quintile 2,185
2020,(CAH11) computing,(CAH11-01-03) information systems,Quintile 2,185
2021,(CAH11) computing,(CAH11-01-03) information systems,Quintile 2,175
2022,(CAH11) computing,(CAH11-01-03) information systems,Quintile 2,195
2023,(CAH11) computing,(CAH11-01-03) information systems,Quintile 2,180
2024,(CAH11) computing,(CAH11-01-03) information systems,Quintile 2,195
2019,(CAH11) computing,(CAH11-01-04) software engineering,Quintile 2,635
2020,(CAH11) computing,(CAH11-01-04) software engineering,Quintile 2,755
2021,(CAH11) computing,(CAH11-01-04) software engineering,Quintile 2,770
2022,(CAH11) computing,(CAH11-01-04) software engineering,Quintile 2,910
2023,(CAH11) computing,(CAH11-01-04) software engineering,Quintile 2,995
2024,(CAH11) computing,(CAH11-01-04) software engineering,Quintile 2,1230
2019,"(CAH26) geography, earth and environmental studies",(CAH26-01-06) earth sciences,Quintile 2,215
2020,"(CAH26) geography, earth and environmental studies",(CAH26-01-06) earth sciences,Quintile 2,185
2021,"(CAH26) geography, earth and environmental studies",(CAH26-01-06) earth sciences,Quintile 2,180
2022,"(CAH26) geography, earth and environmental studies",(CAH26-01-06) earth sciences,Quintile 2,200
2023,"(CAH26) geography, earth and environmental studies",(CAH26-01-06) earth sciences,Quintile 2,175
2024,"(CAH26) geography, earth and environmental studies",(CAH26-01-06) earth sciences,Quintile 2,210
2019,"(CAH26) geography, earth and environmental studies",(CAH26-01-04) environmental sciences,Quintile 2,155
2020,"(CAH26) geography, earth and environmental studies",(CAH26-01-04) environmental sciences,Quintile 2,160
2021,"(CAH26) geography, earth and environmental studies",(CAH26-01-04) environmental sciences,Quintile 2,165
2022,"(CAH26) geography, earth and environmental studies",(CAH26-01-04) environmental sciences,Quintile 2,175
2023,"(CAH26) geography, earth and environmental studies",(CAH26-01-04) environmental sciences,Quintile 2,165
2024,"(CAH26) geography, earth and environmental studies",(CAH26-01-04) environmental sciences,Quintile 2,150
2019,"(CAH26) geography, earth and environmental studies",(CAH26-01-02) physical geographical sciences,Quintile 2,245
2020,"(CAH26) geography, earth and environmental studies",(CAH26-01-02) physical geographical sciences,Quintile 2,280
2021,"(CAH26) geography, earth and environmental studies",(CAH26-01-02) physical geographical sciences,Quintile 2,275
2022,"(CAH26) geography, earth and environmental studies",(CAH26-01-02) physical geographical sciences,Quintile 2,285
2023,"(CAH26) geography, earth and environmental studies",(CAH26-01-02) physical geographical sciences,Quintile 2,250
2024,"(CAH26) geography, earth and environmental studies",(CAH26-01-02) physical geographical sciences,Quintile 2,280
2019,"(CAH26) geography, earth and environmental studies",(CAH26-01-01) geography (non-specific),Quintile 2,125
2020,"(CAH26) geography, earth and environmental studies",(CAH26-01-01) geography (non-specific),Quintile 2,160
2021,"(CAH26) geography, earth and environmental studies",(CAH26-01-01) geography (non-specific),Quintile 2,135
2022,"(CAH26) geography, earth and environmental studies",(CAH26-01-01) geography (non-specific),Quintile 2,120
2023,"(CAH26) geography, earth and environmental studies",(CAH26-01-01) geography (non-specific),Quintile 2,140
2024,"(CAH26) geography, earth and environmental studies",(CAH26-01-01) geography (non-specific),Quintile 2,155
2019,"(CAH26) geography, earth and environmental studies",(CAH26-01-03) human geography,Quintile 2,445
2020,"(CAH26) geography, earth and environmental studies",(CAH26-01-03) human geography,Quintile 2,310
2021,"(CAH26) geography, earth and environmental studies",(CAH26-01-03) human geography,Quintile 2,350
2022,"(CAH26) geography, earth and environmental studies",(CAH26-01-03) human geography,Quintile 2,320
2023,"(CAH26) geography, earth and environmental studies",(CAH26-01-03) human geography,Quintile 2,375
2024,"(CAH26) geography, earth and environmental studies",(CAH26-01-03) human geography,Quintile 2,330
2019,(CAH07) physical sciences,(CAH07-04-02) forensic and archaeological sciences,Quintile 2,475
2020,(CAH07) physical sciences,(CAH07-04-02) forensic and archaeological sciences,Quintile 2,510
2021,(CAH07) physical sciences,(CAH07-04-02) forensic and archaeological sciences,Quintile 2,515
2022,(CAH07) physical sciences,(CAH07-04-02) forensic and archaeological sciences,Quintile 2,505
2023,(CAH07) physical sciences,(CAH07-04-02) forensic and archaeological sciences,Quintile 2,465
2024,(CAH07) physical sciences,(CAH07-04-02) forensic and archaeological sciences,Quintile 2,445
2019,(CAH07) physical sciences,(CAH07-04-03) sciences (non-specific),Quintile 2,95
2020,(CAH07) physical sciences,(CAH07-04-03) sciences (non-specific),Quintile 2,105
2021,(CAH07) physical sciences,(CAH07-04-03) sciences (non-specific),Quintile 2,105
2022,(CAH07) physical sciences,(CAH07-04-03) sciences (non-specific),Quintile 2,155
2023,(CAH07) physical sciences,(CAH07-04-03) sciences (non-specific),Quintile 2,170
2024,(CAH07) physical sciences,(CAH07-04-03) sciences (non-specific),Quintile 2,215
2019,(CAH07) physical sciences,(CAH07-04-04) natural sciences (non-specific),Quintile 2,65
2020,(CAH07) physical sciences,(CAH07-04-04) natural sciences (non-specific),Quintile 2,60
2021,(CAH07) physical sciences,(CAH07-04-04) natural sciences (non-specific),Quintile 2,70
2022,(CAH07) physical sciences,(CAH07-04-04) natural sciences (non-specific),Quintile 2,65
2023,(CAH07) physical sciences,(CAH07-04-04) natural sciences (non-specific),Quintile 2,45
2024,(CAH07) physical sciences,(CAH07-04-04) natural sciences (non-specific),Quintile 2,60
2019,(CAH07) physical sciences,(CAH07-02-01) chemistry,Quintile 2,785
2020,(CAH07) physical sciences,(CAH07-02-01) chemistry,Quintile 2,780
2021,(CAH07) physical sciences,(CAH07-02-01) chemistry,Quintile 2,720
2022,(CAH07) physical sciences,(CAH07-02-01) chemistry,Quintile 2,675
2023,(CAH07) physical sciences,(CAH07-02-01) chemistry,Quintile 2,735
2024,(CAH07) physical sciences,(CAH07-02-01) chemistry,Quintile 2,745
2019,(CAH07) physical sciences,(CAH07-01-02) astronomy,Quintile 2,85
2020,(CAH07) physical sciences,(CAH07-01-02) astronomy,Quintile 2,105
2021,(CAH07) physical sciences,(CAH07-01-02) astronomy,Quintile 2,100
2022,(CAH07) physical sciences,(CAH07-01-02) astronomy,Quintile 2,120
2023,(CAH07) physical sciences,(CAH07-01-02) astronomy,Quintile 2,100
2024,(CAH07) physical sciences,(CAH07-01-02) astronomy,Quintile 2,110
2019,(CAH07) physical sciences,(CAH07-01-01) physics,Quintile 2,610
2020,(CAH07) physical sciences,(CAH07-01-01) physics,Quintile 2,655
2021,(CAH07) physical sciences,(CAH07-01-01) physics,Quintile 2,620
2022,(CAH07) physical sciences,(CAH07-01-01) physics,Quintile 2,590
2023,(CAH07) physical sciences,(CAH07-01-01) physics,Quintile 2,585
2024,(CAH07) physical sciences,(CAH07-01-01) physics,Quintile 2,615
2019,(CAH07) physical sciences,(CAH07-04-01) physical sciences (non-specific),Quintile 2,15
2020,(CAH07) physical sciences,(CAH07-04-01) physical sciences (non-specific),Quintile 2,5
2021,(CAH07) physical sciences,(CAH07-04-01) physical sciences (non-specific),Quintile 2,10
2022,(CAH07) physical sciences,(CAH07-04-01) physical sciences (non-specific),Quintile 2,5
2023,(CAH07) physical sciences,(CAH07-04-01) physical sciences (non-specific),Quintile 2,5
2024,(CAH07) physical sciences,(CAH07-04-01) physical sciences (non-specific),Quintile 2,10
2019,(CAH04) psychology,(CAH04-01-02) applied psychology,Quintile 2,525
2020,(CAH04) psychology,(CAH04-01-02) applied psychology,Quintile 2,510
2021,(CAH04) psychology,(CAH04-01-02) applied psychology,Quintile 2,530
2022,(CAH04) psychology,(CAH04-01-02) applied psychology,Quintile 2,535
2023,(CAH04) psychology,(CAH04-01-02) applied psychology,Quintile 2,505
2024,(CAH04) psychology,(CAH04-01-02) applied psychology,Quintile 2,525
2019,(CAH04) psychology,(CAH04-01-04) psychology and health,Quintile 2,60
2020,(CAH04) psychology,(CAH04-01-04) psychology and health,Quintile 2,75
2021,(CAH04) psychology,(CAH04-01-04) psychology and health,Quintile 2,70
2022,(CAH04) psychology,(CAH04-01-04) psychology and health,Quintile 2,65
2023,(CAH04) psychology,(CAH04-01-04) psychology and health,Quintile 2,50
2024,(CAH04) psychology,(CAH04-01-04) psychology and health,Quintile 2,60
2019,(CAH04) psychology,(CAH04-01-03) developmental psychology,Quintile 2,75
2020,(CAH04) psychology,(CAH04-01-03) developmental psychology,Quintile 2,85
2021,(CAH04) psychology,(CAH04-01-03) developmental psychology,Quintile 2,110
2022,(CAH04) psychology,(CAH04-01-03) developmental psychology,Quintile 2,80
2023,(CAH04) psychology,(CAH04-01-03) developmental psychology,Quintile 2,85
2024,(CAH04) psychology,(CAH04-01-03) developmental psychology,Quintile 2,85
2019,(CAH04) psychology,(CAH04-01-01) psychology (non-specific),Quintile 2,3850
2020,(CAH04) psychology,(CAH04-01-01) psychology (non-specific),Quintile 2,4100
2021,(CAH04) psychology,(CAH04-01-01) psychology (non-specific),Quintile 2,4045
2022,(CAH04) psychology,(CAH04-01-01) psychology (non-specific),Quintile 2,4050
2023,(CAH04) psychology,(CAH04-01-01) psychology (non-specific),Quintile 2,3930
2024,(CAH04) psychology,(CAH04-01-01) psychology (non-specific),Quintile 2,3810
2019,(CAH04) psychology,(CAH04-01-05) others in psychology,Quintile 2,95
2020,(CAH04) psychology,(CAH04-01-05) others in psychology,Quintile 2,90
2021,(CAH04) psychology,(CAH04-01-05) others in psychology,Quintile 2,95
2022,(CAH04) psychology,(CAH04-01-05) others in psychology,Quintile 2,110
2023,(CAH04) psychology,(CAH04-01-05) others in psychology,Quintile 2,85
2024,(CAH04) psychology,(CAH04-01-05) others in psychology,Quintile 2,90
2019,(CAH09) mathematical sciences,(CAH09-01-01) mathematics,Quintile 2,1165
2020,(CAH09) mathematical sciences,(CAH09-01-01) mathematics,Quintile 2,1215
2021,(CAH09) mathematical sciences,(CAH09-01-01) mathematics,Quintile 2,1195
2022,(CAH09) mathematical sciences,(CAH09-01-01) mathematics,Quintile 2,1160
2023,(CAH09) mathematical sciences,(CAH09-01-01) mathematics,Quintile 2,1040
2024,(CAH09) mathematical sciences,(CAH09-01-01) mathematics,Quintile 2,1170
2019,(CAH09) mathematical sciences,(CAH09-01-02) operational research,Quintile 2,5
2020,(CAH09) mathematical sciences,(CAH09-01-02) operational research,Quintile 2,5
2021,(CAH09) mathematical sciences,(CAH09-01-02) operational research,Quintile 2,5
2022,(CAH09) mathematical sciences,(CAH09-01-02) operational research,Quintile 2,5
2023,(CAH09) mathematical sciences,(CAH09-01-02) operational research,Quintile 2,5
2024,(CAH09) mathematical sciences,(CAH09-01-02) operational research,Quintile 2,5
2019,(CAH09) mathematical sciences,(CAH09-01-03) statistics,Quintile 2,35
2020,(CAH09) mathematical sciences,(CAH09-01-03) statistics,Quintile 2,35
2021,(CAH09) mathematical sciences,(CAH09-01-03) statistics,Quintile 2,55
2022,(CAH09) mathematical sciences,(CAH09-01-03) statistics,Quintile 2,50
2023,(CAH09) mathematical sciences,(CAH09-01-03) statistics,Quintile 2,55
2024,(CAH09) mathematical sciences,(CAH09-01-03) statistics,Quintile 2,55
2019,(CAH22) education and teaching,(CAH22-01-01) education,Quintile 2,1620
2020,(CAH22) education and teaching,(CAH22-01-01) education,Quintile 2,1510
2021,(CAH22) education and teaching,(CAH22-01-01) education,Quintile 2,1425
2022,(CAH22) education and teaching,(CAH22-01-01) education,Quintile 2,1395
2023,(CAH22) education and teaching,(CAH22-01-01) education,Quintile 2,1215
2024,(CAH22) education and teaching,(CAH22-01-01) education,Quintile 2,1150
2019,(CAH22) education and teaching,(CAH22-01-02) teacher training,Quintile 2,1520
2020,(CAH22) education and teaching,(CAH22-01-02) teacher training,Quintile 2,1910
2021,(CAH22) education and teaching,(CAH22-01-02) teacher training,Quintile 2,1805
2022,(CAH22) education and teaching,(CAH22-01-02) teacher training,Quintile 2,1820
2023,(CAH22) education and teaching,(CAH22-01-02) teacher training,Quintile 2,1595
2024,(CAH22) education and teaching,(CAH22-01-02) teacher training,Quintile 2,1635
2019,"(CAH06) agriculture, food and related studies",(CAH06-01-04) rural estate management,Quintile 2,25
2020,"(CAH06) agriculture, food and related studies",(CAH06-01-04) rural estate management,Quintile 2,25
2021,"(CAH06) agriculture, food and related studies",(CAH06-01-04) rural estate management,Quintile 2,25
2022,"(CAH06) agriculture, food and related studies",(CAH06-01-04) rural estate management,Quintile 2,15
2023,"(CAH06) agriculture, food and related studies",(CAH06-01-04) rural estate management,Quintile 2,20
2024,"(CAH06) agriculture, food and related studies",(CAH06-01-04) rural estate management,Quintile 2,15
2019,"(CAH06) agriculture, food and related studies",(CAH06-01-02) agricultural sciences,Quintile 2,10
2020,"(CAH06) agriculture, food and related studies",(CAH06-01-02) agricultural sciences,Quintile 2,10
2021,"(CAH06) agriculture, food and related studies",(CAH06-01-02) agricultural sciences,Quintile 2,10
2022,"(CAH06) agriculture, food and related studies",(CAH06-01-02) agricultural sciences,Quintile 2,10
2023,"(CAH06) agriculture, food and related studies",(CAH06-01-02) agricultural sciences,Quintile 2,10
2024,"(CAH06) agriculture, food and related studies",(CAH06-01-02) agricultural sciences,Quintile 2,15
2019,"(CAH06) agriculture, food and related studies",(CAH06-01-03) agriculture,Quintile 2,295
2020,"(CAH06) agriculture, food and related studies",(CAH06-01-03) agriculture,Quintile 2,360
2021,"(CAH06) agriculture, food and related studies",(CAH06-01-03) agriculture,Quintile 2,325
2022,"(CAH06) agriculture, food and related studies",(CAH06-01-03) agriculture,Quintile 2,300
2023,"(CAH06) agriculture, food and related studies",(CAH06-01-03) agriculture,Quintile 2,270
2024,"(CAH06) agriculture, food and related studies",(CAH06-01-03) agriculture,Quintile 2,285
2019,"(CAH06) agriculture, food and related studies",(CAH06-01-01) animal science,Quintile 2,405
2020,"(CAH06) agriculture, food and related studies",(CAH06-01-01) animal science,Quintile 2,390
2021,"(CAH06) agriculture, food and related studies",(CAH06-01-01) animal science,Quintile 2,405
2022,"(CAH06) agriculture, food and related studies",(CAH06-01-01) animal science,Quintile 2,350
2023,"(CAH06) agriculture, food and related studies",(CAH06-01-01) animal science,Quintile 2,325
2024,"(CAH06) agriculture, food and related studies",(CAH06-01-01) animal science,Quintile 2,300
2019,"(CAH06) agriculture, food and related studies",(CAH06-01-05) forestry and arboriculture,Quintile 2,10
2020,"(CAH06) agriculture, food and related studies",(CAH06-01-05) forestry and arboriculture,Quintile 2,10
2021,"(CAH06) agriculture, food and related studies",(CAH06-01-05) forestry and arboriculture,Quintile 2,10
2022,"(CAH06) agriculture, food and related studies",(CAH06-01-05) forestry and arboriculture,Quintile 2,15
2023,"(CAH06) agriculture, food and related studies",(CAH06-01-05) forestry and arboriculture,Quintile 2,10
2024,"(CAH06) agriculture, food and related studies",(CAH06-01-05) forestry and arboriculture,Quintile 2,10
2019,"(CAH06) agriculture, food and related studies",(CAH06-01-08) food and beverage production,Quintile 2,35
2020,"(CAH06) agriculture, food and related studies",(CAH06-01-08) food and beverage production,Quintile 2,45
2021,"(CAH06) agriculture, food and related studies",(CAH06-01-08) food and beverage production,Quintile 2,40
2022,"(CAH06) agriculture, food and related studies",(CAH06-01-08) food and beverage production,Quintile 2,25
2023,"(CAH06) agriculture, food and related studies",(CAH06-01-08) food and beverage production,Quintile 2,40
2024,"(CAH06) agriculture, food and related studies",(CAH06-01-08) food and beverage production,Quintile 2,20
2019,"(CAH06) agriculture, food and related studies",(CAH06-01-07) food sciences,Quintile 2,30
2020,"(CAH06) agriculture, food and related studies",(CAH06-01-07) food sciences,Quintile 2,50
2021,"(CAH06) agriculture, food and related studies",(CAH06-01-07) food sciences,Quintile 2,40
2022,"(CAH06) agriculture, food and related studies",(CAH06-01-07) food sciences,Quintile 2,40
2023,"(CAH06) agriculture, food and related studies",(CAH06-01-07) food sciences,Quintile 2,40
2024,"(CAH06) agriculture, food and related studies",(CAH06-01-07) food sciences,Quintile 2,35
2019,"(CAH06) agriculture, food and related studies",(CAH06-01-06) food and beverage studies (non-specific),Quintile 2,25
2020,"(CAH06) agriculture, food and related studies",(CAH06-01-06) food and beverage studies (non-specific),Quintile 2,20
2021,"(CAH06) agriculture, food and related studies",(CAH06-01-06) food and beverage studies (non-specific),Quintile 2,30
2022,"(CAH06) agriculture, food and related studies",(CAH06-01-06) food and beverage studies (non-specific),Quintile 2,25
2023,"(CAH06) agriculture, food and related studies",(CAH06-01-06) food and beverage studies (non-specific),Quintile 2,15
2024,"(CAH06) agriculture, food and related studies",(CAH06-01-06) food and beverage studies (non-specific),Quintile 2,15
2019,(CAH16) law,(CAH16-01-01) law,Quintile 2,4440
2020,(CAH16) law,(CAH16-01-01) law,Quintile 2,4615
2021,(CAH16) law,(CAH16-01-01) law,Quintile 2,4790
2022,(CAH16) law,(CAH16-01-01) law,Quintile 2,4705
2023,(CAH16) law,(CAH16-01-01) law,Quintile 2,4845
2024,(CAH16) law,(CAH16-01-01) law,Quintile 2,5080
2019,(CAH05) veterinary sciences,(CAH05-01-01) veterinary medicine and dentistry,Quintile 2,135
2020,(CAH05) veterinary sciences,(CAH05-01-01) veterinary medicine and dentistry,Quintile 2,180
2021,(CAH05) veterinary sciences,(CAH05-01-01) veterinary medicine and dentistry,Quintile 2,175
2022,(CAH05) veterinary sciences,(CAH05-01-01) veterinary medicine and dentistry,Quintile 2,145
2023,(CAH05) veterinary sciences,(CAH05-01-01) veterinary medicine and dentistry,Quintile 2,185
2024,(CAH05) veterinary sciences,(CAH05-01-01) veterinary medicine and dentistry,Quintile 2,180
2019,(CAH05) veterinary sciences,(CAH05-01-02) others in veterinary sciences,Quintile 2,125
2020,(CAH05) veterinary sciences,(CAH05-01-02) others in veterinary sciences,Quintile 2,150
2021,(CAH05) veterinary sciences,(CAH05-01-02) others in veterinary sciences,Quintile 2,155
2022,(CAH05) veterinary sciences,(CAH05-01-02) others in veterinary sciences,Quintile 2,115
2023,(CAH05) veterinary sciences,(CAH05-01-02) others in veterinary sciences,Quintile 2,95
2024,(CAH05) veterinary sciences,(CAH05-01-02) others in veterinary sciences,Quintile 2,160
2019,"(CAH25) design, and creative and performing arts",(CAH25-01-03) design studies,Quintile 3,3185
2020,"(CAH25) design, and creative and performing arts",(CAH25-01-03) design studies,Quintile 3,3220
2021,"(CAH25) design, and creative and performing arts",(CAH25-01-03) design studies,Quintile 3,3045
2022,"(CAH25) design, and creative and performing arts",(CAH25-01-03) design studies,Quintile 3,3190
2023,"(CAH25) design, and creative and performing arts",(CAH25-01-03) design studies,Quintile 3,3015
2024,"(CAH25) design, and creative and performing arts",(CAH25-01-03) design studies,Quintile 3,3085
2019,"(CAH25) design, and creative and performing arts",(CAH25-02-02) music,Quintile 3,1810
2020,"(CAH25) design, and creative and performing arts",(CAH25-02-02) music,Quintile 3,1885
2021,"(CAH25) design, and creative and performing arts",(CAH25-02-02) music,Quintile 3,1735
2022,"(CAH25) design, and creative and performing arts",(CAH25-02-02) music,Quintile 3,1720
2023,"(CAH25) design, and creative and performing arts",(CAH25-02-02) music,Quintile 3,1670
2024,"(CAH25) design, and creative and performing arts",(CAH25-02-02) music,Quintile 3,1605
2019,"(CAH25) design, and creative and performing arts",(CAH25-01-04) cinematics and photography,Quintile 3,1825
2020,"(CAH25) design, and creative and performing arts",(CAH25-01-04) cinematics and photography,Quintile 3,1935
2021,"(CAH25) design, and creative and performing arts",(CAH25-01-04) cinematics and photography,Quintile 3,1895
2022,"(CAH25) design, and creative and performing arts",(CAH25-01-04) cinematics and photography,Quintile 3,1875
2023,"(CAH25) design, and creative and performing arts",(CAH25-01-04) cinematics and photography,Quintile 3,1785
2024,"(CAH25) design, and creative and performing arts",(CAH25-01-04) cinematics and photography,Quintile 3,1745
2019,"(CAH25) design, and creative and performing arts",(CAH25-01-02) art,Quintile 3,835
2020,"(CAH25) design, and creative and performing arts",(CAH25-01-02) art,Quintile 3,845
2021,"(CAH25) design, and creative and performing arts",(CAH25-01-02) art,Quintile 3,805
2022,"(CAH25) design, and creative and performing arts",(CAH25-01-02) art,Quintile 3,830
2023,"(CAH25) design, and creative and performing arts",(CAH25-01-02) art,Quintile 3,805
2024,"(CAH25) design, and creative and performing arts",(CAH25-01-02) art,Quintile 3,810
2019,"(CAH25) design, and creative and performing arts",(CAH25-02-03) drama,Quintile 3,1055
2020,"(CAH25) design, and creative and performing arts",(CAH25-02-03) drama,Quintile 3,1155
2021,"(CAH25) design, and creative and performing arts",(CAH25-02-03) drama,Quintile 3,1080
2022,"(CAH25) design, and creative and performing arts",(CAH25-02-03) drama,Quintile 3,1060
2023,"(CAH25) design, and creative and performing arts",(CAH25-02-03) drama,Quintile 3,1040
2024,"(CAH25) design, and creative and performing arts",(CAH25-02-03) drama,Quintile 3,1080
2019,"(CAH25) design, and creative and performing arts",(CAH25-02-04) dance,Quintile 3,190
2020,"(CAH25) design, and creative and performing arts",(CAH25-02-04) dance,Quintile 3,230
2021,"(CAH25) design, and creative and performing arts",(CAH25-02-04) dance,Quintile 3,230
2022,"(CAH25) design, and creative and performing arts",(CAH25-02-04) dance,Quintile 3,230
2023,"(CAH25) design, and creative and performing arts",(CAH25-02-04) dance,Quintile 3,230
2024,"(CAH25) design, and creative and performing arts",(CAH25-02-04) dance,Quintile 3,215
2019,"(CAH25) design, and creative and performing arts",(CAH25-02-01) performing arts (non-specific),Quintile 3,135
2020,"(CAH25) design, and creative and performing arts",(CAH25-02-01) performing arts (non-specific),Quintile 3,105
2021,"(CAH25) design, and creative and performing arts",(CAH25-02-01) performing arts (non-specific),Quintile 3,105
2022,"(CAH25) design, and creative and performing arts",(CAH25-02-01) performing arts (non-specific),Quintile 3,80
2023,"(CAH25) design, and creative and performing arts",(CAH25-02-01) performing arts (non-specific),Quintile 3,75
2024,"(CAH25) design, and creative and performing arts",(CAH25-02-01) performing arts (non-specific),Quintile 3,60
2019,"(CAH25) design, and creative and performing arts",(CAH25-01-05) others in creative arts and design,Quintile 3,195
2020,"(CAH25) design, and creative and performing arts",(CAH25-01-05) others in creative arts and design,Quintile 3,205
2021,"(CAH25) design, and creative and performing arts",(CAH25-01-05) others in creative arts and design,Quintile 3,210
2022,"(CAH25) design, and creative and performing arts",(CAH25-01-05) others in creative arts and design,Quintile 3,210
2023,"(CAH25) design, and creative and performing arts",(CAH25-01-05) others in creative arts and design,Quintile 3,155
2024,"(CAH25) design, and creative and performing arts",(CAH25-01-05) others in creative arts and design,Quintile 3,120
2019,"(CAH25) design, and creative and performing arts",(CAH25-01-01) creative arts and design (non-specific),Quintile 3,140
2020,"(CAH25) design, and creative and performing arts",(CAH25-01-01) creative arts and design (non-specific),Quintile 3,170
2021,"(CAH25) design, and creative and performing arts",(CAH25-01-01) creative arts and design (non-specific),Quintile 3,155
2022,"(CAH25) design, and creative and performing arts",(CAH25-01-01) creative arts and design (non-specific),Quintile 3,185
2023,"(CAH25) design, and creative and performing arts",(CAH25-01-01) creative arts and design (non-specific),Quintile 3,175
2024,"(CAH25) design, and creative and performing arts",(CAH25-01-01) creative arts and design (non-specific),Quintile 3,190
2019,(CAH10) engineering and technology,"(CAH10-01-06) bioengineering, medical and biomedical engineering",Quintile 3,145
2020,(CAH10) engineering and technology,"(CAH10-01-06) bioengineering, medical and biomedical engineering",Quintile 3,175
2021,(CAH10) engineering and technology,"(CAH10-01-06) bioengineering, medical and biomedical engineering",Quintile 3,170
2022,(CAH10) engineering and technology,"(CAH10-01-06) bioengineering, medical and biomedical engineering",Quintile 3,185
2023,(CAH10) engineering and technology,"(CAH10-01-06) bioengineering, medical and biomedical engineering",Quintile 3,225
2024,(CAH10) engineering and technology,"(CAH10-01-06) bioengineering, medical and biomedical engineering",Quintile 3,175
2019,(CAH10) engineering and technology,(CAH10-03-02) materials technology,Quintile 3,20
2020,(CAH10) engineering and technology,(CAH10-03-02) materials technology,Quintile 3,35
2021,(CAH10) engineering and technology,(CAH10-03-02) materials technology,Quintile 3,25
2022,(CAH10) engineering and technology,(CAH10-03-02) materials technology,Quintile 3,25
2023,(CAH10) engineering and technology,(CAH10-03-02) materials technology,Quintile 3,35
2024,(CAH10) engineering and technology,(CAH10-03-02) materials technology,Quintile 3,35
2019,(CAH10) engineering and technology,(CAH10-03-06) others in technology,Quintile 3,155
2020,(CAH10) engineering and technology,(CAH10-03-06) others in technology,Quintile 3,155
2021,(CAH10) engineering and technology,(CAH10-03-06) others in technology,Quintile 3,185
2022,(CAH10) engineering and technology,(CAH10-03-06) others in technology,Quintile 3,180
2023,(CAH10) engineering and technology,(CAH10-03-06) others in technology,Quintile 3,180
2024,(CAH10) engineering and technology,(CAH10-03-06) others in technology,Quintile 3,210
2019,(CAH10) engineering and technology,(CAH10-01-03) production and manufacturing engineering,Quintile 3,280
2020,(CAH10) engineering and technology,(CAH10-01-03) production and manufacturing engineering,Quintile 3,270
2021,(CAH10) engineering and technology,(CAH10-01-03) production and manufacturing engineering,Quintile 3,330
2022,(CAH10) engineering and technology,(CAH10-01-03) production and manufacturing engineering,Quintile 3,345
2023,(CAH10) engineering and technology,(CAH10-01-03) production and manufacturing engineering,Quintile 3,345
2024,(CAH10) engineering and technology,(CAH10-01-03) production and manufacturing engineering,Quintile 3,355
2019,(CAH10) engineering and technology,(CAH10-01-04) aeronautical and aerospace engineering,Quintile 3,510
2020,(CAH10) engineering and technology,(CAH10-01-04) aeronautical and aerospace engineering,Quintile 3,545
2021,(CAH10) engineering and technology,(CAH10-01-04) aeronautical and aerospace engineering,Quintile 3,615
2022,(CAH10) engineering and technology,(CAH10-01-04) aeronautical and aerospace engineering,Quintile 3,625
2023,(CAH10) engineering and technology,(CAH10-01-04) aeronautical and aerospace engineering,Quintile 3,605
2024,(CAH10) engineering and technology,(CAH10-01-04) aeronautical and aerospace engineering,Quintile 3,680
2019,(CAH10) engineering and technology,(CAH10-01-08) electrical and electronic engineering,Quintile 3,580
2020,(CAH10) engineering and technology,(CAH10-01-08) electrical and electronic engineering,Quintile 3,600
2021,(CAH10) engineering and technology,(CAH10-01-08) electrical and electronic engineering,Quintile 3,655
2022,(CAH10) engineering and technology,(CAH10-01-08) electrical and electronic engineering,Quintile 3,625
2023,(CAH10) engineering and technology,(CAH10-01-08) electrical and electronic engineering,Quintile 3,625
2024,(CAH10) engineering and technology,(CAH10-01-08) electrical and electronic engineering,Quintile 3,680
2019,(CAH10) engineering and technology,(CAH10-01-07) civil engineering,Quintile 3,660
2020,(CAH10) engineering and technology,(CAH10-01-07) civil engineering,Quintile 3,705
2021,(CAH10) engineering and technology,(CAH10-01-07) civil engineering,Quintile 3,640
2022,(CAH10) engineering and technology,(CAH10-01-07) civil engineering,Quintile 3,585
2023,(CAH10) engineering and technology,(CAH10-01-07) civil engineering,Quintile 3,565
2024,(CAH10) engineering and technology,(CAH10-01-07) civil engineering,Quintile 3,615
2019,(CAH10) engineering and technology,(CAH10-03-05) biotechnology,Quintile 3,20
2020,(CAH10) engineering and technology,(CAH10-03-05) biotechnology,Quintile 3,20
2021,(CAH10) engineering and technology,(CAH10-03-05) biotechnology,Quintile 3,20
2022,(CAH10) engineering and technology,(CAH10-03-05) biotechnology,Quintile 3,25
2023,(CAH10) engineering and technology,(CAH10-03-05) biotechnology,Quintile 3,20
2024,(CAH10) engineering and technology,(CAH10-03-05) biotechnology,Quintile 3,20
2019,(CAH10) engineering and technology,"(CAH10-01-09) chemical, process and energy engineering",Quintile 3,325
2020,(CAH10) engineering and technology,"(CAH10-01-09) chemical, process and energy engineering",Quintile 3,365
2021,(CAH10) engineering and technology,"(CAH10-01-09) chemical, process and energy engineering",Quintile 3,315
2022,(CAH10) engineering and technology,"(CAH10-01-09) chemical, process and energy engineering",Quintile 3,315
2023,(CAH10) engineering and technology,"(CAH10-01-09) chemical, process and energy engineering",Quintile 3,310
2024,(CAH10) engineering and technology,"(CAH10-01-09) chemical, process and energy engineering",Quintile 3,345
2019,(CAH10) engineering and technology,(CAH10-03-03) polymers and textiles,Quintile 3,5
2020,(CAH10) engineering and technology,(CAH10-03-03) polymers and textiles,Quintile 3,5
2021,(CAH10) engineering and technology,(CAH10-03-03) polymers and textiles,Quintile 3,10
2022,(CAH10) engineering and technology,(CAH10-03-03) polymers and textiles,Quintile 3,10
2023,(CAH10) engineering and technology,(CAH10-03-03) polymers and textiles,Quintile 3,15
2024,(CAH10) engineering and technology,(CAH10-03-03) polymers and textiles,Quintile 3,10
2020,(CAH10) engineering and technology,(CAH10-03-01) minerals technology,Quintile 3,5
2019,(CAH10) engineering and technology,(CAH10-01-01) engineering (non-specific),Quintile 3,660
2020,(CAH10) engineering and technology,(CAH10-01-01) engineering (non-specific),Quintile 3,630
2021,(CAH10) engineering and technology,(CAH10-01-01) engineering (non-specific),Quintile 3,695
2022,(CAH10) engineering and technology,(CAH10-01-01) engineering (non-specific),Quintile 3,665
2023,(CAH10) engineering and technology,(CAH10-01-01) engineering (non-specific),Quintile 3,595
2024,(CAH10) engineering and technology,(CAH10-01-01) engineering (non-specific),Quintile 3,645
2019,(CAH10) engineering and technology,(CAH10-01-10) others in engineering,Quintile 3,5
2020,(CAH10) engineering and technology,(CAH10-01-10) others in engineering,Quintile 3,5
2023,(CAH10) engineering and technology,(CAH10-01-10) others in engineering,Quintile 3,5
2019,(CAH10) engineering and technology,(CAH10-01-02) mechanical engineering,Quintile 3,1055
2020,(CAH10) engineering and technology,(CAH10-01-02) mechanical engineering,Quintile 3,1140
2021,(CAH10) engineering and technology,(CAH10-01-02) mechanical engineering,Quintile 3,1185
2022,(CAH10) engineering and technology,(CAH10-01-02) mechanical engineering,Quintile 3,1100
2023,(CAH10) engineering and technology,(CAH10-01-02) mechanical engineering,Quintile 3,1090
2024,(CAH10) engineering and technology,(CAH10-01-02) mechanical engineering,Quintile 3,1245
2019,(CAH10) engineering and technology,(CAH10-03-04) maritime technology,Quintile 3,15
2020,(CAH10) engineering and technology,(CAH10-03-04) maritime technology,Quintile 3,15
2021,(CAH10) engineering and technology,(CAH10-03-04) maritime technology,Quintile 3,20
2022,(CAH10) engineering and technology,(CAH10-03-04) maritime technology,Quintile 3,20
2023,(CAH10) engineering and technology,(CAH10-03-04) maritime technology,Quintile 3,10
2024,(CAH10) engineering and technology,(CAH10-03-04) maritime technology,Quintile 3,25
2019,(CAH10) engineering and technology,(CAH10-01-05) naval architecture,Quintile 3,10
2020,(CAH10) engineering and technology,(CAH10-01-05) naval architecture,Quintile 3,15
2021,(CAH10) engineering and technology,(CAH10-01-05) naval architecture,Quintile 3,10
2022,(CAH10) engineering and technology,(CAH10-01-05) naval architecture,Quintile 3,5
2023,(CAH10) engineering and technology,(CAH10-01-05) naval architecture,Quintile 3,5
2024,(CAH10) engineering and technology,(CAH10-01-05) naval architecture,Quintile 3,10
2019,(CAH10) engineering and technology,(CAH10-03-07) materials science,Quintile 3,25
2020,(CAH10) engineering and technology,(CAH10-03-07) materials science,Quintile 3,30
2021,(CAH10) engineering and technology,(CAH10-03-07) materials science,Quintile 3,30
2022,(CAH10) engineering and technology,(CAH10-03-07) materials science,Quintile 3,35
2023,(CAH10) engineering and technology,(CAH10-03-07) materials science,Quintile 3,25
2024,(CAH10) engineering and technology,(CAH10-03-07) materials science,Quintile 3,30
2019,(CAH02) subjects allied to medicine,(CAH02-06-03) ophthalmics,Quintile 3,210
2020,(CAH02) subjects allied to medicine,(CAH02-06-03) ophthalmics,Quintile 3,190
2021,(CAH02) subjects allied to medicine,(CAH02-06-03) ophthalmics,Quintile 3,205
2022,(CAH02) subjects allied to medicine,(CAH02-06-03) ophthalmics,Quintile 3,175
2023,(CAH02) subjects allied to medicine,(CAH02-06-03) ophthalmics,Quintile 3,185
2024,(CAH02) subjects allied to medicine,(CAH02-06-03) ophthalmics,Quintile 3,210
2019,(CAH02) subjects allied to medicine,"(CAH02-05-04) anatomy, physiology and pathology",Quintile 3,120
2020,(CAH02) subjects allied to medicine,"(CAH02-05-04) anatomy, physiology and pathology",Quintile 3,135
2021,(CAH02) subjects allied to medicine,"(CAH02-05-04) anatomy, physiology and pathology",Quintile 3,150
2022,(CAH02) subjects allied to medicine,"(CAH02-05-04) anatomy, physiology and pathology",Quintile 3,135
2023,(CAH02) subjects allied to medicine,"(CAH02-05-04) anatomy, physiology and pathology",Quintile 3,115
2024,(CAH02) subjects allied to medicine,"(CAH02-05-04) anatomy, physiology and pathology",Quintile 3,110
2019,(CAH02) subjects allied to medicine,(CAH02-05-01) medical technology,Quintile 3,300
2020,(CAH02) subjects allied to medicine,(CAH02-05-01) medical technology,Quintile 3,335
2021,(CAH02) subjects allied to medicine,(CAH02-05-01) medical technology,Quintile 3,320
2022,(CAH02) subjects allied to medicine,(CAH02-05-01) medical technology,Quintile 3,335
2023,(CAH02) subjects allied to medicine,(CAH02-05-01) medical technology,Quintile 3,330
2024,(CAH02) subjects allied to medicine,(CAH02-05-01) medical technology,Quintile 3,385
2019,(CAH02) subjects allied to medicine,(CAH02-06-06) complementary and alternative medicine,Quintile 3,205
2020,(CAH02) subjects allied to medicine,(CAH02-06-06) complementary and alternative medicine,Quintile 3,230
2021,(CAH02) subjects allied to medicine,(CAH02-06-06) complementary and alternative medicine,Quintile 3,260
2022,(CAH02) subjects allied to medicine,(CAH02-06-06) complementary and alternative medicine,Quintile 3,235
2023,(CAH02) subjects allied to medicine,(CAH02-06-06) complementary and alternative medicine,Quintile 3,170
2024,(CAH02) subjects allied to medicine,(CAH02-06-06) complementary and alternative medicine,Quintile 3,155
2019,(CAH02) subjects allied to medicine,(CAH02-06-01) health sciences (non-specific),Quintile 3,915
2020,(CAH02) subjects allied to medicine,(CAH02-06-01) health sciences (non-specific),Quintile 3,1040
2021,(CAH02) subjects allied to medicine,(CAH02-06-01) health sciences (non-specific),Quintile 3,1145
2022,(CAH02) subjects allied to medicine,(CAH02-06-01) health sciences (non-specific),Quintile 3,1135
2023,(CAH02) subjects allied to medicine,(CAH02-06-01) health sciences (non-specific),Quintile 3,1045
2024,(CAH02) subjects allied to medicine,(CAH02-06-01) health sciences (non-specific),Quintile 3,1090
2019,(CAH02) subjects allied to medicine,(CAH02-06-02) nutrition and dietetics,Quintile 3,235
2020,(CAH02) subjects allied to medicine,(CAH02-06-02) nutrition and dietetics,Quintile 3,285
2021,(CAH02) subjects allied to medicine,(CAH02-06-02) nutrition and dietetics,Quintile 3,290
2022,(CAH02) subjects allied to medicine,(CAH02-06-02) nutrition and dietetics,Quintile 3,230
2023,(CAH02) subjects allied to medicine,(CAH02-06-02) nutrition and dietetics,Quintile 3,235
2024,(CAH02) subjects allied to medicine,(CAH02-06-02) nutrition and dietetics,Quintile 3,215
2019,(CAH02) subjects allied to medicine,(CAH02-06-04) environmental and public health,Quintile 3,85
2020,(CAH02) subjects allied to medicine,(CAH02-06-04) environmental and public health,Quintile 3,70
2021,(CAH02) subjects allied to medicine,(CAH02-06-04) environmental and public health,Quintile 3,85
2022,(CAH02) subjects allied to medicine,(CAH02-06-04) environmental and public health,Quintile 3,80
2023,(CAH02) subjects allied to medicine,(CAH02-06-04) environmental and public health,Quintile 3,65
2024,(CAH02) subjects allied to medicine,(CAH02-06-04) environmental and public health,Quintile 3,60
2019,(CAH02) subjects allied to medicine,"(CAH02-06-07) counselling, psychotherapy and occupational therapy",Quintile 3,565
2020,(CAH02) subjects allied to medicine,"(CAH02-06-07) counselling, psychotherapy and occupational therapy",Quintile 3,645
2021,(CAH02) subjects allied to medicine,"(CAH02-06-07) counselling, psychotherapy and occupational therapy",Quintile 3,690
2022,(CAH02) subjects allied to medicine,"(CAH02-06-07) counselling, psychotherapy and occupational therapy",Quintile 3,685
2023,(CAH02) subjects allied to medicine,"(CAH02-06-07) counselling, psychotherapy and occupational therapy",Quintile 3,700
2024,(CAH02) subjects allied to medicine,"(CAH02-06-07) counselling, psychotherapy and occupational therapy",Quintile 3,680
2019,(CAH02) subjects allied to medicine,(CAH02-02-01) pharmacology,Quintile 3,170
2020,(CAH02) subjects allied to medicine,(CAH02-02-01) pharmacology,Quintile 3,195
2021,(CAH02) subjects allied to medicine,(CAH02-02-01) pharmacology,Quintile 3,210
2022,(CAH02) subjects allied to medicine,(CAH02-02-01) pharmacology,Quintile 3,230
2023,(CAH02) subjects allied to medicine,(CAH02-02-01) pharmacology,Quintile 3,285
2024,(CAH02) subjects allied to medicine,(CAH02-02-01) pharmacology,Quintile 3,305
2019,(CAH02) subjects allied to medicine,(CAH02-02-03) pharmacy,Quintile 3,545
2020,(CAH02) subjects allied to medicine,(CAH02-02-03) pharmacy,Quintile 3,530
2021,(CAH02) subjects allied to medicine,(CAH02-02-03) pharmacy,Quintile 3,615
2022,(CAH02) subjects allied to medicine,(CAH02-02-03) pharmacy,Quintile 3,695
2023,(CAH02) subjects allied to medicine,(CAH02-02-03) pharmacy,Quintile 3,725
2024,(CAH02) subjects allied to medicine,(CAH02-02-03) pharmacy,Quintile 3,645
2019,(CAH02) subjects allied to medicine,(CAH02-06-05) physiotherapy,Quintile 3,415
2020,(CAH02) subjects allied to medicine,(CAH02-06-05) physiotherapy,Quintile 3,535
2021,(CAH02) subjects allied to medicine,(CAH02-06-05) physiotherapy,Quintile 3,560
2022,(CAH02) subjects allied to medicine,(CAH02-06-05) physiotherapy,Quintile 3,530
2023,(CAH02) subjects allied to medicine,(CAH02-06-05) physiotherapy,Quintile 3,570
2024,(CAH02) subjects allied to medicine,(CAH02-06-05) physiotherapy,Quintile 3,650
2019,(CAH02) subjects allied to medicine,(CAH02-05-02) healthcare science (non-specific),Quintile 3,150
2020,(CAH02) subjects allied to medicine,(CAH02-05-02) healthcare science (non-specific),Quintile 3,195
2021,(CAH02) subjects allied to medicine,(CAH02-05-02) healthcare science (non-specific),Quintile 3,215
2022,(CAH02) subjects allied to medicine,(CAH02-05-02) healthcare science (non-specific),Quintile 3,180
2023,(CAH02) subjects allied to medicine,(CAH02-05-02) healthcare science (non-specific),Quintile 3,465
2024,(CAH02) subjects allied to medicine,(CAH02-05-02) healthcare science (non-specific),Quintile 3,535
2019,(CAH02) subjects allied to medicine,(CAH02-05-03) biomedical sciences (non-specific),Quintile 3,1375
2020,(CAH02) subjects allied to medicine,(CAH02-05-03) biomedical sciences (non-specific),Quintile 3,1395
2021,(CAH02) subjects allied to medicine,(CAH02-05-03) biomedical sciences (non-specific),Quintile 3,1600
2022,(CAH02) subjects allied to medicine,(CAH02-05-03) biomedical sciences (non-specific),Quintile 3,1580
2023,(CAH02) subjects allied to medicine,(CAH02-05-03) biomedical sciences (non-specific),Quintile 3,1625
2024,(CAH02) subjects allied to medicine,(CAH02-05-03) biomedical sciences (non-specific),Quintile 3,1605
2019,(CAH02) subjects allied to medicine,(CAH02-02-02) toxicology,Quintile 3,5
2020,(CAH02) subjects allied to medicine,(CAH02-02-02) toxicology,Quintile 3,5
2022,(CAH02) subjects allied to medicine,(CAH02-02-02) toxicology,Quintile 3,5
2023,(CAH02) subjects allied to medicine,(CAH02-02-02) toxicology,Quintile 3,10
2024,(CAH02) subjects allied to medicine,(CAH02-02-02) toxicology,Quintile 3,5
2019,(CAH02) subjects allied to medicine,(CAH02-04-02) adult nursing,Quintile 3,2695
2020,(CAH02) subjects allied to medicine,(CAH02-04-02) adult nursing,Quintile 3,3350
2021,(CAH02) subjects allied to medicine,(CAH02-04-02) adult nursing,Quintile 3,3590
2022,(CAH02) subjects allied to medicine,(CAH02-04-02) adult nursing,Quintile 3,2985
2023,(CAH02) subjects allied to medicine,(CAH02-04-02) adult nursing,Quintile 3,2325
2024,(CAH02) subjects allied to medicine,(CAH02-04-02) adult nursing,Quintile 3,2310
2019,(CAH02) subjects allied to medicine,(CAH02-04-05) children's nursing,Quintile 3,550
2020,(CAH02) subjects allied to medicine,(CAH02-04-05) children's nursing,Quintile 3,730
2021,(CAH02) subjects allied to medicine,(CAH02-04-05) children's nursing,Quintile 3,670
2022,(CAH02) subjects allied to medicine,(CAH02-04-05) children's nursing,Quintile 3,645
2023,(CAH02) subjects allied to medicine,(CAH02-04-05) children's nursing,Quintile 3,585
2024,(CAH02) subjects allied to medicine,(CAH02-04-05) children's nursing,Quintile 3,615
2019,(CAH02) subjects allied to medicine,(CAH02-04-03) community nursing,Quintile 3,5
2021,(CAH02) subjects allied to medicine,(CAH02-04-03) community nursing,Quintile 3,5
2022,(CAH02) subjects allied to medicine,(CAH02-04-03) community nursing,Quintile 3,5
2024,(CAH02) subjects allied to medicine,(CAH02-04-03) community nursing,Quintile 3,5
2019,(CAH02) subjects allied to medicine,(CAH02-04-09) others in nursing,Quintile 3,65
2020,(CAH02) subjects allied to medicine,(CAH02-04-09) others in nursing,Quintile 3,75
2021,(CAH02) subjects allied to medicine,(CAH02-04-09) others in nursing,Quintile 3,85
2022,(CAH02) subjects allied to medicine,(CAH02-04-09) others in nursing,Quintile 3,90
2023,(CAH02) subjects allied to medicine,(CAH02-04-09) others in nursing,Quintile 3,75
2024,(CAH02) subjects allied to medicine,(CAH02-04-09) others in nursing,Quintile 3,65
2019,(CAH02) subjects allied to medicine,(CAH02-04-06) dental nursing,Quintile 3,35
2020,(CAH02) subjects allied to medicine,(CAH02-04-06) dental nursing,Quintile 3,30
2021,(CAH02) subjects allied to medicine,(CAH02-04-06) dental nursing,Quintile 3,45
2022,(CAH02) subjects allied to medicine,(CAH02-04-06) dental nursing,Quintile 3,40
2023,(CAH02) subjects allied to medicine,(CAH02-04-06) dental nursing,Quintile 3,45
2024,(CAH02) subjects allied to medicine,(CAH02-04-06) dental nursing,Quintile 3,60
2019,(CAH02) subjects allied to medicine,(CAH02-04-08) learning disabilities nursing,Quintile 3,105
2020,(CAH02) subjects allied to medicine,(CAH02-04-08) learning disabilities nursing,Quintile 3,130
2021,(CAH02) subjects allied to medicine,(CAH02-04-08) learning disabilities nursing,Quintile 3,150
2022,(CAH02) subjects allied to medicine,(CAH02-04-08) learning disabilities nursing,Quintile 3,120
2023,(CAH02) subjects allied to medicine,(CAH02-04-08) learning disabilities nursing,Quintile 3,85
2024,(CAH02) subjects allied to medicine,(CAH02-04-08) learning disabilities nursing,Quintile 3,100
2019,(CAH02) subjects allied to medicine,(CAH02-04-07) mental health nursing,Quintile 3,755
2020,(CAH02) subjects allied to medicine,(CAH02-04-07) mental health nursing,Quintile 3,1125
2021,(CAH02) subjects allied to medicine,(CAH02-04-07) mental health nursing,Quintile 3,1005
2022,(CAH02) subjects allied to medicine,(CAH02-04-07) mental health nursing,Quintile 3,895
2023,(CAH02) subjects allied to medicine,(CAH02-04-07) mental health nursing,Quintile 3,825
2024,(CAH02) subjects allied to medicine,(CAH02-04-07) mental health nursing,Quintile 3,860
2019,(CAH02) subjects allied to medicine,(CAH02-04-04) midwifery,Quintile 3,715
2020,(CAH02) subjects allied to medicine,(CAH02-04-04) midwifery,Quintile 3,835
2021,(CAH02) subjects allied to medicine,(CAH02-04-04) midwifery,Quintile 3,895
2022,(CAH02) subjects allied to medicine,(CAH02-04-04) midwifery,Quintile 3,805
2023,(CAH02) subjects allied to medicine,(CAH02-04-04) midwifery,Quintile 3,780
2024,(CAH02) subjects allied to medicine,(CAH02-04-04) midwifery,Quintile 3,780
2019,(CAH02) subjects allied to medicine,(CAH02-04-01) nursing (non-specific),Quintile 3,375
2020,(CAH02) subjects allied to medicine,(CAH02-04-01) nursing (non-specific),Quintile 3,380
2021,(CAH02) subjects allied to medicine,(CAH02-04-01) nursing (non-specific),Quintile 3,330
2022,(CAH02) subjects allied to medicine,(CAH02-04-01) nursing (non-specific),Quintile 3,290
2023,(CAH02) subjects allied to medicine,(CAH02-04-01) nursing (non-specific),Quintile 3,225
2024,(CAH02) subjects allied to medicine,(CAH02-04-01) nursing (non-specific),Quintile 3,265
2019,(CAH19) language and area studies,(CAH19-01-05) creative writing,Quintile 3,335
2020,(CAH19) language and area studies,(CAH19-01-05) creative writing,Quintile 3,335
2021,(CAH19) language and area studies,(CAH19-01-05) creative writing,Quintile 3,305
2022,(CAH19) language and area studies,(CAH19-01-05) creative writing,Quintile 3,330
2023,(CAH19) language and area studies,(CAH19-01-05) creative writing,Quintile 3,340
2024,(CAH19) language and area studies,(CAH19-01-05) creative writing,Quintile 3,305
2019,(CAH19) language and area studies,(CAH19-04-08) American and Australasian studies,Quintile 3,75
2020,(CAH19) language and area studies,(CAH19-04-08) American and Australasian studies,Quintile 3,40
2021,(CAH19) language and area studies,(CAH19-04-08) American and Australasian studies,Quintile 3,55
2022,(CAH19) language and area studies,(CAH19-04-08) American and Australasian studies,Quintile 3,45
2023,(CAH19) language and area studies,(CAH19-04-08) American and Australasian studies,Quintile 3,40
2024,(CAH19) language and area studies,(CAH19-04-08) American and Australasian studies,Quintile 3,20
2019,(CAH19) language and area studies,(CAH19-01-06) others in English studies,Quintile 3,15
2020,(CAH19) language and area studies,(CAH19-01-06) others in English studies,Quintile 3,15
2021,(CAH19) language and area studies,(CAH19-01-06) others in English studies,Quintile 3,15
2022,(CAH19) language and area studies,(CAH19-01-06) others in English studies,Quintile 3,10
2023,(CAH19) language and area studies,(CAH19-01-06) others in English studies,Quintile 3,10
2024,(CAH19) language and area studies,(CAH19-01-06) others in English studies,Quintile 3,15
2019,(CAH19) language and area studies,(CAH19-01-02) English language,Quintile 3,200
2020,(CAH19) language and area studies,(CAH19-01-02) English language,Quintile 3,160
2021,(CAH19) language and area studies,(CAH19-01-02) English language,Quintile 3,150
2022,(CAH19) language and area studies,(CAH19-01-02) English language,Quintile 3,120
2023,(CAH19) language and area studies,(CAH19-01-02) English language,Quintile 3,125
2024,(CAH19) language and area studies,(CAH19-01-02) English language,Quintile 3,120
2019,(CAH19) language and area studies,(CAH19-01-03) literature in English,Quintile 3,780
2020,(CAH19) language and area studies,(CAH19-01-03) literature in English,Quintile 3,695
2021,(CAH19) language and area studies,(CAH19-01-03) literature in English,Quintile 3,660
2022,(CAH19) language and area studies,(CAH19-01-03) literature in English,Quintile 3,650
2023,(CAH19) language and area studies,(CAH19-01-03) literature in English,Quintile 3,675
2024,(CAH19) language and area studies,(CAH19-01-03) literature in English,Quintile 3,690
2019,(CAH19) language and area studies,(CAH19-01-01) English studies (non-specific),Quintile 3,810
2020,(CAH19) language and area studies,(CAH19-01-01) English studies (non-specific),Quintile 3,755
2021,(CAH19) language and area studies,(CAH19-01-01) English studies (non-specific),Quintile 3,770
2022,(CAH19) language and area studies,(CAH19-01-01) English studies (non-specific),Quintile 3,710
2023,(CAH19) language and area studies,(CAH19-01-01) English studies (non-specific),Quintile 3,715
2024,(CAH19) language and area studies,(CAH19-01-01) English studies (non-specific),Quintile 3,685
2019,(CAH19) language and area studies,(CAH19-04-01) French studies,Quintile 3,210
2020,(CAH19) language and area studies,(CAH19-04-01) French studies,Quintile 3,190
2021,(CAH19) language and area studies,(CAH19-04-01) French studies,Quintile 3,155
2022,(CAH19) language and area studies,(CAH19-04-01) French studies,Quintile 3,150
2023,(CAH19) language and area studies,(CAH19-04-01) French studies,Quintile 3,135
2024,(CAH19) language and area studies,(CAH19-04-01) French studies,Quintile 3,140
2019,(CAH19) language and area studies,(CAH19-04-02) German and Scandinavian studies,Quintile 3,65
2020,(CAH19) language and area studies,(CAH19-04-02) German and Scandinavian studies,Quintile 3,60
2021,(CAH19) language and area studies,(CAH19-04-02) German and Scandinavian studies,Quintile 3,55
2022,(CAH19) language and area studies,(CAH19-04-02) German and Scandinavian studies,Quintile 3,50
2023,(CAH19) language and area studies,(CAH19-04-02) German and Scandinavian studies,Quintile 3,45
2024,(CAH19) language and area studies,(CAH19-04-02) German and Scandinavian studies,Quintile 3,50
2019,(CAH19) language and area studies,(CAH19-04-04) Iberian studies,Quintile 3,210
2020,(CAH19) language and area studies,(CAH19-04-04) Iberian studies,Quintile 3,200
2021,(CAH19) language and area studies,(CAH19-04-04) Iberian studies,Quintile 3,165
2022,(CAH19) language and area studies,(CAH19-04-04) Iberian studies,Quintile 3,150
2023,(CAH19) language and area studies,(CAH19-04-04) Iberian studies,Quintile 3,140
2024,(CAH19) language and area studies,(CAH19-04-04) Iberian studies,Quintile 3,140
2019,(CAH19) language and area studies,(CAH19-04-03) Italian studies,Quintile 3,30
2020,(CAH19) language and area studies,(CAH19-04-03) Italian studies,Quintile 3,25
2021,(CAH19) language and area studies,(CAH19-04-03) Italian studies,Quintile 3,30
2022,(CAH19) language and area studies,(CAH19-04-03) Italian studies,Quintile 3,20
2023,(CAH19) language and area studies,(CAH19-04-03) Italian studies,Quintile 3,25
2024,(CAH19) language and area studies,(CAH19-04-03) Italian studies,Quintile 3,20
2019,(CAH19) language and area studies,(CAH19-01-07) linguistics,Quintile 3,150
2020,(CAH19) language and area studies,(CAH19-01-07) linguistics,Quintile 3,140
2021,(CAH19) language and area studies,(CAH19-01-07) linguistics,Quintile 3,155
2022,(CAH19) language and area studies,(CAH19-01-07) linguistics,Quintile 3,140
2023,(CAH19) language and area studies,(CAH19-01-07) linguistics,Quintile 3,115
2024,(CAH19) language and area studies,(CAH19-01-07) linguistics,Quintile 3,150
2019,(CAH19) language and area studies,(CAH19-04-09) others in language and area studies,Quintile 3,345
2020,(CAH19) language and area studies,(CAH19-04-09) others in language and area studies,Quintile 3,365
2021,(CAH19) language and area studies,(CAH19-04-09) others in language and area studies,Quintile 3,370
2022,(CAH19) language and area studies,(CAH19-04-09) others in language and area studies,Quintile 3,385
2023,(CAH19) language and area studies,(CAH19-04-09) others in language and area studies,Quintile 3,305
2024,(CAH19) language and area studies,(CAH19-04-09) others in language and area studies,Quintile 3,310
2019,(CAH19) language and area studies,(CAH19-04-05) Slavic studies,Quintile 3,25
2020,(CAH19) language and area studies,(CAH19-04-05) Slavic studies,Quintile 3,30
2021,(CAH19) language and area studies,(CAH19-04-05) Slavic studies,Quintile 3,35
2022,(CAH19) language and area studies,(CAH19-04-05) Slavic studies,Quintile 3,20
2023,(CAH19) language and area studies,(CAH19-04-05) Slavic studies,Quintile 3,25
2024,(CAH19) language and area studies,(CAH19-04-05) Slavic studies,Quintile 3,20
2019,(CAH19) language and area studies,(CAH19-02-03) Welsh studies,Quintile 3,15
2020,(CAH19) language and area studies,(CAH19-02-03) Welsh studies,Quintile 3,15
2021,(CAH19) language and area studies,(CAH19-02-03) Welsh studies,Quintile 3,15
2022,(CAH19) language and area studies,(CAH19-02-03) Welsh studies,Quintile 3,20
2023,(CAH19) language and area studies,(CAH19-02-03) Welsh studies,Quintile 3,10
2024,(CAH19) language and area studies,(CAH19-02-03) Welsh studies,Quintile 3,10
2019,(CAH19) language and area studies,(CAH19-02-01) Celtic studies (non-specific),Quintile 3,10
2020,(CAH19) language and area studies,(CAH19-02-01) Celtic studies (non-specific),Quintile 3,5
2021,(CAH19) language and area studies,(CAH19-02-01) Celtic studies (non-specific),Quintile 3,10
2022,(CAH19) language and area studies,(CAH19-02-01) Celtic studies (non-specific),Quintile 3,5
2023,(CAH19) language and area studies,(CAH19-02-01) Celtic studies (non-specific),Quintile 3,10
2024,(CAH19) language and area studies,(CAH19-02-01) Celtic studies (non-specific),Quintile 3,5
2019,(CAH19) language and area studies,(CAH19-02-02) Gaelic studies,Quintile 3,15
2020,(CAH19) language and area studies,(CAH19-02-02) Gaelic studies,Quintile 3,15
2021,(CAH19) language and area studies,(CAH19-02-02) Gaelic studies,Quintile 3,15
2022,(CAH19) language and area studies,(CAH19-02-02) Gaelic studies,Quintile 3,5
2023,(CAH19) language and area studies,(CAH19-02-02) Gaelic studies,Quintile 3,10
2024,(CAH19) language and area studies,(CAH19-02-02) Gaelic studies,Quintile 3,15
2019,(CAH19) language and area studies,(CAH19-02-04) others in Celtic studies,Quintile 3,5
2020,(CAH19) language and area studies,(CAH19-02-04) others in Celtic studies,Quintile 3,5
2021,(CAH19) language and area studies,(CAH19-02-04) others in Celtic studies,Quintile 3,5
2022,(CAH19) language and area studies,(CAH19-02-04) others in Celtic studies,Quintile 3,5
2023,(CAH19) language and area studies,(CAH19-02-04) others in Celtic studies,Quintile 3,5
2024,(CAH19) language and area studies,(CAH19-02-04) others in Celtic studies,Quintile 3,15
2019,(CAH19) language and area studies,(CAH19-04-06) Asian studies,Quintile 3,145
2020,(CAH19) language and area studies,(CAH19-04-06) Asian studies,Quintile 3,160
2021,(CAH19) language and area studies,(CAH19-04-06) Asian studies,Quintile 3,180
2022,(CAH19) language and area studies,(CAH19-04-06) Asian studies,Quintile 3,150
2023,(CAH19) language and area studies,(CAH19-04-06) Asian studies,Quintile 3,115
2024,(CAH19) language and area studies,(CAH19-04-06) Asian studies,Quintile 3,95
2019,(CAH19) language and area studies,(CAH19-04-07) African and modern Middle Eastern studies,Quintile 3,40
2020,(CAH19) language and area studies,(CAH19-04-07) African and modern Middle Eastern studies,Quintile 3,30
2021,(CAH19) language and area studies,(CAH19-04-07) African and modern Middle Eastern studies,Quintile 3,30
2022,(CAH19) language and area studies,(CAH19-04-07) African and modern Middle Eastern studies,Quintile 3,30
2023,(CAH19) language and area studies,(CAH19-04-07) African and modern Middle Eastern studies,Quintile 3,15
2024,(CAH19) language and area studies,(CAH19-04-07) African and modern Middle Eastern studies,Quintile 3,35
2019,"(CAH24) media, journalism and communications",(CAH24-01-05) media studies,Quintile 3,1300
2020,"(CAH24) media, journalism and communications",(CAH24-01-05) media studies,Quintile 3,1380
2021,"(CAH24) media, journalism and communications",(CAH24-01-05) media studies,Quintile 3,1370
2022,"(CAH24) media, journalism and communications",(CAH24-01-05) media studies,Quintile 3,1440
2023,"(CAH24) media, journalism and communications",(CAH24-01-05) media studies,Quintile 3,1360
2024,"(CAH24) media, journalism and communications",(CAH24-01-05) media studies,Quintile 3,1290
2019,"(CAH24) media, journalism and communications",(CAH24-01-02) publicity studies,Quintile 3,50
2020,"(CAH24) media, journalism and communications",(CAH24-01-02) publicity studies,Quintile 3,60
2021,"(CAH24) media, journalism and communications",(CAH24-01-02) publicity studies,Quintile 3,25
2022,"(CAH24) media, journalism and communications",(CAH24-01-02) publicity studies,Quintile 3,35
2023,"(CAH24) media, journalism and communications",(CAH24-01-02) publicity studies,Quintile 3,30
2024,"(CAH24) media, journalism and communications",(CAH24-01-02) publicity studies,Quintile 3,25
2019,"(CAH24) media, journalism and communications",(CAH24-01-01) information services,Quintile 3,10
2020,"(CAH24) media, journalism and communications",(CAH24-01-01) information services,Quintile 3,15
2021,"(CAH24) media, journalism and communications",(CAH24-01-01) information services,Quintile 3,15
2022,"(CAH24) media, journalism and communications",(CAH24-01-01) information services,Quintile 3,15
2023,"(CAH24) media, journalism and communications",(CAH24-01-01) information services,Quintile 3,15
2024,"(CAH24) media, journalism and communications",(CAH24-01-01) information services,Quintile 3,15
2019,"(CAH24) media, journalism and communications",(CAH24-01-04) journalism,Quintile 3,550
2020,"(CAH24) media, journalism and communications",(CAH24-01-04) journalism,Quintile 3,525
2021,"(CAH24) media, journalism and communications",(CAH24-01-04) journalism,Quintile 3,550
2022,"(CAH24) media, journalism and communications",(CAH24-01-04) journalism,Quintile 3,570
2023,"(CAH24) media, journalism and communications",(CAH24-01-04) journalism,Quintile 3,525
2024,"(CAH24) media, journalism and communications",(CAH24-01-04) journalism,Quintile 3,540
2019,"(CAH24) media, journalism and communications",(CAH24-01-03) publishing,Quintile 3,20
2020,"(CAH24) media, journalism and communications",(CAH24-01-03) publishing,Quintile 3,10
2021,"(CAH24) media, journalism and communications",(CAH24-01-03) publishing,Quintile 3,20
2022,"(CAH24) media, journalism and communications",(CAH24-01-03) publishing,Quintile 3,25
2023,"(CAH24) media, journalism and communications",(CAH24-01-03) publishing,Quintile 3,15
2024,"(CAH24) media, journalism and communications",(CAH24-01-03) publishing,Quintile 3,20
2019,(CAH23) combined and general studies,(CAH23-01-04) liberal arts (non-specific),Quintile 3,85
2020,(CAH23) combined and general studies,(CAH23-01-04) liberal arts (non-specific),Quintile 3,125
2021,(CAH23) combined and general studies,(CAH23-01-04) liberal arts (non-specific),Quintile 3,130
2022,(CAH23) combined and general studies,(CAH23-01-04) liberal arts (non-specific),Quintile 3,145
2023,(CAH23) combined and general studies,(CAH23-01-04) liberal arts (non-specific),Quintile 3,140
2024,(CAH23) combined and general studies,(CAH23-01-04) liberal arts (non-specific),Quintile 3,145
2019,(CAH23) combined and general studies,(CAH23-01-03) humanities (non-specific),Quintile 3,95
2020,(CAH23) combined and general studies,(CAH23-01-03) humanities (non-specific),Quintile 3,50
2021,(CAH23) combined and general studies,(CAH23-01-03) humanities (non-specific),Quintile 3,50
2022,(CAH23) combined and general studies,(CAH23-01-03) humanities (non-specific),Quintile 3,60
2023,(CAH23) combined and general studies,(CAH23-01-03) humanities (non-specific),Quintile 3,70
2024,(CAH23) combined and general studies,(CAH23-01-03) humanities (non-specific),Quintile 3,50
2019,(CAH23) combined and general studies,(CAH23-01-02) personal development,Quintile 3,75
2020,(CAH23) combined and general studies,(CAH23-01-02) personal development,Quintile 3,70
2021,(CAH23) combined and general studies,(CAH23-01-02) personal development,Quintile 3,95
2022,(CAH23) combined and general studies,(CAH23-01-02) personal development,Quintile 3,65
2023,(CAH23) combined and general studies,(CAH23-01-02) personal development,Quintile 3,60
2024,(CAH23) combined and general studies,(CAH23-01-02) personal development,Quintile 3,85
2019,(CAH23) combined and general studies,"(CAH23-01-01) combined, general or negotiated studies",Quintile 3,130
2020,(CAH23) combined and general studies,"(CAH23-01-01) combined, general or negotiated studies",Quintile 3,130
2021,(CAH23) combined and general studies,"(CAH23-01-01) combined, general or negotiated studies",Quintile 3,135
2022,(CAH23) combined and general studies,"(CAH23-01-01) combined, general or negotiated studies",Quintile 3,130
2023,(CAH23) combined and general studies,"(CAH23-01-01) combined, general or negotiated studies",Quintile 3,135
2024,(CAH23) combined and general studies,"(CAH23-01-01) combined, general or negotiated studies",Quintile 3,150
2019,(CAH17) business and management,(CAH17-01-03) marketing,Quintile 3,1050
2020,(CAH17) business and management,(CAH17-01-03) marketing,Quintile 3,1205
2021,(CAH17) business and management,(CAH17-01-03) marketing,Quintile 3,1280
2022,(CAH17) business and management,(CAH17-01-03) marketing,Quintile 3,1250
2023,(CAH17) business and management,(CAH17-01-03) marketing,Quintile 3,1185
2024,(CAH17) business and management,(CAH17-01-03) marketing,Quintile 3,1235
2019,(CAH17) business and management,(CAH17-01-01) business and management (non-specific),Quintile 3,1815
2020,(CAH17) business and management,(CAH17-01-01) business and management (non-specific),Quintile 3,1990
2021,(CAH17) business and management,(CAH17-01-01) business and management (non-specific),Quintile 3,2270
2022,(CAH17) business and management,(CAH17-01-01) business and management (non-specific),Quintile 3,2675
2023,(CAH17) business and management,(CAH17-01-01) business and management (non-specific),Quintile 3,3225
2024,(CAH17) business and management,(CAH17-01-01) business and management (non-specific),Quintile 3,2935
2019,(CAH17) business and management,(CAH17-01-02) business studies,Quintile 3,2735
2020,(CAH17) business and management,(CAH17-01-02) business studies,Quintile 3,2885
2021,(CAH17) business and management,(CAH17-01-02) business studies,Quintile 3,2795
2022,(CAH17) business and management,(CAH17-01-02) business studies,Quintile 3,3580
2023,(CAH17) business and management,(CAH17-01-02) business studies,Quintile 3,2845
2024,(CAH17) business and management,(CAH17-01-02) business studies,Quintile 3,3440
2019,(CAH17) business and management,"(CAH17-01-06) tourism, transport and travel",Quintile 3,1165
2020,(CAH17) business and management,"(CAH17-01-06) tourism, transport and travel",Quintile 3,1155
2021,(CAH17) business and management,"(CAH17-01-06) tourism, transport and travel",Quintile 3,1260
2022,(CAH17) business and management,"(CAH17-01-06) tourism, transport and travel",Quintile 3,1350
2023,(CAH17) business and management,"(CAH17-01-06) tourism, transport and travel",Quintile 3,1070
2024,(CAH17) business and management,"(CAH17-01-06) tourism, transport and travel",Quintile 3,1115
2019,(CAH17) business and management,(CAH17-01-05) human resource management,Quintile 3,190
2020,(CAH17) business and management,(CAH17-01-05) human resource management,Quintile 3,150
2021,(CAH17) business and management,(CAH17-01-05) human resource management,Quintile 3,150
2022,(CAH17) business and management,(CAH17-01-05) human resource management,Quintile 3,125
2023,(CAH17) business and management,(CAH17-01-05) human resource management,Quintile 3,110
2024,(CAH17) business and management,(CAH17-01-05) human resource management,Quintile 3,105
2019,(CAH17) business and management,(CAH17-01-04) management studies,Quintile 3,1415
2020,(CAH17) business and management,(CAH17-01-04) management studies,Quintile 3,1425
2021,(CAH17) business and management,(CAH17-01-04) management studies,Quintile 3,1350
2022,(CAH17) business and management,(CAH17-01-04) management studies,Quintile 3,1340
2023,(CAH17) business and management,(CAH17-01-04) management studies,Quintile 3,1205
2024,(CAH17) business and management,(CAH17-01-04) management studies,Quintile 3,1315
2019,(CAH17) business and management,(CAH17-01-08) accounting,Quintile 3,1345
2020,(CAH17) business and management,(CAH17-01-08) accounting,Quintile 3,1315
2021,(CAH17) business and management,(CAH17-01-08) accounting,Quintile 3,1490
2022,(CAH17) business and management,(CAH17-01-08) accounting,Quintile 3,1460
2023,(CAH17) business and management,(CAH17-01-08) accounting,Quintile 3,1495
2024,(CAH17) business and management,(CAH17-01-08) accounting,Quintile 3,1710
2019,(CAH17) business and management,(CAH17-01-07) finance,Quintile 3,970
2020,(CAH17) business and management,(CAH17-01-07) finance,Quintile 3,980
2021,(CAH17) business and management,(CAH17-01-07) finance,Quintile 3,1090
2022,(CAH17) business and management,(CAH17-01-07) finance,Quintile 3,1115
2023,(CAH17) business and management,(CAH17-01-07) finance,Quintile 3,1240
2024,(CAH17) business and management,(CAH17-01-07) finance,Quintile 3,1405
2019,(CAH15) social sciences,(CAH15-03-01) politics,Quintile 3,1680
2020,(CAH15) social sciences,(CAH15-03-01) politics,Quintile 3,1625
2021,(CAH15) social sciences,(CAH15-03-01) politics,Quintile 3,1695
2022,(CAH15) social sciences,(CAH15-03-01) politics,Quintile 3,1665
2023,(CAH15) social sciences,(CAH15-03-01) politics,Quintile 3,1760
2024,(CAH15) social sciences,(CAH15-03-01) politics,Quintile 3,1825
2019,(CAH15) social sciences,(CAH15-01-04) anthropology,Quintile 3,205
2020,(CAH15) social sciences,(CAH15-01-04) anthropology,Quintile 3,215
2021,(CAH15) social sciences,(CAH15-01-04) anthropology,Quintile 3,210
2022,(CAH15) social sciences,(CAH15-01-04) anthropology,Quintile 3,205
2023,(CAH15) social sciences,(CAH15-01-04) anthropology,Quintile 3,190
2024,(CAH15) social sciences,(CAH15-01-04) anthropology,Quintile 3,170
2019,(CAH15) social sciences,(CAH15-02-01) economics,Quintile 3,1745
2020,(CAH15) social sciences,(CAH15-02-01) economics,Quintile 3,1925
2021,(CAH15) social sciences,(CAH15-02-01) economics,Quintile 3,1945
2022,(CAH15) social sciences,(CAH15-02-01) economics,Quintile 3,1760
2023,(CAH15) social sciences,(CAH15-02-01) economics,Quintile 3,1910
2024,(CAH15) social sciences,(CAH15-02-01) economics,Quintile 3,2070
2019,(CAH15) social sciences,(CAH15-04-02) childhood and youth studies,Quintile 3,915
2020,(CAH15) social sciences,(CAH15-04-02) childhood and youth studies,Quintile 3,810
2021,(CAH15) social sciences,(CAH15-04-02) childhood and youth studies,Quintile 3,695
2022,(CAH15) social sciences,(CAH15-04-02) childhood and youth studies,Quintile 3,615
2023,(CAH15) social sciences,(CAH15-04-02) childhood and youth studies,Quintile 3,510
2024,(CAH15) social sciences,(CAH15-04-02) childhood and youth studies,Quintile 3,480
2019,(CAH15) social sciences,(CAH15-04-01) social work,Quintile 3,995
2020,(CAH15) social sciences,(CAH15-04-01) social work,Quintile 3,1120
2021,(CAH15) social sciences,(CAH15-04-01) social work,Quintile 3,1115
2022,(CAH15) social sciences,(CAH15-04-01) social work,Quintile 3,925
2023,(CAH15) social sciences,(CAH15-04-01) social work,Quintile 3,775
2024,(CAH15) social sciences,(CAH15-04-01) social work,Quintile 3,845
2019,(CAH15) social sciences,(CAH15-01-01) social sciences (non-specific),Quintile 3,335
2020,(CAH15) social sciences,(CAH15-01-01) social sciences (non-specific),Quintile 3,365
2021,(CAH15) social sciences,(CAH15-01-01) social sciences (non-specific),Quintile 3,345
2022,(CAH15) social sciences,(CAH15-01-01) social sciences (non-specific),Quintile 3,280
2023,(CAH15) social sciences,(CAH15-01-01) social sciences (non-specific),Quintile 3,295
2024,(CAH15) social sciences,(CAH15-01-01) social sciences (non-specific),Quintile 3,235
2019,(CAH15) social sciences,(CAH15-04-03) health studies,Quintile 3,975
2020,(CAH15) social sciences,(CAH15-04-03) health studies,Quintile 3,760
2021,(CAH15) social sciences,(CAH15-04-03) health studies,Quintile 3,785
2022,(CAH15) social sciences,(CAH15-04-03) health studies,Quintile 3,605
2023,(CAH15) social sciences,(CAH15-04-03) health studies,Quintile 3,465
2024,(CAH15) social sciences,(CAH15-04-03) health studies,Quintile 3,475
2019,(CAH15) social sciences,(CAH15-01-03) social policy,Quintile 3,305
2020,(CAH15) social sciences,(CAH15-01-03) social policy,Quintile 3,270
2021,(CAH15) social sciences,(CAH15-01-03) social policy,Quintile 3,280
2022,(CAH15) social sciences,(CAH15-01-03) social policy,Quintile 3,230
2023,(CAH15) social sciences,(CAH15-01-03) social policy,Quintile 3,230
2024,(CAH15) social sciences,(CAH15-01-03) social policy,Quintile 3,240
2019,(CAH15) social sciences,(CAH15-01-02) sociology,Quintile 3,2870
2020,(CAH15) social sciences,(CAH15-01-02) sociology,Quintile 3,3060
2021,(CAH15) social sciences,(CAH15-01-02) sociology,Quintile 3,3215
2022,(CAH15) social sciences,(CAH15-01-02) sociology,Quintile 3,3025
2023,(CAH15) social sciences,(CAH15-01-02) sociology,Quintile 3,2740
2024,(CAH15) social sciences,(CAH15-01-02) sociology,Quintile 3,2435
2019,(CAH15) social sciences,(CAH15-01-05) development studies,Quintile 3,70
2020,(CAH15) social sciences,(CAH15-01-05) development studies,Quintile 3,75
2021,(CAH15) social sciences,(CAH15-01-05) development studies,Quintile 3,70
2022,(CAH15) social sciences,(CAH15-01-05) development studies,Quintile 3,50
2023,(CAH15) social sciences,(CAH15-01-05) development studies,Quintile 3,70
2024,(CAH15) social sciences,(CAH15-01-05) development studies,Quintile 3,70
2019,(CAH15) social sciences,(CAH15-01-06) cultural studies,Quintile 3,45
2020,(CAH15) social sciences,(CAH15-01-06) cultural studies,Quintile 3,30
2021,(CAH15) social sciences,(CAH15-01-06) cultural studies,Quintile 3,40
2022,(CAH15) social sciences,(CAH15-01-06) cultural studies,Quintile 3,25
2023,(CAH15) social sciences,(CAH15-01-06) cultural studies,Quintile 3,30
2024,(CAH15) social sciences,(CAH15-01-06) cultural studies,Quintile 3,25
2019,(CAH03) biological and sport sciences,(CAH03-02-01) sport and exercise sciences,Quintile 3,2960
2020,(CAH03) biological and sport sciences,(CAH03-02-01) sport and exercise sciences,Quintile 3,3160
2021,(CAH03) biological and sport sciences,(CAH03-02-01) sport and exercise sciences,Quintile 3,3175
2022,(CAH03) biological and sport sciences,(CAH03-02-01) sport and exercise sciences,Quintile 3,3325
2023,(CAH03) biological and sport sciences,(CAH03-02-01) sport and exercise sciences,Quintile 3,2835
2024,(CAH03) biological and sport sciences,(CAH03-02-01) sport and exercise sciences,Quintile 3,2930
2019,(CAH03) biological and sport sciences,(CAH03-01-07) genetics,Quintile 3,55
2020,(CAH03) biological and sport sciences,(CAH03-01-07) genetics,Quintile 3,40
2021,(CAH03) biological and sport sciences,(CAH03-01-07) genetics,Quintile 3,50
2022,(CAH03) biological and sport sciences,(CAH03-01-07) genetics,Quintile 3,45
2023,(CAH03) biological and sport sciences,(CAH03-01-07) genetics,Quintile 3,35
2024,(CAH03) biological and sport sciences,(CAH03-01-07) genetics,Quintile 3,40
2019,(CAH03) biological and sport sciences,(CAH03-01-10) others in biosciences,Quintile 3,90
2020,(CAH03) biological and sport sciences,(CAH03-01-10) others in biosciences,Quintile 3,105
2021,(CAH03) biological and sport sciences,(CAH03-01-10) others in biosciences,Quintile 3,100
2022,(CAH03) biological and sport sciences,(CAH03-01-10) others in biosciences,Quintile 3,110
2023,(CAH03) biological and sport sciences,(CAH03-01-10) others in biosciences,Quintile 3,95
2024,(CAH03) biological and sport sciences,(CAH03-01-10) others in biosciences,Quintile 3,85
2019,(CAH03) biological and sport sciences,"(CAH03-01-08) molecular biology, biophysics and biochemistry",Quintile 3,570
2020,(CAH03) biological and sport sciences,"(CAH03-01-08) molecular biology, biophysics and biochemistry",Quintile 3,550
2021,(CAH03) biological and sport sciences,"(CAH03-01-08) molecular biology, biophysics and biochemistry",Quintile 3,585
2022,(CAH03) biological and sport sciences,"(CAH03-01-08) molecular biology, biophysics and biochemistry",Quintile 3,535
2023,(CAH03) biological and sport sciences,"(CAH03-01-08) molecular biology, biophysics and biochemistry",Quintile 3,555
2024,(CAH03) biological and sport sciences,"(CAH03-01-08) molecular biology, biophysics and biochemistry",Quintile 3,590
2019,(CAH03) biological and sport sciences,(CAH03-01-01) biosciences (non-specific),Quintile 3,450
2020,(CAH03) biological and sport sciences,(CAH03-01-01) biosciences (non-specific),Quintile 3,475
2021,(CAH03) biological and sport sciences,(CAH03-01-01) biosciences (non-specific),Quintile 3,460
2022,(CAH03) biological and sport sciences,(CAH03-01-01) biosciences (non-specific),Quintile 3,435
2023,(CAH03) biological and sport sciences,(CAH03-01-01) biosciences (non-specific),Quintile 3,490
2024,(CAH03) biological and sport sciences,(CAH03-01-01) biosciences (non-specific),Quintile 3,395
2019,(CAH03) biological and sport sciences,(CAH03-01-02) biology (non-specific),Quintile 3,725
2020,(CAH03) biological and sport sciences,(CAH03-01-02) biology (non-specific),Quintile 3,710
2021,(CAH03) biological and sport sciences,(CAH03-01-02) biology (non-specific),Quintile 3,670
2022,(CAH03) biological and sport sciences,(CAH03-01-02) biology (non-specific),Quintile 3,645
2023,(CAH03) biological and sport sciences,(CAH03-01-02) biology (non-specific),Quintile 3,675
2024,(CAH03) biological and sport sciences,(CAH03-01-02) biology (non-specific),Quintile 3,675
2019,(CAH03) biological and sport sciences,(CAH03-01-03) ecology and environmental biology,Quintile 3,380
2020,(CAH03) biological and sport sciences,(CAH03-01-03) ecology and environmental biology,Quintile 3,390
2021,(CAH03) biological and sport sciences,(CAH03-01-03) ecology and environmental biology,Quintile 3,420
2022,(CAH03) biological and sport sciences,(CAH03-01-03) ecology and environmental biology,Quintile 3,430
2023,(CAH03) biological and sport sciences,(CAH03-01-03) ecology and environmental biology,Quintile 3,410
2024,(CAH03) biological and sport sciences,(CAH03-01-03) ecology and environmental biology,Quintile 3,405
2019,(CAH03) biological and sport sciences,(CAH03-01-04) microbiology and cell science,Quintile 3,105
2020,(CAH03) biological and sport sciences,(CAH03-01-04) microbiology and cell science,Quintile 3,85
2021,(CAH03) biological and sport sciences,(CAH03-01-04) microbiology and cell science,Quintile 3,110
2022,(CAH03) biological and sport sciences,(CAH03-01-04) microbiology and cell science,Quintile 3,85
2023,(CAH03) biological and sport sciences,(CAH03-01-04) microbiology and cell science,Quintile 3,95
2024,(CAH03) biological and sport sciences,(CAH03-01-04) microbiology and cell science,Quintile 3,100
2019,(CAH03) biological and sport sciences,(CAH03-01-05) plant sciences,Quintile 3,10
2020,(CAH03) biological and sport sciences,(CAH03-01-05) plant sciences,Quintile 3,10
2021,(CAH03) biological and sport sciences,(CAH03-01-05) plant sciences,Quintile 3,15
2022,(CAH03) biological and sport sciences,(CAH03-01-05) plant sciences,Quintile 3,10
2023,(CAH03) biological and sport sciences,(CAH03-01-05) plant sciences,Quintile 3,20
2024,(CAH03) biological and sport sciences,(CAH03-01-05) plant sciences,Quintile 3,10
2019,(CAH03) biological and sport sciences,(CAH03-01-06) zoology,Quintile 3,355
2020,(CAH03) biological and sport sciences,(CAH03-01-06) zoology,Quintile 3,360
2021,(CAH03) biological and sport sciences,(CAH03-01-06) zoology,Quintile 3,375
2022,(CAH03) biological and sport sciences,(CAH03-01-06) zoology,Quintile 3,360
2023,(CAH03) biological and sport sciences,(CAH03-01-06) zoology,Quintile 3,300
2024,(CAH03) biological and sport sciences,(CAH03-01-06) zoology,Quintile 3,335
2019,(CAH03) biological and sport sciences,(CAH03-01-09) hair and beauty sciences,Quintile 3,20
2020,(CAH03) biological and sport sciences,(CAH03-01-09) hair and beauty sciences,Quintile 3,15
2021,(CAH03) biological and sport sciences,(CAH03-01-09) hair and beauty sciences,Quintile 3,10
2023,(CAH03) biological and sport sciences,(CAH03-01-09) hair and beauty sciences,Quintile 3,5
2024,(CAH03) biological and sport sciences,(CAH03-01-09) hair and beauty sciences,Quintile 3,5
2019,"(CAH13) architecture, building and planning",(CAH13-01-01) architecture,Quintile 3,825
2020,"(CAH13) architecture, building and planning",(CAH13-01-01) architecture,Quintile 3,845
2021,"(CAH13) architecture, building and planning",(CAH13-01-01) architecture,Quintile 3,905
2022,"(CAH13) architecture, building and planning",(CAH13-01-01) architecture,Quintile 3,920
2023,"(CAH13) architecture, building and planning",(CAH13-01-01) architecture,Quintile 3,870
2024,"(CAH13) architecture, building and planning",(CAH13-01-01) architecture,Quintile 3,955
2019,"(CAH13) architecture, building and planning",(CAH13-01-03) landscape design,Quintile 3,25
2020,"(CAH13) architecture, building and planning",(CAH13-01-03) landscape design,Quintile 3,35
2021,"(CAH13) architecture, building and planning",(CAH13-01-03) landscape design,Quintile 3,20
2022,"(CAH13) architecture, building and planning",(CAH13-01-03) landscape design,Quintile 3,25
2023,"(CAH13) architecture, building and planning",(CAH13-01-03) landscape design,Quintile 3,30
2024,"(CAH13) architecture, building and planning",(CAH13-01-03) landscape design,Quintile 3,35
2019,"(CAH13) architecture, building and planning",(CAH13-01-02) building,Quintile 3,615
2020,"(CAH13) architecture, building and planning",(CAH13-01-02) building,Quintile 3,640
2021,"(CAH13) architecture, building and planning",(CAH13-01-02) building,Quintile 3,635
2022,"(CAH13) architecture, building and planning",(CAH13-01-02) building,Quintile 3,990
2023,"(CAH13) architecture, building and planning",(CAH13-01-02) building,Quintile 3,1065
2024,"(CAH13) architecture, building and planning",(CAH13-01-02) building,Quintile 3,1145
2019,"(CAH13) architecture, building and planning","(CAH13-01-04) planning (urban, rural and regional)",Quintile 3,190
2020,"(CAH13) architecture, building and planning","(CAH13-01-04) planning (urban, rural and regional)",Quintile 3,185
2021,"(CAH13) architecture, building and planning","(CAH13-01-04) planning (urban, rural and regional)",Quintile 3,135
2022,"(CAH13) architecture, building and planning","(CAH13-01-04) planning (urban, rural and regional)",Quintile 3,120
2023,"(CAH13) architecture, building and planning","(CAH13-01-04) planning (urban, rural and regional)",Quintile 3,120
2024,"(CAH13) architecture, building and planning","(CAH13-01-04) planning (urban, rural and regional)",Quintile 3,125
2019,(CAH01) medicine and dentistry,(CAH01-01-03) medicine by specialism,Quintile 3,30
2020,(CAH01) medicine and dentistry,(CAH01-01-03) medicine by specialism,Quintile 3,55
2021,(CAH01) medicine and dentistry,(CAH01-01-03) medicine by specialism,Quintile 3,45
2022,(CAH01) medicine and dentistry,(CAH01-01-03) medicine by specialism,Quintile 3,40
2023,(CAH01) medicine and dentistry,(CAH01-01-03) medicine by specialism,Quintile 3,35
2024,(CAH01) medicine and dentistry,(CAH01-01-03) medicine by specialism,Quintile 3,40
2019,(CAH01) medicine and dentistry,(CAH01-01-04) dentistry,Quintile 3,225
2020,(CAH01) medicine and dentistry,(CAH01-01-04) dentistry,Quintile 3,260
2021,(CAH01) medicine and dentistry,(CAH01-01-04) dentistry,Quintile 3,285
2022,(CAH01) medicine and dentistry,(CAH01-01-04) dentistry,Quintile 3,220
2023,(CAH01) medicine and dentistry,(CAH01-01-04) dentistry,Quintile 3,235
2024,(CAH01) medicine and dentistry,(CAH01-01-04) dentistry,Quintile 3,240
2019,(CAH01) medicine and dentistry,(CAH01-01-02) medicine (non-specific),Quintile 3,1575
2020,(CAH01) medicine and dentistry,(CAH01-01-02) medicine (non-specific),Quintile 3,1585
2021,(CAH01) medicine and dentistry,(CAH01-01-02) medicine (non-specific),Quintile 3,1800
2022,(CAH01) medicine and dentistry,(CAH01-01-02) medicine (non-specific),Quintile 3,1540
2023,(CAH01) medicine and dentistry,(CAH01-01-02) medicine (non-specific),Quintile 3,1620
2024,(CAH01) medicine and dentistry,(CAH01-01-02) medicine (non-specific),Quintile 3,1810
2019,(CAH01) medicine and dentistry,(CAH01-01-01) medical sciences (non-specific),Quintile 3,65
2020,(CAH01) medicine and dentistry,(CAH01-01-01) medical sciences (non-specific),Quintile 3,85
2021,(CAH01) medicine and dentistry,(CAH01-01-01) medical sciences (non-specific),Quintile 3,75
2022,(CAH01) medicine and dentistry,(CAH01-01-01) medical sciences (non-specific),Quintile 3,70
2023,(CAH01) medicine and dentistry,(CAH01-01-01) medical sciences (non-specific),Quintile 3,75
2024,(CAH01) medicine and dentistry,(CAH01-01-01) medical sciences (non-specific),Quintile 3,75
2019,"(CAH20) historical, philosophical and religious studies",(CAH20-01-01) history,Quintile 3,1940
2020,"(CAH20) historical, philosophical and religious studies",(CAH20-01-01) history,Quintile 3,1850
2021,"(CAH20) historical, philosophical and religious studies",(CAH20-01-01) history,Quintile 3,1710
2022,"(CAH20) historical, philosophical and religious studies",(CAH20-01-01) history,Quintile 3,1735
2023,"(CAH20) historical, philosophical and religious studies",(CAH20-01-01) history,Quintile 3,1760
2024,"(CAH20) historical, philosophical and religious studies",(CAH20-01-01) history,Quintile 3,1685
2019,"(CAH20) historical, philosophical and religious studies",(CAH20-01-03) archaeology,Quintile 3,170
2020,"(CAH20) historical, philosophical and religious studies",(CAH20-01-03) archaeology,Quintile 3,145
2021,"(CAH20) historical, philosophical and religious studies",(CAH20-01-03) archaeology,Quintile 3,145
2022,"(CAH20) historical, philosophical and religious studies",(CAH20-01-03) archaeology,Quintile 3,145
2023,"(CAH20) historical, philosophical and religious studies",(CAH20-01-03) archaeology,Quintile 3,190
2024,"(CAH20) historical, philosophical and religious studies",(CAH20-01-03) archaeology,Quintile 3,170
2019,"(CAH20) historical, philosophical and religious studies",(CAH20-01-05) classics,Quintile 3,225
2020,"(CAH20) historical, philosophical and religious studies",(CAH20-01-05) classics,Quintile 3,230
2021,"(CAH20) historical, philosophical and religious studies",(CAH20-01-05) classics,Quintile 3,200
2022,"(CAH20) historical, philosophical and religious studies",(CAH20-01-05) classics,Quintile 3,230
2023,"(CAH20) historical, philosophical and religious studies",(CAH20-01-05) classics,Quintile 3,260
2024,"(CAH20) historical, philosophical and religious studies",(CAH20-01-05) classics,Quintile 3,255
2019,"(CAH20) historical, philosophical and religious studies","(CAH20-01-02) history of art, architecture and design",Quintile 3,200
2020,"(CAH20) historical, philosophical and religious studies","(CAH20-01-02) history of art, architecture and design",Quintile 3,200
2021,"(CAH20) historical, philosophical and religious studies","(CAH20-01-02) history of art, architecture and design",Quintile 3,195
2022,"(CAH20) historical, philosophical and religious studies","(CAH20-01-02) history of art, architecture and design",Quintile 3,215
2023,"(CAH20) historical, philosophical and religious studies","(CAH20-01-02) history of art, architecture and design",Quintile 3,210
2024,"(CAH20) historical, philosophical and religious studies","(CAH20-01-02) history of art, architecture and design",Quintile 3,185
2019,"(CAH20) historical, philosophical and religious studies",(CAH20-02-01) philosophy,Quintile 3,600
2020,"(CAH20) historical, philosophical and religious studies",(CAH20-02-01) philosophy,Quintile 3,560
2021,"(CAH20) historical, philosophical and religious studies",(CAH20-02-01) philosophy,Quintile 3,600
2022,"(CAH20) historical, philosophical and religious studies",(CAH20-02-01) philosophy,Quintile 3,595
2023,"(CAH20) historical, philosophical and religious studies",(CAH20-02-01) philosophy,Quintile 3,560
2024,"(CAH20) historical, philosophical and religious studies",(CAH20-02-01) philosophy,Quintile 3,555
2019,"(CAH20) historical, philosophical and religious studies",(CAH20-02-02) theology and religious studies,Quintile 3,195
2020,"(CAH20) historical, philosophical and religious studies",(CAH20-02-02) theology and religious studies,Quintile 3,165
2021,"(CAH20) historical, philosophical and religious studies",(CAH20-02-02) theology and religious studies,Quintile 3,165
2022,"(CAH20) historical, philosophical and religious studies",(CAH20-02-02) theology and religious studies,Quintile 3,145
2023,"(CAH20) historical, philosophical and religious studies",(CAH20-02-02) theology and religious studies,Quintile 3,135
2024,"(CAH20) historical, philosophical and religious studies",(CAH20-02-02) theology and religious studies,Quintile 3,160
2019,"(CAH20) historical, philosophical and religious studies",(CAH20-01-04) heritage studies,Quintile 3,5
2020,"(CAH20) historical, philosophical and religious studies",(CAH20-01-04) heritage studies,Quintile 3,15
2021,"(CAH20) historical, philosophical and religious studies",(CAH20-01-04) heritage studies,Quintile 3,5
2022,"(CAH20) historical, philosophical and religious studies",(CAH20-01-04) heritage studies,Quintile 3,15
2023,"(CAH20) historical, philosophical and religious studies",(CAH20-01-04) heritage studies,Quintile 3,10
2024,"(CAH20) historical, philosophical and religious studies",(CAH20-01-04) heritage studies,Quintile 3,10
2019,(CAH11) computing,(CAH11-01-08) others in computing,Quintile 3,225
2020,(CAH11) computing,(CAH11-01-08) others in computing,Quintile 3,235
2021,(CAH11) computing,(CAH11-01-08) others in computing,Quintile 3,195
2022,(CAH11) computing,(CAH11-01-08) others in computing,Quintile 3,170
2023,(CAH11) computing,(CAH11-01-08) others in computing,Quintile 3,145
2024,(CAH11) computing,(CAH11-01-08) others in computing,Quintile 3,210
2019,(CAH11) computing,(CAH11-01-05) artificial intelligence,Quintile 3,55
2020,(CAH11) computing,(CAH11-01-05) artificial intelligence,Quintile 3,75
2021,(CAH11) computing,(CAH11-01-05) artificial intelligence,Quintile 3,80
2022,(CAH11) computing,(CAH11-01-05) artificial intelligence,Quintile 3,80
2023,(CAH11) computing,(CAH11-01-05) artificial intelligence,Quintile 3,120
2024,(CAH11) computing,(CAH11-01-05) artificial intelligence,Quintile 3,145
2019,(CAH11) computing,(CAH11-01-07) business computing,Quintile 3,205
2020,(CAH11) computing,(CAH11-01-07) business computing,Quintile 3,200
2021,(CAH11) computing,(CAH11-01-07) business computing,Quintile 3,185
2022,(CAH11) computing,(CAH11-01-07) business computing,Quintile 3,170
2023,(CAH11) computing,(CAH11-01-07) business computing,Quintile 3,130
2024,(CAH11) computing,(CAH11-01-07) business computing,Quintile 3,115
2019,(CAH11) computing,(CAH11-01-06) computer games and animation,Quintile 3,1000
2020,(CAH11) computing,(CAH11-01-06) computer games and animation,Quintile 3,985
2021,(CAH11) computing,(CAH11-01-06) computer games and animation,Quintile 3,975
2022,(CAH11) computing,(CAH11-01-06) computer games and animation,Quintile 3,1105
2023,(CAH11) computing,(CAH11-01-06) computer games and animation,Quintile 3,1050
2024,(CAH11) computing,(CAH11-01-06) computer games and animation,Quintile 3,1110
2019,(CAH11) computing,(CAH11-01-01) computer science,Quintile 3,2425
2020,(CAH11) computing,(CAH11-01-01) computer science,Quintile 3,2555
2021,(CAH11) computing,(CAH11-01-01) computer science,Quintile 3,2605
2022,(CAH11) computing,(CAH11-01-01) computer science,Quintile 3,2775
2023,(CAH11) computing,(CAH11-01-01) computer science,Quintile 3,2920
2024,(CAH11) computing,(CAH11-01-01) computer science,Quintile 3,3125
2019,(CAH11) computing,(CAH11-01-02) information technology,Quintile 3,195
2020,(CAH11) computing,(CAH11-01-02) information technology,Quintile 3,200
2021,(CAH11) computing,(CAH11-01-02) information technology,Quintile 3,180
2022,(CAH11) computing,(CAH11-01-02) information technology,Quintile 3,185
2023,(CAH11) computing,(CAH11-01-02) information technology,Quintile 3,140
2024,(CAH11) computing,(CAH11-01-02) information technology,Quintile 3,125
2019,(CAH11) computing,(CAH11-01-03) information systems,Quintile 3,135
2020,(CAH11) computing,(CAH11-01-03) information systems,Quintile 3,130
2021,(CAH11) computing,(CAH11-01-03) information systems,Quintile 3,135
2022,(CAH11) computing,(CAH11-01-03) information systems,Quintile 3,120
2023,(CAH11) computing,(CAH11-01-03) information systems,Quintile 3,120
2024,(CAH11) computing,(CAH11-01-03) information systems,Quintile 3,125
2019,(CAH11) computing,(CAH11-01-04) software engineering,Quintile 3,525
2020,(CAH11) computing,(CAH11-01-04) software engineering,Quintile 3,605
2021,(CAH11) computing,(CAH11-01-04) software engineering,Quintile 3,630
2022,(CAH11) computing,(CAH11-01-04) software engineering,Quintile 3,700
2023,(CAH11) computing,(CAH11-01-04) software engineering,Quintile 3,745
2024,(CAH11) computing,(CAH11-01-04) software engineering,Quintile 3,850
2019,"(CAH26) geography, earth and environmental studies",(CAH26-01-06) earth sciences,Quintile 3,320
2020,"(CAH26) geography, earth and environmental studies",(CAH26-01-06) earth sciences,Quintile 3,285
2021,"(CAH26) geography, earth and environmental studies",(CAH26-01-06) earth sciences,Quintile 3,300
2022,"(CAH26) geography, earth and environmental studies",(CAH26-01-06) earth sciences,Quintile 3,310
2023,"(CAH26) geography, earth and environmental studies",(CAH26-01-06) earth sciences,Quintile 3,300
2024,"(CAH26) geography, earth and environmental studies",(CAH26-01-06) earth sciences,Quintile 3,280
2019,"(CAH26) geography, earth and environmental studies",(CAH26-01-04) environmental sciences,Quintile 3,200
2020,"(CAH26) geography, earth and environmental studies",(CAH26-01-04) environmental sciences,Quintile 3,245
2021,"(CAH26) geography, earth and environmental studies",(CAH26-01-04) environmental sciences,Quintile 3,240
2022,"(CAH26) geography, earth and environmental studies",(CAH26-01-04) environmental sciences,Quintile 3,235
2023,"(CAH26) geography, earth and environmental studies",(CAH26-01-04) environmental sciences,Quintile 3,230
2024,"(CAH26) geography, earth and environmental studies",(CAH26-01-04) environmental sciences,Quintile 3,260
2019,"(CAH26) geography, earth and environmental studies",(CAH26-01-02) physical geographical sciences,Quintile 3,380
2020,"(CAH26) geography, earth and environmental studies",(CAH26-01-02) physical geographical sciences,Quintile 3,425
2021,"(CAH26) geography, earth and environmental studies",(CAH26-01-02) physical geographical sciences,Quintile 3,440
2022,"(CAH26) geography, earth and environmental studies",(CAH26-01-02) physical geographical sciences,Quintile 3,425
2023,"(CAH26) geography, earth and environmental studies",(CAH26-01-02) physical geographical sciences,Quintile 3,420
2024,"(CAH26) geography, earth and environmental studies",(CAH26-01-02) physical geographical sciences,Quintile 3,425
2019,"(CAH26) geography, earth and environmental studies",(CAH26-01-01) geography (non-specific),Quintile 3,215
2020,"(CAH26) geography, earth and environmental studies",(CAH26-01-01) geography (non-specific),Quintile 3,195
2021,"(CAH26) geography, earth and environmental studies",(CAH26-01-01) geography (non-specific),Quintile 3,180
2022,"(CAH26) geography, earth and environmental studies",(CAH26-01-01) geography (non-specific),Quintile 3,210
2023,"(CAH26) geography, earth and environmental studies",(CAH26-01-01) geography (non-specific),Quintile 3,215
2024,"(CAH26) geography, earth and environmental studies",(CAH26-01-01) geography (non-specific),Quintile 3,205
2019,"(CAH26) geography, earth and environmental studies",(CAH26-01-03) human geography,Quintile 3,585
2020,"(CAH26) geography, earth and environmental studies",(CAH26-01-03) human geography,Quintile 3,515
2021,"(CAH26) geography, earth and environmental studies",(CAH26-01-03) human geography,Quintile 3,530
2022,"(CAH26) geography, earth and environmental studies",(CAH26-01-03) human geography,Quintile 3,455
2023,"(CAH26) geography, earth and environmental studies",(CAH26-01-03) human geography,Quintile 3,520
2024,"(CAH26) geography, earth and environmental studies",(CAH26-01-03) human geography,Quintile 3,495
2019,(CAH07) physical sciences,(CAH07-04-02) forensic and archaeological sciences,Quintile 3,470
2020,(CAH07) physical sciences,(CAH07-04-02) forensic and archaeological sciences,Quintile 3,450
2021,(CAH07) physical sciences,(CAH07-04-02) forensic and archaeological sciences,Quintile 3,500
2022,(CAH07) physical sciences,(CAH07-04-02) forensic and archaeological sciences,Quintile 3,505
2023,(CAH07) physical sciences,(CAH07-04-02) forensic and archaeological sciences,Quintile 3,440
2024,(CAH07) physical sciences,(CAH07-04-02) forensic and archaeological sciences,Quintile 3,455
2019,(CAH07) physical sciences,(CAH07-04-03) sciences (non-specific),Quintile 3,85
2020,(CAH07) physical sciences,(CAH07-04-03) sciences (non-specific),Quintile 3,90
2021,(CAH07) physical sciences,(CAH07-04-03) sciences (non-specific),Quintile 3,70
2022,(CAH07) physical sciences,(CAH07-04-03) sciences (non-specific),Quintile 3,115
2023,(CAH07) physical sciences,(CAH07-04-03) sciences (non-specific),Quintile 3,125
2024,(CAH07) physical sciences,(CAH07-04-03) sciences (non-specific),Quintile 3,130
2019,(CAH07) physical sciences,(CAH07-04-04) natural sciences (non-specific),Quintile 3,110
2020,(CAH07) physical sciences,(CAH07-04-04) natural sciences (non-specific),Quintile 3,135
2021,(CAH07) physical sciences,(CAH07-04-04) natural sciences (non-specific),Quintile 3,125
2022,(CAH07) physical sciences,(CAH07-04-04) natural sciences (non-specific),Quintile 3,130
2023,(CAH07) physical sciences,(CAH07-04-04) natural sciences (non-specific),Quintile 3,100
2024,(CAH07) physical sciences,(CAH07-04-04) natural sciences (non-specific),Quintile 3,110
2019,(CAH07) physical sciences,(CAH07-02-01) chemistry,Quintile 3,820
2020,(CAH07) physical sciences,(CAH07-02-01) chemistry,Quintile 3,805
2021,(CAH07) physical sciences,(CAH07-02-01) chemistry,Quintile 3,745
2022,(CAH07) physical sciences,(CAH07-02-01) chemistry,Quintile 3,755
2023,(CAH07) physical sciences,(CAH07-02-01) chemistry,Quintile 3,775
2024,(CAH07) physical sciences,(CAH07-02-01) chemistry,Quintile 3,800
2019,(CAH07) physical sciences,(CAH07-01-02) astronomy,Quintile 3,115
2020,(CAH07) physical sciences,(CAH07-01-02) astronomy,Quintile 3,100
2021,(CAH07) physical sciences,(CAH07-01-02) astronomy,Quintile 3,125
2022,(CAH07) physical sciences,(CAH07-01-02) astronomy,Quintile 3,115
2023,(CAH07) physical sciences,(CAH07-01-02) astronomy,Quintile 3,120
2024,(CAH07) physical sciences,(CAH07-01-02) astronomy,Quintile 3,135
2019,(CAH07) physical sciences,(CAH07-01-01) physics,Quintile 3,840
2020,(CAH07) physical sciences,(CAH07-01-01) physics,Quintile 3,845
2021,(CAH07) physical sciences,(CAH07-01-01) physics,Quintile 3,790
2022,(CAH07) physical sciences,(CAH07-01-01) physics,Quintile 3,785
2023,(CAH07) physical sciences,(CAH07-01-01) physics,Quintile 3,760
2024,(CAH07) physical sciences,(CAH07-01-01) physics,Quintile 3,810
2019,(CAH07) physical sciences,(CAH07-04-01) physical sciences (non-specific),Quintile 3,25
2020,(CAH07) physical sciences,(CAH07-04-01) physical sciences (non-specific),Quintile 3,5
2021,(CAH07) physical sciences,(CAH07-04-01) physical sciences (non-specific),Quintile 3,5
2022,(CAH07) physical sciences,(CAH07-04-01) physical sciences (non-specific),Quintile 3,5
2023,(CAH07) physical sciences,(CAH07-04-01) physical sciences (non-specific),Quintile 3,5
2024,(CAH07) physical sciences,(CAH07-04-01) physical sciences (non-specific),Quintile 3,5
2019,(CAH04) psychology,(CAH04-01-02) applied psychology,Quintile 3,455
2020,(CAH04) psychology,(CAH04-01-02) applied psychology,Quintile 3,515
2021,(CAH04) psychology,(CAH04-01-02) applied psychology,Quintile 3,540
2022,(CAH04) psychology,(CAH04-01-02) applied psychology,Quintile 3,505
2023,(CAH04) psychology,(CAH04-01-02) applied psychology,Quintile 3,505
2024,(CAH04) psychology,(CAH04-01-02) applied psychology,Quintile 3,465
2019,(CAH04) psychology,(CAH04-01-04) psychology and health,Quintile 3,45
2020,(CAH04) psychology,(CAH04-01-04) psychology and health,Quintile 3,50
2021,(CAH04) psychology,(CAH04-01-04) psychology and health,Quintile 3,65
2022,(CAH04) psychology,(CAH04-01-04) psychology and health,Quintile 3,55
2023,(CAH04) psychology,(CAH04-01-04) psychology and health,Quintile 3,50
2024,(CAH04) psychology,(CAH04-01-04) psychology and health,Quintile 3,45
2019,(CAH04) psychology,(CAH04-01-03) developmental psychology,Quintile 3,70
2020,(CAH04) psychology,(CAH04-01-03) developmental psychology,Quintile 3,80
2021,(CAH04) psychology,(CAH04-01-03) developmental psychology,Quintile 3,105
2022,(CAH04) psychology,(CAH04-01-03) developmental psychology,Quintile 3,100
2023,(CAH04) psychology,(CAH04-01-03) developmental psychology,Quintile 3,80
2024,(CAH04) psychology,(CAH04-01-03) developmental psychology,Quintile 3,95
2019,(CAH04) psychology,(CAH04-01-01) psychology (non-specific),Quintile 3,3700
2020,(CAH04) psychology,(CAH04-01-01) psychology (non-specific),Quintile 3,3895
2021,(CAH04) psychology,(CAH04-01-01) psychology (non-specific),Quintile 3,4080
2022,(CAH04) psychology,(CAH04-01-01) psychology (non-specific),Quintile 3,3980
2023,(CAH04) psychology,(CAH04-01-01) psychology (non-specific),Quintile 3,3840
2024,(CAH04) psychology,(CAH04-01-01) psychology (non-specific),Quintile 3,3705
2019,(CAH04) psychology,(CAH04-01-05) others in psychology,Quintile 3,75
2020,(CAH04) psychology,(CAH04-01-05) others in psychology,Quintile 3,70
2021,(CAH04) psychology,(CAH04-01-05) others in psychology,Quintile 3,70
2022,(CAH04) psychology,(CAH04-01-05) others in psychology,Quintile 3,85
2023,(CAH04) psychology,(CAH04-01-05) others in psychology,Quintile 3,65
2024,(CAH04) psychology,(CAH04-01-05) others in psychology,Quintile 3,80
2019,(CAH09) mathematical sciences,(CAH09-01-01) mathematics,Quintile 3,1310
2020,(CAH09) mathematical sciences,(CAH09-01-01) mathematics,Quintile 3,1250
2021,(CAH09) mathematical sciences,(CAH09-01-01) mathematics,Quintile 3,1310
2022,(CAH09) mathematical sciences,(CAH09-01-01) mathematics,Quintile 3,1315
2023,(CAH09) mathematical sciences,(CAH09-01-01) mathematics,Quintile 3,1300
2024,(CAH09) mathematical sciences,(CAH09-01-01) mathematics,Quintile 3,1385
2019,(CAH09) mathematical sciences,(CAH09-01-02) operational research,Quintile 3,5
2020,(CAH09) mathematical sciences,(CAH09-01-02) operational research,Quintile 3,10
2021,(CAH09) mathematical sciences,(CAH09-01-02) operational research,Quintile 3,10
2022,(CAH09) mathematical sciences,(CAH09-01-02) operational research,Quintile 3,5
2023,(CAH09) mathematical sciences,(CAH09-01-02) operational research,Quintile 3,5
2024,(CAH09) mathematical sciences,(CAH09-01-02) operational research,Quintile 3,10
2019,(CAH09) mathematical sciences,(CAH09-01-03) statistics,Quintile 3,40
2020,(CAH09) mathematical sciences,(CAH09-01-03) statistics,Quintile 3,60
2021,(CAH09) mathematical sciences,(CAH09-01-03) statistics,Quintile 3,70
2022,(CAH09) mathematical sciences,(CAH09-01-03) statistics,Quintile 3,60
2023,(CAH09) mathematical sciences,(CAH09-01-03) statistics,Quintile 3,60
2024,(CAH09) mathematical sciences,(CAH09-01-03) statistics,Quintile 3,65
2019,(CAH22) education and teaching,(CAH22-01-01) education,Quintile 3,1320
2020,(CAH22) education and teaching,(CAH22-01-01) education,Quintile 3,1240
2021,(CAH22) education and teaching,(CAH22-01-01) education,Quintile 3,1095
2022,(CAH22) education and teaching,(CAH22-01-01) education,Quintile 3,1130
2023,(CAH22) education and teaching,(CAH22-01-01) education,Quintile 3,975
2024,(CAH22) education and teaching,(CAH22-01-01) education,Quintile 3,1040
2019,(CAH22) education and teaching,(CAH22-01-02) teacher training,Quintile 3,1735
2020,(CAH22) education and teaching,(CAH22-01-02) teacher training,Quintile 3,1895
2021,(CAH22) education and teaching,(CAH22-01-02) teacher training,Quintile 3,1855
2022,(CAH22) education and teaching,(CAH22-01-02) teacher training,Quintile 3,1825
2023,(CAH22) education and teaching,(CAH22-01-02) teacher training,Quintile 3,1660
2024,(CAH22) education and teaching,(CAH22-01-02) teacher training,Quintile 3,1635
2019,"(CAH06) agriculture, food and related studies",(CAH06-01-04) rural estate management,Quintile 3,35
2020,"(CAH06) agriculture, food and related studies",(CAH06-01-04) rural estate management,Quintile 3,50
2021,"(CAH06) agriculture, food and related studies",(CAH06-01-04) rural estate management,Quintile 3,35
2022,"(CAH06) agriculture, food and related studies",(CAH06-01-04) rural estate management,Quintile 3,35
2023,"(CAH06) agriculture, food and related studies",(CAH06-01-04) rural estate management,Quintile 3,35
2024,"(CAH06) agriculture, food and related studies",(CAH06-01-04) rural estate management,Quintile 3,40
2019,"(CAH06) agriculture, food and related studies",(CAH06-01-02) agricultural sciences,Quintile 3,20
2020,"(CAH06) agriculture, food and related studies",(CAH06-01-02) agricultural sciences,Quintile 3,25
2021,"(CAH06) agriculture, food and related studies",(CAH06-01-02) agricultural sciences,Quintile 3,15
2022,"(CAH06) agriculture, food and related studies",(CAH06-01-02) agricultural sciences,Quintile 3,15
2023,"(CAH06) agriculture, food and related studies",(CAH06-01-02) agricultural sciences,Quintile 3,25
2024,"(CAH06) agriculture, food and related studies",(CAH06-01-02) agricultural sciences,Quintile 3,20
2019,"(CAH06) agriculture, food and related studies",(CAH06-01-03) agriculture,Quintile 3,465
2020,"(CAH06) agriculture, food and related studies",(CAH06-01-03) agriculture,Quintile 3,545
2021,"(CAH06) agriculture, food and related studies",(CAH06-01-03) agriculture,Quintile 3,515
2022,"(CAH06) agriculture, food and related studies",(CAH06-01-03) agriculture,Quintile 3,520
2023,"(CAH06) agriculture, food and related studies",(CAH06-01-03) agriculture,Quintile 3,475
2024,"(CAH06) agriculture, food and related studies",(CAH06-01-03) agriculture,Quintile 3,460
2019,"(CAH06) agriculture, food and related studies",(CAH06-01-01) animal science,Quintile 3,500
2020,"(CAH06) agriculture, food and related studies",(CAH06-01-01) animal science,Quintile 3,470
2021,"(CAH06) agriculture, food and related studies",(CAH06-01-01) animal science,Quintile 3,490
2022,"(CAH06) agriculture, food and related studies",(CAH06-01-01) animal science,Quintile 3,465
2023,"(CAH06) agriculture, food and related studies",(CAH06-01-01) animal science,Quintile 3,405
2024,"(CAH06) agriculture, food and related studies",(CAH06-01-01) animal science,Quintile 3,360
2019,"(CAH06) agriculture, food and related studies",(CAH06-01-05) forestry and arboriculture,Quintile 3,20
2020,"(CAH06) agriculture, food and related studies",(CAH06-01-05) forestry and arboriculture,Quintile 3,20
2021,"(CAH06) agriculture, food and related studies",(CAH06-01-05) forestry and arboriculture,Quintile 3,25
2022,"(CAH06) agriculture, food and related studies",(CAH06-01-05) forestry and arboriculture,Quintile 3,25
2023,"(CAH06) agriculture, food and related studies",(CAH06-01-05) forestry and arboriculture,Quintile 3,15
2024,"(CAH06) agriculture, food and related studies",(CAH06-01-05) forestry and arboriculture,Quintile 3,15
2019,"(CAH06) agriculture, food and related studies",(CAH06-01-08) food and beverage production,Quintile 3,30
2020,"(CAH06) agriculture, food and related studies",(CAH06-01-08) food and beverage production,Quintile 3,25
2021,"(CAH06) agriculture, food and related studies",(CAH06-01-08) food and beverage production,Quintile 3,35
2022,"(CAH06) agriculture, food and related studies",(CAH06-01-08) food and beverage production,Quintile 3,25
2023,"(CAH06) agriculture, food and related studies",(CAH06-01-08) food and beverage production,Quintile 3,30
2024,"(CAH06) agriculture, food and related studies",(CAH06-01-08) food and beverage production,Quintile 3,30
2019,"(CAH06) agriculture, food and related studies",(CAH06-01-07) food sciences,Quintile 3,30
2020,"(CAH06) agriculture, food and related studies",(CAH06-01-07) food sciences,Quintile 3,50
2021,"(CAH06) agriculture, food and related studies",(CAH06-01-07) food sciences,Quintile 3,60
2022,"(CAH06) agriculture, food and related studies",(CAH06-01-07) food sciences,Quintile 3,45
2023,"(CAH06) agriculture, food and related studies",(CAH06-01-07) food sciences,Quintile 3,35
2024,"(CAH06) agriculture, food and related studies",(CAH06-01-07) food sciences,Quintile 3,30
2019,"(CAH06) agriculture, food and related studies",(CAH06-01-06) food and beverage studies (non-specific),Quintile 3,40
2020,"(CAH06) agriculture, food and related studies",(CAH06-01-06) food and beverage studies (non-specific),Quintile 3,25
2021,"(CAH06) agriculture, food and related studies",(CAH06-01-06) food and beverage studies (non-specific),Quintile 3,25
2022,"(CAH06) agriculture, food and related studies",(CAH06-01-06) food and beverage studies (non-specific),Quintile 3,30
2023,"(CAH06) agriculture, food and related studies",(CAH06-01-06) food and beverage studies (non-specific),Quintile 3,25
2024,"(CAH06) agriculture, food and related studies",(CAH06-01-06) food and beverage studies (non-specific),Quintile 3,20
2019,(CAH16) law,(CAH16-01-01) law,Quintile 3,3880
2020,(CAH16) law,(CAH16-01-01) law,Quintile 3,4075
2021,(CAH16) law,(CAH16-01-01) law,Quintile 3,4080
2022,(CAH16) law,(CAH16-01-01) law,Quintile 3,4170
2023,(CAH16) law,(CAH16-01-01) law,Quintile 3,4190
2024,(CAH16) law,(CAH16-01-01) law,Quintile 3,4380
2019,(CAH05) veterinary sciences,(CAH05-01-01) veterinary medicine and dentistry,Quintile 3,260
2020,(CAH05) veterinary sciences,(CAH05-01-01) veterinary medicine and dentistry,Quintile 3,295
2021,(CAH05) veterinary sciences,(CAH05-01-01) veterinary medicine and dentistry,Quintile 3,295
2022,(CAH05) veterinary sciences,(CAH05-01-01) veterinary medicine and dentistry,Quintile 3,260
2023,(CAH05) veterinary sciences,(CAH05-01-01) veterinary medicine and dentistry,Quintile 3,295
2024,(CAH05) veterinary sciences,(CAH05-01-01) veterinary medicine and dentistry,Quintile 3,300
2019,(CAH05) veterinary sciences,(CAH05-01-02) others in veterinary sciences,Quintile 3,170
2020,(CAH05) veterinary sciences,(CAH05-01-02) others in veterinary sciences,Quintile 3,165
2021,(CAH05) veterinary sciences,(CAH05-01-02) others in veterinary sciences,Quintile 3,185
2022,(CAH05) veterinary sciences,(CAH05-01-02) others in veterinary sciences,Quintile 3,165
2023,(CAH05) veterinary sciences,(CAH05-01-02) others in veterinary sciences,Quintile 3,125
2024,(CAH05) veterinary sciences,(CAH05-01-02) others in veterinary sciences,Quintile 3,165
2019,"(CAH25) design, and creative and performing arts",(CAH25-01-03) design studies,Quintile 4,3595
2020,"(CAH25) design, and creative and performing arts",(CAH25-01-03) design studies,Quintile 4,3600
2021,"(CAH25) design, and creative and performing arts",(CAH25-01-03) design studies,Quintile 4,3375
2022,"(CAH25) design, and creative and performing arts",(CAH25-01-03) design studies,Quintile 4,3385
2023,"(CAH25) design, and creative and performing arts",(CAH25-01-03) design studies,Quintile 4,3205
2024,"(CAH25) design, and creative and performing arts",(CAH25-01-03) design studies,Quintile 4,3215
2019,"(CAH25) design, and creative and performing arts",(CAH25-02-02) music,Quintile 4,1895
2020,"(CAH25) design, and creative and performing arts",(CAH25-02-02) music,Quintile 4,1975
2021,"(CAH25) design, and creative and performing arts",(CAH25-02-02) music,Quintile 4,1920
2022,"(CAH25) design, and creative and performing arts",(CAH25-02-02) music,Quintile 4,1930
2023,"(CAH25) design, and creative and performing arts",(CAH25-02-02) music,Quintile 4,1870
2024,"(CAH25) design, and creative and performing arts",(CAH25-02-02) music,Quintile 4,1870
2019,"(CAH25) design, and creative and performing arts",(CAH25-01-04) cinematics and photography,Quintile 4,1990
2020,"(CAH25) design, and creative and performing arts",(CAH25-01-04) cinematics and photography,Quintile 4,2000
2021,"(CAH25) design, and creative and performing arts",(CAH25-01-04) cinematics and photography,Quintile 4,1950
2022,"(CAH25) design, and creative and performing arts",(CAH25-01-04) cinematics and photography,Quintile 4,2020
2023,"(CAH25) design, and creative and performing arts",(CAH25-01-04) cinematics and photography,Quintile 4,1925
2024,"(CAH25) design, and creative and performing arts",(CAH25-01-04) cinematics and photography,Quintile 4,1835
2019,"(CAH25) design, and creative and performing arts",(CAH25-01-02) art,Quintile 4,905
2020,"(CAH25) design, and creative and performing arts",(CAH25-01-02) art,Quintile 4,860
2021,"(CAH25) design, and creative and performing arts",(CAH25-01-02) art,Quintile 4,835
2022,"(CAH25) design, and creative and performing arts",(CAH25-01-02) art,Quintile 4,865
2023,"(CAH25) design, and creative and performing arts",(CAH25-01-02) art,Quintile 4,830
2024,"(CAH25) design, and creative and performing arts",(CAH25-01-02) art,Quintile 4,820
2019,"(CAH25) design, and creative and performing arts",(CAH25-02-03) drama,Quintile 4,1230
2020,"(CAH25) design, and creative and performing arts",(CAH25-02-03) drama,Quintile 4,1260
2021,"(CAH25) design, and creative and performing arts",(CAH25-02-03) drama,Quintile 4,1215
2022,"(CAH25) design, and creative and performing arts",(CAH25-02-03) drama,Quintile 4,1225
2023,"(CAH25) design, and creative and performing arts",(CAH25-02-03) drama,Quintile 4,1180
2024,"(CAH25) design, and creative and performing arts",(CAH25-02-03) drama,Quintile 4,1210
2019,"(CAH25) design, and creative and performing arts",(CAH25-02-04) dance,Quintile 4,220
2020,"(CAH25) design, and creative and performing arts",(CAH25-02-04) dance,Quintile 4,220
2021,"(CAH25) design, and creative and performing arts",(CAH25-02-04) dance,Quintile 4,270
2022,"(CAH25) design, and creative and performing arts",(CAH25-02-04) dance,Quintile 4,245
2023,"(CAH25) design, and creative and performing arts",(CAH25-02-04) dance,Quintile 4,245
2024,"(CAH25) design, and creative and performing arts",(CAH25-02-04) dance,Quintile 4,235
2019,"(CAH25) design, and creative and performing arts",(CAH25-02-01) performing arts (non-specific),Quintile 4,145
2020,"(CAH25) design, and creative and performing arts",(CAH25-02-01) performing arts (non-specific),Quintile 4,110
2021,"(CAH25) design, and creative and performing arts",(CAH25-02-01) performing arts (non-specific),Quintile 4,85
2022,"(CAH25) design, and creative and performing arts",(CAH25-02-01) performing arts (non-specific),Quintile 4,95
2023,"(CAH25) design, and creative and performing arts",(CAH25-02-01) performing arts (non-specific),Quintile 4,70
2024,"(CAH25) design, and creative and performing arts",(CAH25-02-01) performing arts (non-specific),Quintile 4,85
2019,"(CAH25) design, and creative and performing arts",(CAH25-01-05) others in creative arts and design,Quintile 4,215
2020,"(CAH25) design, and creative and performing arts",(CAH25-01-05) others in creative arts and design,Quintile 4,220
2021,"(CAH25) design, and creative and performing arts",(CAH25-01-05) others in creative arts and design,Quintile 4,200
2022,"(CAH25) design, and creative and performing arts",(CAH25-01-05) others in creative arts and design,Quintile 4,195
2023,"(CAH25) design, and creative and performing arts",(CAH25-01-05) others in creative arts and design,Quintile 4,155
2024,"(CAH25) design, and creative and performing arts",(CAH25-01-05) others in creative arts and design,Quintile 4,160
2019,"(CAH25) design, and creative and performing arts",(CAH25-01-01) creative arts and design (non-specific),Quintile 4,160
2020,"(CAH25) design, and creative and performing arts",(CAH25-01-01) creative arts and design (non-specific),Quintile 4,195
2021,"(CAH25) design, and creative and performing arts",(CAH25-01-01) creative arts and design (non-specific),Quintile 4,190
2022,"(CAH25) design, and creative and performing arts",(CAH25-01-01) creative arts and design (non-specific),Quintile 4,185
2023,"(CAH25) design, and creative and performing arts",(CAH25-01-01) creative arts and design (non-specific),Quintile 4,210
2024,"(CAH25) design, and creative and performing arts",(CAH25-01-01) creative arts and design (non-specific),Quintile 4,210
2019,(CAH10) engineering and technology,"(CAH10-01-06) bioengineering, medical and biomedical engineering",Quintile 4,175
2020,(CAH10) engineering and technology,"(CAH10-01-06) bioengineering, medical and biomedical engineering",Quintile 4,190
2021,(CAH10) engineering and technology,"(CAH10-01-06) bioengineering, medical and biomedical engineering",Quintile 4,210
2022,(CAH10) engineering and technology,"(CAH10-01-06) bioengineering, medical and biomedical engineering",Quintile 4,190
2023,(CAH10) engineering and technology,"(CAH10-01-06) bioengineering, medical and biomedical engineering",Quintile 4,185
2024,(CAH10) engineering and technology,"(CAH10-01-06) bioengineering, medical and biomedical engineering",Quintile 4,185
2019,(CAH10) engineering and technology,(CAH10-03-02) materials technology,Quintile 4,30
2020,(CAH10) engineering and technology,(CAH10-03-02) materials technology,Quintile 4,20
2021,(CAH10) engineering and technology,(CAH10-03-02) materials technology,Quintile 4,35
2022,(CAH10) engineering and technology,(CAH10-03-02) materials technology,Quintile 4,30
2023,(CAH10) engineering and technology,(CAH10-03-02) materials technology,Quintile 4,40
2024,(CAH10) engineering and technology,(CAH10-03-02) materials technology,Quintile 4,50
2019,(CAH10) engineering and technology,(CAH10-03-06) others in technology,Quintile 4,185
2020,(CAH10) engineering and technology,(CAH10-03-06) others in technology,Quintile 4,150
2021,(CAH10) engineering and technology,(CAH10-03-06) others in technology,Quintile 4,190
2022,(CAH10) engineering and technology,(CAH10-03-06) others in technology,Quintile 4,205
2023,(CAH10) engineering and technology,(CAH10-03-06) others in technology,Quintile 4,200
2024,(CAH10) engineering and technology,(CAH10-03-06) others in technology,Quintile 4,245
2019,(CAH10) engineering and technology,(CAH10-01-03) production and manufacturing engineering,Quintile 4,350
2020,(CAH10) engineering and technology,(CAH10-01-03) production and manufacturing engineering,Quintile 4,385
2021,(CAH10) engineering and technology,(CAH10-01-03) production and manufacturing engineering,Quintile 4,385
2022,(CAH10) engineering and technology,(CAH10-01-03) production and manufacturing engineering,Quintile 4,400
2023,(CAH10) engineering and technology,(CAH10-01-03) production and manufacturing engineering,Quintile 4,355
2024,(CAH10) engineering and technology,(CAH10-01-03) production and manufacturing engineering,Quintile 4,435
2019,(CAH10) engineering and technology,(CAH10-01-04) aeronautical and aerospace engineering,Quintile 4,540
2020,(CAH10) engineering and technology,(CAH10-01-04) aeronautical and aerospace engineering,Quintile 4,620
2021,(CAH10) engineering and technology,(CAH10-01-04) aeronautical and aerospace engineering,Quintile 4,640
2022,(CAH10) engineering and technology,(CAH10-01-04) aeronautical and aerospace engineering,Quintile 4,625
2023,(CAH10) engineering and technology,(CAH10-01-04) aeronautical and aerospace engineering,Quintile 4,690
2024,(CAH10) engineering and technology,(CAH10-01-04) aeronautical and aerospace engineering,Quintile 4,695
2019,(CAH10) engineering and technology,(CAH10-01-08) electrical and electronic engineering,Quintile 4,550
2020,(CAH10) engineering and technology,(CAH10-01-08) electrical and electronic engineering,Quintile 4,575
2021,(CAH10) engineering and technology,(CAH10-01-08) electrical and electronic engineering,Quintile 4,565
2022,(CAH10) engineering and technology,(CAH10-01-08) electrical and electronic engineering,Quintile 4,640
2023,(CAH10) engineering and technology,(CAH10-01-08) electrical and electronic engineering,Quintile 4,635
2024,(CAH10) engineering and technology,(CAH10-01-08) electrical and electronic engineering,Quintile 4,660
2019,(CAH10) engineering and technology,(CAH10-01-07) civil engineering,Quintile 4,675
2020,(CAH10) engineering and technology,(CAH10-01-07) civil engineering,Quintile 4,715
2021,(CAH10) engineering and technology,(CAH10-01-07) civil engineering,Quintile 4,695
2022,(CAH10) engineering and technology,(CAH10-01-07) civil engineering,Quintile 4,600
2023,(CAH10) engineering and technology,(CAH10-01-07) civil engineering,Quintile 4,580
2024,(CAH10) engineering and technology,(CAH10-01-07) civil engineering,Quintile 4,635
2019,(CAH10) engineering and technology,(CAH10-03-05) biotechnology,Quintile 4,25
2020,(CAH10) engineering and technology,(CAH10-03-05) biotechnology,Quintile 4,35
2021,(CAH10) engineering and technology,(CAH10-03-05) biotechnology,Quintile 4,35
2022,(CAH10) engineering and technology,(CAH10-03-05) biotechnology,Quintile 4,40
2023,(CAH10) engineering and technology,(CAH10-03-05) biotechnology,Quintile 4,20
2024,(CAH10) engineering and technology,(CAH10-03-05) biotechnology,Quintile 4,35
2019,(CAH10) engineering and technology,"(CAH10-01-09) chemical, process and energy engineering",Quintile 4,390
2020,(CAH10) engineering and technology,"(CAH10-01-09) chemical, process and energy engineering",Quintile 4,365
2021,(CAH10) engineering and technology,"(CAH10-01-09) chemical, process and energy engineering",Quintile 4,365
2022,(CAH10) engineering and technology,"(CAH10-01-09) chemical, process and energy engineering",Quintile 4,355
2023,(CAH10) engineering and technology,"(CAH10-01-09) chemical, process and energy engineering",Quintile 4,365
2024,(CAH10) engineering and technology,"(CAH10-01-09) chemical, process and energy engineering",Quintile 4,405
2019,(CAH10) engineering and technology,(CAH10-03-03) polymers and textiles,Quintile 4,5
2020,(CAH10) engineering and technology,(CAH10-03-03) polymers and textiles,Quintile 4,5
2021,(CAH10) engineering and technology,(CAH10-03-03) polymers and textiles,Quintile 4,10
2022,(CAH10) engineering and technology,(CAH10-03-03) polymers and textiles,Quintile 4,10
2023,(CAH10) engineering and technology,(CAH10-03-03) polymers and textiles,Quintile 4,10
2024,(CAH10) engineering and technology,(CAH10-03-03) polymers and textiles,Quintile 4,5
2024,(CAH10) engineering and technology,(CAH10-03-01) minerals technology,Quintile 4,5
2019,(CAH10) engineering and technology,(CAH10-01-01) engineering (non-specific),Quintile 4,720
2020,(CAH10) engineering and technology,(CAH10-01-01) engineering (non-specific),Quintile 4,685
2021,(CAH10) engineering and technology,(CAH10-01-01) engineering (non-specific),Quintile 4,795
2022,(CAH10) engineering and technology,(CAH10-01-01) engineering (non-specific),Quintile 4,745
2023,(CAH10) engineering and technology,(CAH10-01-01) engineering (non-specific),Quintile 4,715
2024,(CAH10) engineering and technology,(CAH10-01-01) engineering (non-specific),Quintile 4,755
2019,(CAH10) engineering and technology,(CAH10-01-10) others in engineering,Quintile 4,10
2020,(CAH10) engineering and technology,(CAH10-01-10) others in engineering,Quintile 4,5
2021,(CAH10) engineering and technology,(CAH10-01-10) others in engineering,Quintile 4,5
2019,(CAH10) engineering and technology,(CAH10-01-02) mechanical engineering,Quintile 4,1210
2020,(CAH10) engineering and technology,(CAH10-01-02) mechanical engineering,Quintile 4,1340
2021,(CAH10) engineering and technology,(CAH10-01-02) mechanical engineering,Quintile 4,1315
2022,(CAH10) engineering and technology,(CAH10-01-02) mechanical engineering,Quintile 4,1265
2023,(CAH10) engineering and technology,(CAH10-01-02) mechanical engineering,Quintile 4,1345
2024,(CAH10) engineering and technology,(CAH10-01-02) mechanical engineering,Quintile 4,1435
2019,(CAH10) engineering and technology,(CAH10-03-04) maritime technology,Quintile 4,15
2020,(CAH10) engineering and technology,(CAH10-03-04) maritime technology,Quintile 4,25
2021,(CAH10) engineering and technology,(CAH10-03-04) maritime technology,Quintile 4,30
2022,(CAH10) engineering and technology,(CAH10-03-04) maritime technology,Quintile 4,20
2023,(CAH10) engineering and technology,(CAH10-03-04) maritime technology,Quintile 4,15
2024,(CAH10) engineering and technology,(CAH10-03-04) maritime technology,Quintile 4,20
2019,(CAH10) engineering and technology,(CAH10-01-05) naval architecture,Quintile 4,15
2020,(CAH10) engineering and technology,(CAH10-01-05) naval architecture,Quintile 4,15
2021,(CAH10) engineering and technology,(CAH10-01-05) naval architecture,Quintile 4,10
2022,(CAH10) engineering and technology,(CAH10-01-05) naval architecture,Quintile 4,5
2023,(CAH10) engineering and technology,(CAH10-01-05) naval architecture,Quintile 4,10
2024,(CAH10) engineering and technology,(CAH10-01-05) naval architecture,Quintile 4,5
2019,(CAH10) engineering and technology,(CAH10-03-07) materials science,Quintile 4,55
2020,(CAH10) engineering and technology,(CAH10-03-07) materials science,Quintile 4,45
2021,(CAH10) engineering and technology,(CAH10-03-07) materials science,Quintile 4,50
2022,(CAH10) engineering and technology,(CAH10-03-07) materials science,Quintile 4,30
2023,(CAH10) engineering and technology,(CAH10-03-07) materials science,Quintile 4,35
2024,(CAH10) engineering and technology,(CAH10-03-07) materials science,Quintile 4,35
2019,(CAH02) subjects allied to medicine,(CAH02-06-03) ophthalmics,Quintile 4,170
2020,(CAH02) subjects allied to medicine,(CAH02-06-03) ophthalmics,Quintile 4,175
2021,(CAH02) subjects allied to medicine,(CAH02-06-03) ophthalmics,Quintile 4,165
2022,(CAH02) subjects allied to medicine,(CAH02-06-03) ophthalmics,Quintile 4,175
2023,(CAH02) subjects allied to medicine,(CAH02-06-03) ophthalmics,Quintile 4,180
2024,(CAH02) subjects allied to medicine,(CAH02-06-03) ophthalmics,Quintile 4,180
2019,(CAH02) subjects allied to medicine,"(CAH02-05-04) anatomy, physiology and pathology",Quintile 4,160
2020,(CAH02) subjects allied to medicine,"(CAH02-05-04) anatomy, physiology and pathology",Quintile 4,145
2021,(CAH02) subjects allied to medicine,"(CAH02-05-04) anatomy, physiology and pathology",Quintile 4,180
2022,(CAH02) subjects allied to medicine,"(CAH02-05-04) anatomy, physiology and pathology",Quintile 4,155
2023,(CAH02) subjects allied to medicine,"(CAH02-05-04) anatomy, physiology and pathology",Quintile 4,135
2024,(CAH02) subjects allied to medicine,"(CAH02-05-04) anatomy, physiology and pathology",Quintile 4,140
2019,(CAH02) subjects allied to medicine,(CAH02-05-01) medical technology,Quintile 4,260
2020,(CAH02) subjects allied to medicine,(CAH02-05-01) medical technology,Quintile 4,340
2021,(CAH02) subjects allied to medicine,(CAH02-05-01) medical technology,Quintile 4,320
2022,(CAH02) subjects allied to medicine,(CAH02-05-01) medical technology,Quintile 4,340
2023,(CAH02) subjects allied to medicine,(CAH02-05-01) medical technology,Quintile 4,270
2024,(CAH02) subjects allied to medicine,(CAH02-05-01) medical technology,Quintile 4,325
2019,(CAH02) subjects allied to medicine,(CAH02-06-06) complementary and alternative medicine,Quintile 4,210
2020,(CAH02) subjects allied to medicine,(CAH02-06-06) complementary and alternative medicine,Quintile 4,245
2021,(CAH02) subjects allied to medicine,(CAH02-06-06) complementary and alternative medicine,Quintile 4,265
2022,(CAH02) subjects allied to medicine,(CAH02-06-06) complementary and alternative medicine,Quintile 4,235
2023,(CAH02) subjects allied to medicine,(CAH02-06-06) complementary and alternative medicine,Quintile 4,200
2024,(CAH02) subjects allied to medicine,(CAH02-06-06) complementary and alternative medicine,Quintile 4,220
2019,(CAH02) subjects allied to medicine,(CAH02-06-01) health sciences (non-specific),Quintile 4,875
2020,(CAH02) subjects allied to medicine,(CAH02-06-01) health sciences (non-specific),Quintile 4,1060
2021,(CAH02) subjects allied to medicine,(CAH02-06-01) health sciences (non-specific),Quintile 4,1190
2022,(CAH02) subjects allied to medicine,(CAH02-06-01) health sciences (non-specific),Quintile 4,1145
2023,(CAH02) subjects allied to medicine,(CAH02-06-01) health sciences (non-specific),Quintile 4,1060
2024,(CAH02) subjects allied to medicine,(CAH02-06-01) health sciences (non-specific),Quintile 4,1085
2019,(CAH02) subjects allied to medicine,(CAH02-06-02) nutrition and dietetics,Quintile 4,290
2020,(CAH02) subjects allied to medicine,(CAH02-06-02) nutrition and dietetics,Quintile 4,290
2021,(CAH02) subjects allied to medicine,(CAH02-06-02) nutrition and dietetics,Quintile 4,300
2022,(CAH02) subjects allied to medicine,(CAH02-06-02) nutrition and dietetics,Quintile 4,275
2023,(CAH02) subjects allied to medicine,(CAH02-06-02) nutrition and dietetics,Quintile 4,245
2024,(CAH02) subjects allied to medicine,(CAH02-06-02) nutrition and dietetics,Quintile 4,235
2019,(CAH02) subjects allied to medicine,(CAH02-06-04) environmental and public health,Quintile 4,65
2020,(CAH02) subjects allied to medicine,(CAH02-06-04) environmental and public health,Quintile 4,45
2021,(CAH02) subjects allied to medicine,(CAH02-06-04) environmental and public health,Quintile 4,70
2022,(CAH02) subjects allied to medicine,(CAH02-06-04) environmental and public health,Quintile 4,55
2023,(CAH02) subjects allied to medicine,(CAH02-06-04) environmental and public health,Quintile 4,40
2024,(CAH02) subjects allied to medicine,(CAH02-06-04) environmental and public health,Quintile 4,45
2019,(CAH02) subjects allied to medicine,"(CAH02-06-07) counselling, psychotherapy and occupational therapy",Quintile 4,615
2020,(CAH02) subjects allied to medicine,"(CAH02-06-07) counselling, psychotherapy and occupational therapy",Quintile 4,655
2021,(CAH02) subjects allied to medicine,"(CAH02-06-07) counselling, psychotherapy and occupational therapy",Quintile 4,695
2022,(CAH02) subjects allied to medicine,"(CAH02-06-07) counselling, psychotherapy and occupational therapy",Quintile 4,655
2023,(CAH02) subjects allied to medicine,"(CAH02-06-07) counselling, psychotherapy and occupational therapy",Quintile 4,630
2024,(CAH02) subjects allied to medicine,"(CAH02-06-07) counselling, psychotherapy and occupational therapy",Quintile 4,670
2019,(CAH02) subjects allied to medicine,(CAH02-02-01) pharmacology,Quintile 4,150
2020,(CAH02) subjects allied to medicine,(CAH02-02-01) pharmacology,Quintile 4,155
2021,(CAH02) subjects allied to medicine,(CAH02-02-01) pharmacology,Quintile 4,185
2022,(CAH02) subjects allied to medicine,(CAH02-02-01) pharmacology,Quintile 4,215
2023,(CAH02) subjects allied to medicine,(CAH02-02-01) pharmacology,Quintile 4,240
2024,(CAH02) subjects allied to medicine,(CAH02-02-01) pharmacology,Quintile 4,250
2019,(CAH02) subjects allied to medicine,(CAH02-02-03) pharmacy,Quintile 4,465
2020,(CAH02) subjects allied to medicine,(CAH02-02-03) pharmacy,Quintile 4,525
2021,(CAH02) subjects allied to medicine,(CAH02-02-03) pharmacy,Quintile 4,570
2022,(CAH02) subjects allied to medicine,(CAH02-02-03) pharmacy,Quintile 4,610
2023,(CAH02) subjects allied to medicine,(CAH02-02-03) pharmacy,Quintile 4,650
2024,(CAH02) subjects allied to medicine,(CAH02-02-03) pharmacy,Quintile 4,620
2019,(CAH02) subjects allied to medicine,(CAH02-06-05) physiotherapy,Quintile 4,525
2020,(CAH02) subjects allied to medicine,(CAH02-06-05) physiotherapy,Quintile 4,685
2021,(CAH02) subjects allied to medicine,(CAH02-06-05) physiotherapy,Quintile 4,680
2022,(CAH02) subjects allied to medicine,(CAH02-06-05) physiotherapy,Quintile 4,650
2023,(CAH02) subjects allied to medicine,(CAH02-06-05) physiotherapy,Quintile 4,680
2024,(CAH02) subjects allied to medicine,(CAH02-06-05) physiotherapy,Quintile 4,760
2019,(CAH02) subjects allied to medicine,(CAH02-05-02) healthcare science (non-specific),Quintile 4,170
2020,(CAH02) subjects allied to medicine,(CAH02-05-02) healthcare science (non-specific),Quintile 4,190
2021,(CAH02) subjects allied to medicine,(CAH02-05-02) healthcare science (non-specific),Quintile 4,175
2022,(CAH02) subjects allied to medicine,(CAH02-05-02) healthcare science (non-specific),Quintile 4,160
2023,(CAH02) subjects allied to medicine,(CAH02-05-02) healthcare science (non-specific),Quintile 4,290
2024,(CAH02) subjects allied to medicine,(CAH02-05-02) healthcare science (non-specific),Quintile 4,320
2019,(CAH02) subjects allied to medicine,(CAH02-05-03) biomedical sciences (non-specific),Quintile 4,1360
2020,(CAH02) subjects allied to medicine,(CAH02-05-03) biomedical sciences (non-specific),Quintile 4,1410
2021,(CAH02) subjects allied to medicine,(CAH02-05-03) biomedical sciences (non-specific),Quintile 4,1420
2022,(CAH02) subjects allied to medicine,(CAH02-05-03) biomedical sciences (non-specific),Quintile 4,1460
2023,(CAH02) subjects allied to medicine,(CAH02-05-03) biomedical sciences (non-specific),Quintile 4,1510
2024,(CAH02) subjects allied to medicine,(CAH02-05-03) biomedical sciences (non-specific),Quintile 4,1440
2019,(CAH02) subjects allied to medicine,(CAH02-02-02) toxicology,Quintile 4,5
2020,(CAH02) subjects allied to medicine,(CAH02-02-02) toxicology,Quintile 4,5
2021,(CAH02) subjects allied to medicine,(CAH02-02-02) toxicology,Quintile 4,5
2022,(CAH02) subjects allied to medicine,(CAH02-02-02) toxicology,Quintile 4,5
2023,(CAH02) subjects allied to medicine,(CAH02-02-02) toxicology,Quintile 4,5
2024,(CAH02) subjects allied to medicine,(CAH02-02-02) toxicology,Quintile 4,5
2019,(CAH02) subjects allied to medicine,(CAH02-04-02) adult nursing,Quintile 4,2355
2020,(CAH02) subjects allied to medicine,(CAH02-04-02) adult nursing,Quintile 4,2910
2021,(CAH02) subjects allied to medicine,(CAH02-04-02) adult nursing,Quintile 4,2930
2022,(CAH02) subjects allied to medicine,(CAH02-04-02) adult nursing,Quintile 4,2550
2023,(CAH02) subjects allied to medicine,(CAH02-04-02) adult nursing,Quintile 4,2025
2024,(CAH02) subjects allied to medicine,(CAH02-04-02) adult nursing,Quintile 4,1960
2019,(CAH02) subjects allied to medicine,(CAH02-04-05) children's nursing,Quintile 4,555
2020,(CAH02) subjects allied to medicine,(CAH02-04-05) children's nursing,Quintile 4,675
2021,(CAH02) subjects allied to medicine,(CAH02-04-05) children's nursing,Quintile 4,655
2022,(CAH02) subjects allied to medicine,(CAH02-04-05) children's nursing,Quintile 4,620
2023,(CAH02) subjects allied to medicine,(CAH02-04-05) children's nursing,Quintile 4,575
2024,(CAH02) subjects allied to medicine,(CAH02-04-05) children's nursing,Quintile 4,585
2020,(CAH02) subjects allied to medicine,(CAH02-04-03) community nursing,Quintile 4,5
2021,(CAH02) subjects allied to medicine,(CAH02-04-03) community nursing,Quintile 4,5
2022,(CAH02) subjects allied to medicine,(CAH02-04-03) community nursing,Quintile 4,5
2019,(CAH02) subjects allied to medicine,(CAH02-04-09) others in nursing,Quintile 4,55
2020,(CAH02) subjects allied to medicine,(CAH02-04-09) others in nursing,Quintile 4,65
2021,(CAH02) subjects allied to medicine,(CAH02-04-09) others in nursing,Quintile 4,60
2022,(CAH02) subjects allied to medicine,(CAH02-04-09) others in nursing,Quintile 4,70
2023,(CAH02) subjects allied to medicine,(CAH02-04-09) others in nursing,Quintile 4,80
2024,(CAH02) subjects allied to medicine,(CAH02-04-09) others in nursing,Quintile 4,55
2019,(CAH02) subjects allied to medicine,(CAH02-04-06) dental nursing,Quintile 4,20
2020,(CAH02) subjects allied to medicine,(CAH02-04-06) dental nursing,Quintile 4,35
2021,(CAH02) subjects allied to medicine,(CAH02-04-06) dental nursing,Quintile 4,45
2022,(CAH02) subjects allied to medicine,(CAH02-04-06) dental nursing,Quintile 4,40
2023,(CAH02) subjects allied to medicine,(CAH02-04-06) dental nursing,Quintile 4,40
2024,(CAH02) subjects allied to medicine,(CAH02-04-06) dental nursing,Quintile 4,65
2019,(CAH02) subjects allied to medicine,(CAH02-04-08) learning disabilities nursing,Quintile 4,90
2020,(CAH02) subjects allied to medicine,(CAH02-04-08) learning disabilities nursing,Quintile 4,110
2021,(CAH02) subjects allied to medicine,(CAH02-04-08) learning disabilities nursing,Quintile 4,115
2022,(CAH02) subjects allied to medicine,(CAH02-04-08) learning disabilities nursing,Quintile 4,100
2023,(CAH02) subjects allied to medicine,(CAH02-04-08) learning disabilities nursing,Quintile 4,65
2024,(CAH02) subjects allied to medicine,(CAH02-04-08) learning disabilities nursing,Quintile 4,70
2019,(CAH02) subjects allied to medicine,(CAH02-04-07) mental health nursing,Quintile 4,605
2020,(CAH02) subjects allied to medicine,(CAH02-04-07) mental health nursing,Quintile 4,880
2021,(CAH02) subjects allied to medicine,(CAH02-04-07) mental health nursing,Quintile 4,900
2022,(CAH02) subjects allied to medicine,(CAH02-04-07) mental health nursing,Quintile 4,730
2023,(CAH02) subjects allied to medicine,(CAH02-04-07) mental health nursing,Quintile 4,685
2024,(CAH02) subjects allied to medicine,(CAH02-04-07) mental health nursing,Quintile 4,615
2019,(CAH02) subjects allied to medicine,(CAH02-04-04) midwifery,Quintile 4,760
2020,(CAH02) subjects allied to medicine,(CAH02-04-04) midwifery,Quintile 4,835
2021,(CAH02) subjects allied to medicine,(CAH02-04-04) midwifery,Quintile 4,805
2022,(CAH02) subjects allied to medicine,(CAH02-04-04) midwifery,Quintile 4,750
2023,(CAH02) subjects allied to medicine,(CAH02-04-04) midwifery,Quintile 4,715
2024,(CAH02) subjects allied to medicine,(CAH02-04-04) midwifery,Quintile 4,695
2019,(CAH02) subjects allied to medicine,(CAH02-04-01) nursing (non-specific),Quintile 4,285
2020,(CAH02) subjects allied to medicine,(CAH02-04-01) nursing (non-specific),Quintile 4,295
2021,(CAH02) subjects allied to medicine,(CAH02-04-01) nursing (non-specific),Quintile 4,325
2022,(CAH02) subjects allied to medicine,(CAH02-04-01) nursing (non-specific),Quintile 4,255
2023,(CAH02) subjects allied to medicine,(CAH02-04-01) nursing (non-specific),Quintile 4,245
2024,(CAH02) subjects allied to medicine,(CAH02-04-01) nursing (non-specific),Quintile 4,225
2019,(CAH19) language and area studies,(CAH19-01-05) creative writing,Quintile 4,340
2020,(CAH19) language and area studies,(CAH19-01-05) creative writing,Quintile 4,330
2021,(CAH19) language and area studies,(CAH19-01-05) creative writing,Quintile 4,320
2022,(CAH19) language and area studies,(CAH19-01-05) creative writing,Quintile 4,345
2023,(CAH19) language and area studies,(CAH19-01-05) creative writing,Quintile 4,320
2024,(CAH19) language and area studies,(CAH19-01-05) creative writing,Quintile 4,330
2019,(CAH19) language and area studies,(CAH19-04-08) American and Australasian studies,Quintile 4,100
2020,(CAH19) language and area studies,(CAH19-04-08) American and Australasian studies,Quintile 4,70
2021,(CAH19) language and area studies,(CAH19-04-08) American and Australasian studies,Quintile 4,65
2022,(CAH19) language and area studies,(CAH19-04-08) American and Australasian studies,Quintile 4,50
2023,(CAH19) language and area studies,(CAH19-04-08) American and Australasian studies,Quintile 4,45
2024,(CAH19) language and area studies,(CAH19-04-08) American and Australasian studies,Quintile 4,40
2019,(CAH19) language and area studies,(CAH19-01-06) others in English studies,Quintile 4,15
2020,(CAH19) language and area studies,(CAH19-01-06) others in English studies,Quintile 4,5
2021,(CAH19) language and area studies,(CAH19-01-06) others in English studies,Quintile 4,10
2022,(CAH19) language and area studies,(CAH19-01-06) others in English studies,Quintile 4,10
2023,(CAH19) language and area studies,(CAH19-01-06) others in English studies,Quintile 4,15
2024,(CAH19) language and area studies,(CAH19-01-06) others in English studies,Quintile 4,10
2019,(CAH19) language and area studies,(CAH19-01-02) English language,Quintile 4,185
2020,(CAH19) language and area studies,(CAH19-01-02) English language,Quintile 4,190
2021,(CAH19) language and area studies,(CAH19-01-02) English language,Quintile 4,165
2022,(CAH19) language and area studies,(CAH19-01-02) English language,Quintile 4,155
2023,(CAH19) language and area studies,(CAH19-01-02) English language,Quintile 4,170
2024,(CAH19) language and area studies,(CAH19-01-02) English language,Quintile 4,130
2019,(CAH19) language and area studies,(CAH19-01-03) literature in English,Quintile 4,860
2020,(CAH19) language and area studies,(CAH19-01-03) literature in English,Quintile 4,805
2021,(CAH19) language and area studies,(CAH19-01-03) literature in English,Quintile 4,800
2022,(CAH19) language and area studies,(CAH19-01-03) literature in English,Quintile 4,745
2023,(CAH19) language and area studies,(CAH19-01-03) literature in English,Quintile 4,810
2024,(CAH19) language and area studies,(CAH19-01-03) literature in English,Quintile 4,790
2019,(CAH19) language and area studies,(CAH19-01-01) English studies (non-specific),Quintile 4,950
2020,(CAH19) language and area studies,(CAH19-01-01) English studies (non-specific),Quintile 4,910
2021,(CAH19) language and area studies,(CAH19-01-01) English studies (non-specific),Quintile 4,840
2022,(CAH19) language and area studies,(CAH19-01-01) English studies (non-specific),Quintile 4,870
2023,(CAH19) language and area studies,(CAH19-01-01) English studies (non-specific),Quintile 4,835
2024,(CAH19) language and area studies,(CAH19-01-01) English studies (non-specific),Quintile 4,825
2019,(CAH19) language and area studies,(CAH19-04-01) French studies,Quintile 4,260
2020,(CAH19) language and area studies,(CAH19-04-01) French studies,Quintile 4,230
2021,(CAH19) language and area studies,(CAH19-04-01) French studies,Quintile 4,215
2022,(CAH19) language and area studies,(CAH19-04-01) French studies,Quintile 4,200
2023,(CAH19) language and area studies,(CAH19-04-01) French studies,Quintile 4,190
2024,(CAH19) language and area studies,(CAH19-04-01) French studies,Quintile 4,170
2019,(CAH19) language and area studies,(CAH19-04-02) German and Scandinavian studies,Quintile 4,95
2020,(CAH19) language and area studies,(CAH19-04-02) German and Scandinavian studies,Quintile 4,90
2021,(CAH19) language and area studies,(CAH19-04-02) German and Scandinavian studies,Quintile 4,80
2022,(CAH19) language and area studies,(CAH19-04-02) German and Scandinavian studies,Quintile 4,70
2023,(CAH19) language and area studies,(CAH19-04-02) German and Scandinavian studies,Quintile 4,60
2024,(CAH19) language and area studies,(CAH19-04-02) German and Scandinavian studies,Quintile 4,55
2019,(CAH19) language and area studies,(CAH19-04-04) Iberian studies,Quintile 4,270
2020,(CAH19) language and area studies,(CAH19-04-04) Iberian studies,Quintile 4,245
2021,(CAH19) language and area studies,(CAH19-04-04) Iberian studies,Quintile 4,245
2022,(CAH19) language and area studies,(CAH19-04-04) Iberian studies,Quintile 4,195
2023,(CAH19) language and area studies,(CAH19-04-04) Iberian studies,Quintile 4,190
2024,(CAH19) language and area studies,(CAH19-04-04) Iberian studies,Quintile 4,200
2019,(CAH19) language and area studies,(CAH19-04-03) Italian studies,Quintile 4,40
2020,(CAH19) language and area studies,(CAH19-04-03) Italian studies,Quintile 4,45
2021,(CAH19) language and area studies,(CAH19-04-03) Italian studies,Quintile 4,25
2022,(CAH19) language and area studies,(CAH19-04-03) Italian studies,Quintile 4,30
2023,(CAH19) language and area studies,(CAH19-04-03) Italian studies,Quintile 4,35
2024,(CAH19) language and area studies,(CAH19-04-03) Italian studies,Quintile 4,30
2019,(CAH19) language and area studies,(CAH19-01-07) linguistics,Quintile 4,185
2020,(CAH19) language and area studies,(CAH19-01-07) linguistics,Quintile 4,185
2021,(CAH19) language and area studies,(CAH19-01-07) linguistics,Quintile 4,180
2022,(CAH19) language and area studies,(CAH19-01-07) linguistics,Quintile 4,165
2023,(CAH19) language and area studies,(CAH19-01-07) linguistics,Quintile 4,145
2024,(CAH19) language and area studies,(CAH19-01-07) linguistics,Quintile 4,150
2019,(CAH19) language and area studies,(CAH19-04-09) others in language and area studies,Quintile 4,430
2020,(CAH19) language and area studies,(CAH19-04-09) others in language and area studies,Quintile 4,445
2021,(CAH19) language and area studies,(CAH19-04-09) others in language and area studies,Quintile 4,400
2022,(CAH19) language and area studies,(CAH19-04-09) others in language and area studies,Quintile 4,495
2023,(CAH19) language and area studies,(CAH19-04-09) others in language and area studies,Quintile 4,385
2024,(CAH19) language and area studies,(CAH19-04-09) others in language and area studies,Quintile 4,400
2019,(CAH19) language and area studies,(CAH19-04-05) Slavic studies,Quintile 4,30
2020,(CAH19) language and area studies,(CAH19-04-05) Slavic studies,Quintile 4,35
2021,(CAH19) language and area studies,(CAH19-04-05) Slavic studies,Quintile 4,35
2022,(CAH19) language and area studies,(CAH19-04-05) Slavic studies,Quintile 4,30
2023,(CAH19) language and area studies,(CAH19-04-05) Slavic studies,Quintile 4,25
2024,(CAH19) language and area studies,(CAH19-04-05) Slavic studies,Quintile 4,35
2019,(CAH19) language and area studies,(CAH19-02-03) Welsh studies,Quintile 4,15
2020,(CAH19) language and area studies,(CAH19-02-03) Welsh studies,Quintile 4,20
2021,(CAH19) language and area studies,(CAH19-02-03) Welsh studies,Quintile 4,15
2022,(CAH19) language and area studies,(CAH19-02-03) Welsh studies,Quintile 4,10
2023,(CAH19) language and area studies,(CAH19-02-03) Welsh studies,Quintile 4,20
2024,(CAH19) language and area studies,(CAH19-02-03) Welsh studies,Quintile 4,15
2019,(CAH19) language and area studies,(CAH19-02-01) Celtic studies (non-specific),Quintile 4,5
2020,(CAH19) language and area studies,(CAH19-02-01) Celtic studies (non-specific),Quintile 4,5
2021,(CAH19) language and area studies,(CAH19-02-01) Celtic studies (non-specific),Quintile 4,10
2022,(CAH19) language and area studies,(CAH19-02-01) Celtic studies (non-specific),Quintile 4,10
2023,(CAH19) language and area studies,(CAH19-02-01) Celtic studies (non-specific),Quintile 4,5
2024,(CAH19) language and area studies,(CAH19-02-01) Celtic studies (non-specific),Quintile 4,10
2019,(CAH19) language and area studies,(CAH19-02-02) Gaelic studies,Quintile 4,10
2020,(CAH19) language and area studies,(CAH19-02-02) Gaelic studies,Quintile 4,5
2021,(CAH19) language and area studies,(CAH19-02-02) Gaelic studies,Quintile 4,10
2022,(CAH19) language and area studies,(CAH19-02-02) Gaelic studies,Quintile 4,5
2023,(CAH19) language and area studies,(CAH19-02-02) Gaelic studies,Quintile 4,5
2024,(CAH19) language and area studies,(CAH19-02-02) Gaelic studies,Quintile 4,10
2019,(CAH19) language and area studies,(CAH19-02-04) others in Celtic studies,Quintile 4,5
2020,(CAH19) language and area studies,(CAH19-02-04) others in Celtic studies,Quintile 4,5
2021,(CAH19) language and area studies,(CAH19-02-04) others in Celtic studies,Quintile 4,5
2022,(CAH19) language and area studies,(CAH19-02-04) others in Celtic studies,Quintile 4,5
2023,(CAH19) language and area studies,(CAH19-02-04) others in Celtic studies,Quintile 4,5
2024,(CAH19) language and area studies,(CAH19-02-04) others in Celtic studies,Quintile 4,10
2019,(CAH19) language and area studies,(CAH19-04-06) Asian studies,Quintile 4,170
2020,(CAH19) language and area studies,(CAH19-04-06) Asian studies,Quintile 4,180
2021,(CAH19) language and area studies,(CAH19-04-06) Asian studies,Quintile 4,165
2022,(CAH19) language and area studies,(CAH19-04-06) Asian studies,Quintile 4,170
2023,(CAH19) language and area studies,(CAH19-04-06) Asian studies,Quintile 4,145
2024,(CAH19) language and area studies,(CAH19-04-06) Asian studies,Quintile 4,105
2019,(CAH19) language and area studies,(CAH19-04-07) African and modern Middle Eastern studies,Quintile 4,50
2020,(CAH19) language and area studies,(CAH19-04-07) African and modern Middle Eastern studies,Quintile 4,40
2021,(CAH19) language and area studies,(CAH19-04-07) African and modern Middle Eastern studies,Quintile 4,30
2022,(CAH19) language and area studies,(CAH19-04-07) African and modern Middle Eastern studies,Quintile 4,25
2023,(CAH19) language and area studies,(CAH19-04-07) African and modern Middle Eastern studies,Quintile 4,30
2024,(CAH19) language and area studies,(CAH19-04-07) African and modern Middle Eastern studies,Quintile 4,30
2019,"(CAH24) media, journalism and communications",(CAH24-01-05) media studies,Quintile 4,1305
2020,"(CAH24) media, journalism and communications",(CAH24-01-05) media studies,Quintile 4,1410
2021,"(CAH24) media, journalism and communications",(CAH24-01-05) media studies,Quintile 4,1460
2022,"(CAH24) media, journalism and communications",(CAH24-01-05) media studies,Quintile 4,1590
2023,"(CAH24) media, journalism and communications",(CAH24-01-05) media studies,Quintile 4,1490
2024,"(CAH24) media, journalism and communications",(CAH24-01-05) media studies,Quintile 4,1480
2019,"(CAH24) media, journalism and communications",(CAH24-01-02) publicity studies,Quintile 4,45
2020,"(CAH24) media, journalism and communications",(CAH24-01-02) publicity studies,Quintile 4,45
2021,"(CAH24) media, journalism and communications",(CAH24-01-02) publicity studies,Quintile 4,30
2022,"(CAH24) media, journalism and communications",(CAH24-01-02) publicity studies,Quintile 4,25
2023,"(CAH24) media, journalism and communications",(CAH24-01-02) publicity studies,Quintile 4,30
2024,"(CAH24) media, journalism and communications",(CAH24-01-02) publicity studies,Quintile 4,35
2019,"(CAH24) media, journalism and communications",(CAH24-01-01) information services,Quintile 4,5
2020,"(CAH24) media, journalism and communications",(CAH24-01-01) information services,Quintile 4,10
2021,"(CAH24) media, journalism and communications",(CAH24-01-01) information services,Quintile 4,10
2022,"(CAH24) media, journalism and communications",(CAH24-01-01) information services,Quintile 4,10
2023,"(CAH24) media, journalism and communications",(CAH24-01-01) information services,Quintile 4,15
2024,"(CAH24) media, journalism and communications",(CAH24-01-01) information services,Quintile 4,10
2019,"(CAH24) media, journalism and communications",(CAH24-01-04) journalism,Quintile 4,570
2020,"(CAH24) media, journalism and communications",(CAH24-01-04) journalism,Quintile 4,570
2021,"(CAH24) media, journalism and communications",(CAH24-01-04) journalism,Quintile 4,600
2022,"(CAH24) media, journalism and communications",(CAH24-01-04) journalism,Quintile 4,670
2023,"(CAH24) media, journalism and communications",(CAH24-01-04) journalism,Quintile 4,630
2024,"(CAH24) media, journalism and communications",(CAH24-01-04) journalism,Quintile 4,600
2019,"(CAH24) media, journalism and communications",(CAH24-01-03) publishing,Quintile 4,30
2020,"(CAH24) media, journalism and communications",(CAH24-01-03) publishing,Quintile 4,15
2021,"(CAH24) media, journalism and communications",(CAH24-01-03) publishing,Quintile 4,15
2022,"(CAH24) media, journalism and communications",(CAH24-01-03) publishing,Quintile 4,25
2023,"(CAH24) media, journalism and communications",(CAH24-01-03) publishing,Quintile 4,15
2024,"(CAH24) media, journalism and communications",(CAH24-01-03) publishing,Quintile 4,15
2019,(CAH23) combined and general studies,(CAH23-01-04) liberal arts (non-specific),Quintile 4,130
2020,(CAH23) combined and general studies,(CAH23-01-04) liberal arts (non-specific),Quintile 4,150
2021,(CAH23) combined and general studies,(CAH23-01-04) liberal arts (non-specific),Quintile 4,165
2022,(CAH23) combined and general studies,(CAH23-01-04) liberal arts (non-specific),Quintile 4,160
2023,(CAH23) combined and general studies,(CAH23-01-04) liberal arts (non-specific),Quintile 4,190
2024,(CAH23) combined and general studies,(CAH23-01-04) liberal arts (non-specific),Quintile 4,145
2019,(CAH23) combined and general studies,(CAH23-01-03) humanities (non-specific),Quintile 4,80
2020,(CAH23) combined and general studies,(CAH23-01-03) humanities (non-specific),Quintile 4,60
2021,(CAH23) combined and general studies,(CAH23-01-03) humanities (non-specific),Quintile 4,45
2022,(CAH23) combined and general studies,(CAH23-01-03) humanities (non-specific),Quintile 4,60
2023,(CAH23) combined and general studies,(CAH23-01-03) humanities (non-specific),Quintile 4,75
2024,(CAH23) combined and general studies,(CAH23-01-03) humanities (non-specific),Quintile 4,50
2019,(CAH23) combined and general studies,(CAH23-01-02) personal development,Quintile 4,70
2020,(CAH23) combined and general studies,(CAH23-01-02) personal development,Quintile 4,70
2021,(CAH23) combined and general studies,(CAH23-01-02) personal development,Quintile 4,80
2022,(CAH23) combined and general studies,(CAH23-01-02) personal development,Quintile 4,75
2023,(CAH23) combined and general studies,(CAH23-01-02) personal development,Quintile 4,75
2024,(CAH23) combined and general studies,(CAH23-01-02) personal development,Quintile 4,80
2019,(CAH23) combined and general studies,"(CAH23-01-01) combined, general or negotiated studies",Quintile 4,165
2020,(CAH23) combined and general studies,"(CAH23-01-01) combined, general or negotiated studies",Quintile 4,165
2021,(CAH23) combined and general studies,"(CAH23-01-01) combined, general or negotiated studies",Quintile 4,165
2022,(CAH23) combined and general studies,"(CAH23-01-01) combined, general or negotiated studies",Quintile 4,175
2023,(CAH23) combined and general studies,"(CAH23-01-01) combined, general or negotiated studies",Quintile 4,155
2024,(CAH23) combined and general studies,"(CAH23-01-01) combined, general or negotiated studies",Quintile 4,180
2019,(CAH17) business and management,(CAH17-01-03) marketing,Quintile 4,1170
2020,(CAH17) business and management,(CAH17-01-03) marketing,Quintile 4,1270
2021,(CAH17) business and management,(CAH17-01-03) marketing,Quintile 4,1320
2022,(CAH17) business and management,(CAH17-01-03) marketing,Quintile 4,1310
2023,(CAH17) business and management,(CAH17-01-03) marketing,Quintile 4,1395
2024,(CAH17) business and management,(CAH17-01-03) marketing,Quintile 4,1450
2019,(CAH17) business and management,(CAH17-01-01) business and management (non-specific),Quintile 4,1515
2020,(CAH17) business and management,(CAH17-01-01) business and management (non-specific),Quintile 4,1765
2021,(CAH17) business and management,(CAH17-01-01) business and management (non-specific),Quintile 4,2005
2022,(CAH17) business and management,(CAH17-01-01) business and management (non-specific),Quintile 4,2220
2023,(CAH17) business and management,(CAH17-01-01) business and management (non-specific),Quintile 4,2450
2024,(CAH17) business and management,(CAH17-01-01) business and management (non-specific),Quintile 4,2285
2019,(CAH17) business and management,(CAH17-01-02) business studies,Quintile 4,2670
2020,(CAH17) business and management,(CAH17-01-02) business studies,Quintile 4,2715
2021,(CAH17) business and management,(CAH17-01-02) business studies,Quintile 4,2605
2022,(CAH17) business and management,(CAH17-01-02) business studies,Quintile 4,2985
2023,(CAH17) business and management,(CAH17-01-02) business studies,Quintile 4,2435
2024,(CAH17) business and management,(CAH17-01-02) business studies,Quintile 4,2855
2019,(CAH17) business and management,"(CAH17-01-06) tourism, transport and travel",Quintile 4,1180
2020,(CAH17) business and management,"(CAH17-01-06) tourism, transport and travel",Quintile 4,1140
2021,(CAH17) business and management,"(CAH17-01-06) tourism, transport and travel",Quintile 4,1110
2022,(CAH17) business and management,"(CAH17-01-06) tourism, transport and travel",Quintile 4,1145
2023,(CAH17) business and management,"(CAH17-01-06) tourism, transport and travel",Quintile 4,935
2024,(CAH17) business and management,"(CAH17-01-06) tourism, transport and travel",Quintile 4,980
2019,(CAH17) business and management,(CAH17-01-05) human resource management,Quintile 4,160
2020,(CAH17) business and management,(CAH17-01-05) human resource management,Quintile 4,155
2021,(CAH17) business and management,(CAH17-01-05) human resource management,Quintile 4,125
2022,(CAH17) business and management,(CAH17-01-05) human resource management,Quintile 4,110
2023,(CAH17) business and management,(CAH17-01-05) human resource management,Quintile 4,110
2024,(CAH17) business and management,(CAH17-01-05) human resource management,Quintile 4,100
2019,(CAH17) business and management,(CAH17-01-04) management studies,Quintile 4,1520
2020,(CAH17) business and management,(CAH17-01-04) management studies,Quintile 4,1560
2021,(CAH17) business and management,(CAH17-01-04) management studies,Quintile 4,1590
2022,(CAH17) business and management,(CAH17-01-04) management studies,Quintile 4,1465
2023,(CAH17) business and management,(CAH17-01-04) management studies,Quintile 4,1325
2024,(CAH17) business and management,(CAH17-01-04) management studies,Quintile 4,1460
2019,(CAH17) business and management,(CAH17-01-08) accounting,Quintile 4,1135
2020,(CAH17) business and management,(CAH17-01-08) accounting,Quintile 4,1205
2021,(CAH17) business and management,(CAH17-01-08) accounting,Quintile 4,1295
2022,(CAH17) business and management,(CAH17-01-08) accounting,Quintile 4,1270
2023,(CAH17) business and management,(CAH17-01-08) accounting,Quintile 4,1305
2024,(CAH17) business and management,(CAH17-01-08) accounting,Quintile 4,1475
2019,(CAH17) business and management,(CAH17-01-07) finance,Quintile 4,920
2020,(CAH17) business and management,(CAH17-01-07) finance,Quintile 4,960
2021,(CAH17) business and management,(CAH17-01-07) finance,Quintile 4,1020
2022,(CAH17) business and management,(CAH17-01-07) finance,Quintile 4,1065
2023,(CAH17) business and management,(CAH17-01-07) finance,Quintile 4,1105
2024,(CAH17) business and management,(CAH17-01-07) finance,Quintile 4,1330
2019,(CAH17) business and management,(CAH17-01-09) others in business and management,Quintile 4,5
2019,(CAH15) social sciences,(CAH15-03-01) politics,Quintile 4,1885
2020,(CAH15) social sciences,(CAH15-03-01) politics,Quintile 4,2015
2021,(CAH15) social sciences,(CAH15-03-01) politics,Quintile 4,2055
2022,(CAH15) social sciences,(CAH15-03-01) politics,Quintile 4,1950
2023,(CAH15) social sciences,(CAH15-03-01) politics,Quintile 4,2075
2024,(CAH15) social sciences,(CAH15-03-01) politics,Quintile 4,2100
2019,(CAH15) social sciences,(CAH15-01-04) anthropology,Quintile 4,235
2020,(CAH15) social sciences,(CAH15-01-04) anthropology,Quintile 4,245
2021,(CAH15) social sciences,(CAH15-01-04) anthropology,Quintile 4,225
2022,(CAH15) social sciences,(CAH15-01-04) anthropology,Quintile 4,205
2023,(CAH15) social sciences,(CAH15-01-04) anthropology,Quintile 4,210
2024,(CAH15) social sciences,(CAH15-01-04) anthropology,Quintile 4,220
2019,(CAH15) social sciences,(CAH15-02-01) economics,Quintile 4,2135
2020,(CAH15) social sciences,(CAH15-02-01) economics,Quintile 4,2240
2021,(CAH15) social sciences,(CAH15-02-01) economics,Quintile 4,2395
2022,(CAH15) social sciences,(CAH15-02-01) economics,Quintile 4,2095
2023,(CAH15) social sciences,(CAH15-02-01) economics,Quintile 4,2305
2024,(CAH15) social sciences,(CAH15-02-01) economics,Quintile 4,2330
2019,(CAH15) social sciences,(CAH15-04-02) childhood and youth studies,Quintile 4,810
2020,(CAH15) social sciences,(CAH15-04-02) childhood and youth studies,Quintile 4,720
2021,(CAH15) social sciences,(CAH15-04-02) childhood and youth studies,Quintile 4,645
2022,(CAH15) social sciences,(CAH15-04-02) childhood and youth studies,Quintile 4,535
2023,(CAH15) social sciences,(CAH15-04-02) childhood and youth studies,Quintile 4,425
2024,(CAH15) social sciences,(CAH15-04-02) childhood and youth studies,Quintile 4,430
2019,(CAH15) social sciences,(CAH15-04-01) social work,Quintile 4,910
2020,(CAH15) social sciences,(CAH15-04-01) social work,Quintile 4,1005
2021,(CAH15) social sciences,(CAH15-04-01) social work,Quintile 4,915
2022,(CAH15) social sciences,(CAH15-04-01) social work,Quintile 4,725
2023,(CAH15) social sciences,(CAH15-04-01) social work,Quintile 4,615
2024,(CAH15) social sciences,(CAH15-04-01) social work,Quintile 4,740
2019,(CAH15) social sciences,(CAH15-01-01) social sciences (non-specific),Quintile 4,325
2020,(CAH15) social sciences,(CAH15-01-01) social sciences (non-specific),Quintile 4,370
2021,(CAH15) social sciences,(CAH15-01-01) social sciences (non-specific),Quintile 4,330
2022,(CAH15) social sciences,(CAH15-01-01) social sciences (non-specific),Quintile 4,315
2023,(CAH15) social sciences,(CAH15-01-01) social sciences (non-specific),Quintile 4,315
2024,(CAH15) social sciences,(CAH15-01-01) social sciences (non-specific),Quintile 4,280
2019,(CAH15) social sciences,(CAH15-04-03) health studies,Quintile 4,640
2020,(CAH15) social sciences,(CAH15-04-03) health studies,Quintile 4,575
2021,(CAH15) social sciences,(CAH15-04-03) health studies,Quintile 4,575
2022,(CAH15) social sciences,(CAH15-04-03) health studies,Quintile 4,475
2023,(CAH15) social sciences,(CAH15-04-03) health studies,Quintile 4,405
2024,(CAH15) social sciences,(CAH15-04-03) health studies,Quintile 4,350
2019,(CAH15) social sciences,(CAH15-01-03) social policy,Quintile 4,295
2020,(CAH15) social sciences,(CAH15-01-03) social policy,Quintile 4,265
2021,(CAH15) social sciences,(CAH15-01-03) social policy,Quintile 4,280
2022,(CAH15) social sciences,(CAH15-01-03) social policy,Quintile 4,235
2023,(CAH15) social sciences,(CAH15-01-03) social policy,Quintile 4,230
2024,(CAH15) social sciences,(CAH15-01-03) social policy,Quintile 4,260
2019,(CAH15) social sciences,(CAH15-01-02) sociology,Quintile 4,2920
2020,(CAH15) social sciences,(CAH15-01-02) sociology,Quintile 4,3075
2021,(CAH15) social sciences,(CAH15-01-02) sociology,Quintile 4,3220
2022,(CAH15) social sciences,(CAH15-01-02) sociology,Quintile 4,3160
2023,(CAH15) social sciences,(CAH15-01-02) sociology,Quintile 4,2935
2024,(CAH15) social sciences,(CAH15-01-02) sociology,Quintile 4,2545
2019,(CAH15) social sciences,(CAH15-01-05) development studies,Quintile 4,95
2020,(CAH15) social sciences,(CAH15-01-05) development studies,Quintile 4,80
2021,(CAH15) social sciences,(CAH15-01-05) development studies,Quintile 4,75
2022,(CAH15) social sciences,(CAH15-01-05) development studies,Quintile 4,90
2023,(CAH15) social sciences,(CAH15-01-05) development studies,Quintile 4,85
2024,(CAH15) social sciences,(CAH15-01-05) development studies,Quintile 4,80
2019,(CAH15) social sciences,(CAH15-01-06) cultural studies,Quintile 4,55
2020,(CAH15) social sciences,(CAH15-01-06) cultural studies,Quintile 4,40
2021,(CAH15) social sciences,(CAH15-01-06) cultural studies,Quintile 4,35
2022,(CAH15) social sciences,(CAH15-01-06) cultural studies,Quintile 4,40
2023,(CAH15) social sciences,(CAH15-01-06) cultural studies,Quintile 4,35
2024,(CAH15) social sciences,(CAH15-01-06) cultural studies,Quintile 4,25
2019,(CAH03) biological and sport sciences,(CAH03-02-01) sport and exercise sciences,Quintile 4,3365
2020,(CAH03) biological and sport sciences,(CAH03-02-01) sport and exercise sciences,Quintile 4,3475
2021,(CAH03) biological and sport sciences,(CAH03-02-01) sport and exercise sciences,Quintile 4,3650
2022,(CAH03) biological and sport sciences,(CAH03-02-01) sport and exercise sciences,Quintile 4,3635
2023,(CAH03) biological and sport sciences,(CAH03-02-01) sport and exercise sciences,Quintile 4,3350
2024,(CAH03) biological and sport sciences,(CAH03-02-01) sport and exercise sciences,Quintile 4,3325
2019,(CAH03) biological and sport sciences,(CAH03-01-07) genetics,Quintile 4,50
2020,(CAH03) biological and sport sciences,(CAH03-01-07) genetics,Quintile 4,50
2021,(CAH03) biological and sport sciences,(CAH03-01-07) genetics,Quintile 4,60
2022,(CAH03) biological and sport sciences,(CAH03-01-07) genetics,Quintile 4,60
2023,(CAH03) biological and sport sciences,(CAH03-01-07) genetics,Quintile 4,45
2024,(CAH03) biological and sport sciences,(CAH03-01-07) genetics,Quintile 4,40
2019,(CAH03) biological and sport sciences,(CAH03-01-10) others in biosciences,Quintile 4,110
2020,(CAH03) biological and sport sciences,(CAH03-01-10) others in biosciences,Quintile 4,85
2021,(CAH03) biological and sport sciences,(CAH03-01-10) others in biosciences,Quintile 4,100
2022,(CAH03) biological and sport sciences,(CAH03-01-10) others in biosciences,Quintile 4,105
2023,(CAH03) biological and sport sciences,(CAH03-01-10) others in biosciences,Quintile 4,95
2024,(CAH03) biological and sport sciences,(CAH03-01-10) others in biosciences,Quintile 4,70
2019,(CAH03) biological and sport sciences,"(CAH03-01-08) molecular biology, biophysics and biochemistry",Quintile 4,575
2020,(CAH03) biological and sport sciences,"(CAH03-01-08) molecular biology, biophysics and biochemistry",Quintile 4,520
2021,(CAH03) biological and sport sciences,"(CAH03-01-08) molecular biology, biophysics and biochemistry",Quintile 4,620
2022,(CAH03) biological and sport sciences,"(CAH03-01-08) molecular biology, biophysics and biochemistry",Quintile 4,535
2023,(CAH03) biological and sport sciences,"(CAH03-01-08) molecular biology, biophysics and biochemistry",Quintile 4,605
2024,(CAH03) biological and sport sciences,"(CAH03-01-08) molecular biology, biophysics and biochemistry",Quintile 4,555
2019,(CAH03) biological and sport sciences,(CAH03-01-01) biosciences (non-specific),Quintile 4,570
2020,(CAH03) biological and sport sciences,(CAH03-01-01) biosciences (non-specific),Quintile 4,500
2021,(CAH03) biological and sport sciences,(CAH03-01-01) biosciences (non-specific),Quintile 4,530
2022,(CAH03) biological and sport sciences,(CAH03-01-01) biosciences (non-specific),Quintile 4,490
2023,(CAH03) biological and sport sciences,(CAH03-01-01) biosciences (non-specific),Quintile 4,530
2024,(CAH03) biological and sport sciences,(CAH03-01-01) biosciences (non-specific),Quintile 4,455
2019,(CAH03) biological and sport sciences,(CAH03-01-02) biology (non-specific),Quintile 4,835
2020,(CAH03) biological and sport sciences,(CAH03-01-02) biology (non-specific),Quintile 4,860
2021,(CAH03) biological and sport sciences,(CAH03-01-02) biology (non-specific),Quintile 4,825
2022,(CAH03) biological and sport sciences,(CAH03-01-02) biology (non-specific),Quintile 4,710
2023,(CAH03) biological and sport sciences,(CAH03-01-02) biology (non-specific),Quintile 4,700
2024,(CAH03) biological and sport sciences,(CAH03-01-02) biology (non-specific),Quintile 4,705
2019,(CAH03) biological and sport sciences,(CAH03-01-03) ecology and environmental biology,Quintile 4,385
2020,(CAH03) biological and sport sciences,(CAH03-01-03) ecology and environmental biology,Quintile 4,440
2021,(CAH03) biological and sport sciences,(CAH03-01-03) ecology and environmental biology,Quintile 4,470
2022,(CAH03) biological and sport sciences,(CAH03-01-03) ecology and environmental biology,Quintile 4,490
2023,(CAH03) biological and sport sciences,(CAH03-01-03) ecology and environmental biology,Quintile 4,455
2024,(CAH03) biological and sport sciences,(CAH03-01-03) ecology and environmental biology,Quintile 4,490
2019,(CAH03) biological and sport sciences,(CAH03-01-04) microbiology and cell science,Quintile 4,105
2020,(CAH03) biological and sport sciences,(CAH03-01-04) microbiology and cell science,Quintile 4,125
2021,(CAH03) biological and sport sciences,(CAH03-01-04) microbiology and cell science,Quintile 4,110
2022,(CAH03) biological and sport sciences,(CAH03-01-04) microbiology and cell science,Quintile 4,125
2023,(CAH03) biological and sport sciences,(CAH03-01-04) microbiology and cell science,Quintile 4,90
2024,(CAH03) biological and sport sciences,(CAH03-01-04) microbiology and cell science,Quintile 4,125
2019,(CAH03) biological and sport sciences,(CAH03-01-05) plant sciences,Quintile 4,15
2020,(CAH03) biological and sport sciences,(CAH03-01-05) plant sciences,Quintile 4,15
2021,(CAH03) biological and sport sciences,(CAH03-01-05) plant sciences,Quintile 4,20
2022,(CAH03) biological and sport sciences,(CAH03-01-05) plant sciences,Quintile 4,15
2023,(CAH03) biological and sport sciences,(CAH03-01-05) plant sciences,Quintile 4,20
2024,(CAH03) biological and sport sciences,(CAH03-01-05) plant sciences,Quintile 4,20
2019,(CAH03) biological and sport sciences,(CAH03-01-06) zoology,Quintile 4,355
2020,(CAH03) biological and sport sciences,(CAH03-01-06) zoology,Quintile 4,415
2021,(CAH03) biological and sport sciences,(CAH03-01-06) zoology,Quintile 4,450
2022,(CAH03) biological and sport sciences,(CAH03-01-06) zoology,Quintile 4,420
2023,(CAH03) biological and sport sciences,(CAH03-01-06) zoology,Quintile 4,390
2024,(CAH03) biological and sport sciences,(CAH03-01-06) zoology,Quintile 4,425
2019,(CAH03) biological and sport sciences,(CAH03-01-09) hair and beauty sciences,Quintile 4,10
2020,(CAH03) biological and sport sciences,(CAH03-01-09) hair and beauty sciences,Quintile 4,10
2021,(CAH03) biological and sport sciences,(CAH03-01-09) hair and beauty sciences,Quintile 4,10
2022,(CAH03) biological and sport sciences,(CAH03-01-09) hair and beauty sciences,Quintile 4,5
2023,(CAH03) biological and sport sciences,(CAH03-01-09) hair and beauty sciences,Quintile 4,5
2024,(CAH03) biological and sport sciences,(CAH03-01-09) hair and beauty sciences,Quintile 4,5
2019,"(CAH13) architecture, building and planning",(CAH13-01-01) architecture,Quintile 4,790
2020,"(CAH13) architecture, building and planning",(CAH13-01-01) architecture,Quintile 4,905
2021,"(CAH13) architecture, building and planning",(CAH13-01-01) architecture,Quintile 4,905
2022,"(CAH13) architecture, building and planning",(CAH13-01-01) architecture,Quintile 4,945
2023,"(CAH13) architecture, building and planning",(CAH13-01-01) architecture,Quintile 4,935
2024,"(CAH13) architecture, building and planning",(CAH13-01-01) architecture,Quintile 4,1030
2019,"(CAH13) architecture, building and planning",(CAH13-01-03) landscape design,Quintile 4,30
2020,"(CAH13) architecture, building and planning",(CAH13-01-03) landscape design,Quintile 4,35
2021,"(CAH13) architecture, building and planning",(CAH13-01-03) landscape design,Quintile 4,25
2022,"(CAH13) architecture, building and planning",(CAH13-01-03) landscape design,Quintile 4,35
2023,"(CAH13) architecture, building and planning",(CAH13-01-03) landscape design,Quintile 4,30
2024,"(CAH13) architecture, building and planning",(CAH13-01-03) landscape design,Quintile 4,35
2019,"(CAH13) architecture, building and planning",(CAH13-01-02) building,Quintile 4,655
2020,"(CAH13) architecture, building and planning",(CAH13-01-02) building,Quintile 4,710
2021,"(CAH13) architecture, building and planning",(CAH13-01-02) building,Quintile 4,650
2022,"(CAH13) architecture, building and planning",(CAH13-01-02) building,Quintile 4,830
2023,"(CAH13) architecture, building and planning",(CAH13-01-02) building,Quintile 4,775
2024,"(CAH13) architecture, building and planning",(CAH13-01-02) building,Quintile 4,875
2019,"(CAH13) architecture, building and planning","(CAH13-01-04) planning (urban, rural and regional)",Quintile 4,170
2020,"(CAH13) architecture, building and planning","(CAH13-01-04) planning (urban, rural and regional)",Quintile 4,200
2021,"(CAH13) architecture, building and planning","(CAH13-01-04) planning (urban, rural and regional)",Quintile 4,145
2022,"(CAH13) architecture, building and planning","(CAH13-01-04) planning (urban, rural and regional)",Quintile 4,125
2023,"(CAH13) architecture, building and planning","(CAH13-01-04) planning (urban, rural and regional)",Quintile 4,135
2024,"(CAH13) architecture, building and planning","(CAH13-01-04) planning (urban, rural and regional)",Quintile 4,140
2019,(CAH01) medicine and dentistry,(CAH01-01-03) medicine by specialism,Quintile 4,45
2020,(CAH01) medicine and dentistry,(CAH01-01-03) medicine by specialism,Quintile 4,40
2021,(CAH01) medicine and dentistry,(CAH01-01-03) medicine by specialism,Quintile 4,45
2022,(CAH01) medicine and dentistry,(CAH01-01-03) medicine by specialism,Quintile 4,35
2023,(CAH01) medicine and dentistry,(CAH01-01-03) medicine by specialism,Quintile 4,40
2024,(CAH01) medicine and dentistry,(CAH01-01-03) medicine by specialism,Quintile 4,30
2019,(CAH01) medicine and dentistry,(CAH01-01-04) dentistry,Quintile 4,270
2020,(CAH01) medicine and dentistry,(CAH01-01-04) dentistry,Quintile 4,320
2021,(CAH01) medicine and dentistry,(CAH01-01-04) dentistry,Quintile 4,275
2022,(CAH01) medicine and dentistry,(CAH01-01-04) dentistry,Quintile 4,270
2023,(CAH01) medicine and dentistry,(CAH01-01-04) dentistry,Quintile 4,270
2024,(CAH01) medicine and dentistry,(CAH01-01-04) dentistry,Quintile 4,275
2019,(CAH01) medicine and dentistry,(CAH01-01-02) medicine (non-specific),Quintile 4,1905
2020,(CAH01) medicine and dentistry,(CAH01-01-02) medicine (non-specific),Quintile 4,2070
2021,(CAH01) medicine and dentistry,(CAH01-01-02) medicine (non-specific),Quintile 4,2010
2022,(CAH01) medicine and dentistry,(CAH01-01-02) medicine (non-specific),Quintile 4,1960
2023,(CAH01) medicine and dentistry,(CAH01-01-02) medicine (non-specific),Quintile 4,2005
2024,(CAH01) medicine and dentistry,(CAH01-01-02) medicine (non-specific),Quintile 4,2075
2019,(CAH01) medicine and dentistry,(CAH01-01-01) medical sciences (non-specific),Quintile 4,70
2020,(CAH01) medicine and dentistry,(CAH01-01-01) medical sciences (non-specific),Quintile 4,80
2021,(CAH01) medicine and dentistry,(CAH01-01-01) medical sciences (non-specific),Quintile 4,85
2022,(CAH01) medicine and dentistry,(CAH01-01-01) medical sciences (non-specific),Quintile 4,85
2023,(CAH01) medicine and dentistry,(CAH01-01-01) medical sciences (non-specific),Quintile 4,80
2024,(CAH01) medicine and dentistry,(CAH01-01-01) medical sciences (non-specific),Quintile 4,85
2019,"(CAH20) historical, philosophical and religious studies",(CAH20-01-01) history,Quintile 4,2360
2020,"(CAH20) historical, philosophical and religious studies",(CAH20-01-01) history,Quintile 4,2285
2021,"(CAH20) historical, philosophical and religious studies",(CAH20-01-01) history,Quintile 4,2160
2022,"(CAH20) historical, philosophical and religious studies",(CAH20-01-01) history,Quintile 4,2055
2023,"(CAH20) historical, philosophical and religious studies",(CAH20-01-01) history,Quintile 4,2125
2024,"(CAH20) historical, philosophical and religious studies",(CAH20-01-01) history,Quintile 4,2120
2019,"(CAH20) historical, philosophical and religious studies",(CAH20-01-03) archaeology,Quintile 4,170
2020,"(CAH20) historical, philosophical and religious studies",(CAH20-01-03) archaeology,Quintile 4,195
2021,"(CAH20) historical, philosophical and religious studies",(CAH20-01-03) archaeology,Quintile 4,175
2022,"(CAH20) historical, philosophical and religious studies",(CAH20-01-03) archaeology,Quintile 4,195
2023,"(CAH20) historical, philosophical and religious studies",(CAH20-01-03) archaeology,Quintile 4,230
2024,"(CAH20) historical, philosophical and religious studies",(CAH20-01-03) archaeology,Quintile 4,210
2019,"(CAH20) historical, philosophical and religious studies",(CAH20-01-05) classics,Quintile 4,290
2020,"(CAH20) historical, philosophical and religious studies",(CAH20-01-05) classics,Quintile 4,290
2021,"(CAH20) historical, philosophical and religious studies",(CAH20-01-05) classics,Quintile 4,290
2022,"(CAH20) historical, philosophical and religious studies",(CAH20-01-05) classics,Quintile 4,285
2023,"(CAH20) historical, philosophical and religious studies",(CAH20-01-05) classics,Quintile 4,355
2024,"(CAH20) historical, philosophical and religious studies",(CAH20-01-05) classics,Quintile 4,335
2019,"(CAH20) historical, philosophical and religious studies","(CAH20-01-02) history of art, architecture and design",Quintile 4,245
2020,"(CAH20) historical, philosophical and religious studies","(CAH20-01-02) history of art, architecture and design",Quintile 4,230
2021,"(CAH20) historical, philosophical and religious studies","(CAH20-01-02) history of art, architecture and design",Quintile 4,225
2022,"(CAH20) historical, philosophical and religious studies","(CAH20-01-02) history of art, architecture and design",Quintile 4,250
2023,"(CAH20) historical, philosophical and religious studies","(CAH20-01-02) history of art, architecture and design",Quintile 4,230
2024,"(CAH20) historical, philosophical and religious studies","(CAH20-01-02) history of art, architecture and design",Quintile 4,215
2019,"(CAH20) historical, philosophical and religious studies",(CAH20-02-01) philosophy,Quintile 4,680
2020,"(CAH20) historical, philosophical and religious studies",(CAH20-02-01) philosophy,Quintile 4,685
2021,"(CAH20) historical, philosophical and religious studies",(CAH20-02-01) philosophy,Quintile 4,745
2022,"(CAH20) historical, philosophical and religious studies",(CAH20-02-01) philosophy,Quintile 4,730
2023,"(CAH20) historical, philosophical and religious studies",(CAH20-02-01) philosophy,Quintile 4,760
2024,"(CAH20) historical, philosophical and religious studies",(CAH20-02-01) philosophy,Quintile 4,725
2019,"(CAH20) historical, philosophical and religious studies",(CAH20-02-02) theology and religious studies,Quintile 4,235
2020,"(CAH20) historical, philosophical and religious studies",(CAH20-02-02) theology and religious studies,Quintile 4,220
2021,"(CAH20) historical, philosophical and religious studies",(CAH20-02-02) theology and religious studies,Quintile 4,190
2022,"(CAH20) historical, philosophical and religious studies",(CAH20-02-02) theology and religious studies,Quintile 4,175
2023,"(CAH20) historical, philosophical and religious studies",(CAH20-02-02) theology and religious studies,Quintile 4,180
2024,"(CAH20) historical, philosophical and religious studies",(CAH20-02-02) theology and religious studies,Quintile 4,195
2019,"(CAH20) historical, philosophical and religious studies",(CAH20-01-04) heritage studies,Quintile 4,5
2020,"(CAH20) historical, philosophical and religious studies",(CAH20-01-04) heritage studies,Quintile 4,10
2021,"(CAH20) historical, philosophical and religious studies",(CAH20-01-04) heritage studies,Quintile 4,10
2022,"(CAH20) historical, philosophical and religious studies",(CAH20-01-04) heritage studies,Quintile 4,15
2023,"(CAH20) historical, philosophical and religious studies",(CAH20-01-04) heritage studies,Quintile 4,15
2024,"(CAH20) historical, philosophical and religious studies",(CAH20-01-04) heritage studies,Quintile 4,10
2019,(CAH11) computing,(CAH11-01-08) others in computing,Quintile 4,215
2020,(CAH11) computing,(CAH11-01-08) others in computing,Quintile 4,190
2021,(CAH11) computing,(CAH11-01-08) others in computing,Quintile 4,175
2022,(CAH11) computing,(CAH11-01-08) others in computing,Quintile 4,160
2023,(CAH11) computing,(CAH11-01-08) others in computing,Quintile 4,170
2024,(CAH11) computing,(CAH11-01-08) others in computing,Quintile 4,190
2019,(CAH11) computing,(CAH11-01-05) artificial intelligence,Quintile 4,55
2020,(CAH11) computing,(CAH11-01-05) artificial intelligence,Quintile 4,85
2021,(CAH11) computing,(CAH11-01-05) artificial intelligence,Quintile 4,95
2022,(CAH11) computing,(CAH11-01-05) artificial intelligence,Quintile 4,90
2023,(CAH11) computing,(CAH11-01-05) artificial intelligence,Quintile 4,115
2024,(CAH11) computing,(CAH11-01-05) artificial intelligence,Quintile 4,160
2019,(CAH11) computing,(CAH11-01-07) business computing,Quintile 4,175
2020,(CAH11) computing,(CAH11-01-07) business computing,Quintile 4,170
2021,(CAH11) computing,(CAH11-01-07) business computing,Quintile 4,155
2022,(CAH11) computing,(CAH11-01-07) business computing,Quintile 4,135
2023,(CAH11) computing,(CAH11-01-07) business computing,Quintile 4,105
2024,(CAH11) computing,(CAH11-01-07) business computing,Quintile 4,120
2019,(CAH11) computing,(CAH11-01-06) computer games and animation,Quintile 4,905
2020,(CAH11) computing,(CAH11-01-06) computer games and animation,Quintile 4,945
2021,(CAH11) computing,(CAH11-01-06) computer games and animation,Quintile 4,925
2022,(CAH11) computing,(CAH11-01-06) computer games and animation,Quintile 4,1070
2023,(CAH11) computing,(CAH11-01-06) computer games and animation,Quintile 4,1055
2024,(CAH11) computing,(CAH11-01-06) computer games and animation,Quintile 4,1020
2019,(CAH11) computing,(CAH11-01-01) computer science,Quintile 4,2275
2020,(CAH11) computing,(CAH11-01-01) computer science,Quintile 4,2410
2021,(CAH11) computing,(CAH11-01-01) computer science,Quintile 4,2450
2022,(CAH11) computing,(CAH11-01-01) computer science,Quintile 4,2515
2023,(CAH11) computing,(CAH11-01-01) computer science,Quintile 4,2710
2024,(CAH11) computing,(CAH11-01-01) computer science,Quintile 4,2850
2019,(CAH11) computing,(CAH11-01-02) information technology,Quintile 4,155
2020,(CAH11) computing,(CAH11-01-02) information technology,Quintile 4,165
2021,(CAH11) computing,(CAH11-01-02) information technology,Quintile 4,125
2022,(CAH11) computing,(CAH11-01-02) information technology,Quintile 4,130
2023,(CAH11) computing,(CAH11-01-02) information technology,Quintile 4,120
2024,(CAH11) computing,(CAH11-01-02) information technology,Quintile 4,105
2019,(CAH11) computing,(CAH11-01-03) information systems,Quintile 4,100
2020,(CAH11) computing,(CAH11-01-03) information systems,Quintile 4,115
2021,(CAH11) computing,(CAH11-01-03) information systems,Quintile 4,100
2022,(CAH11) computing,(CAH11-01-03) information systems,Quintile 4,100
2023,(CAH11) computing,(CAH11-01-03) information systems,Quintile 4,95
2024,(CAH11) computing,(CAH11-01-03) information systems,Quintile 4,110
2019,(CAH11) computing,(CAH11-01-04) software engineering,Quintile 4,520
2020,(CAH11) computing,(CAH11-01-04) software engineering,Quintile 4,560
2021,(CAH11) computing,(CAH11-01-04) software engineering,Quintile 4,670
2022,(CAH11) computing,(CAH11-01-04) software engineering,Quintile 4,705
2023,(CAH11) computing,(CAH11-01-04) software engineering,Quintile 4,695
2024,(CAH11) computing,(CAH11-01-04) software engineering,Quintile 4,750
2019,"(CAH26) geography, earth and environmental studies",(CAH26-01-06) earth sciences,Quintile 4,390
2020,"(CAH26) geography, earth and environmental studies",(CAH26-01-06) earth sciences,Quintile 4,355
2021,"(CAH26) geography, earth and environmental studies",(CAH26-01-06) earth sciences,Quintile 4,360
2022,"(CAH26) geography, earth and environmental studies",(CAH26-01-06) earth sciences,Quintile 4,395
2023,"(CAH26) geography, earth and environmental studies",(CAH26-01-06) earth sciences,Quintile 4,385
2024,"(CAH26) geography, earth and environmental studies",(CAH26-01-06) earth sciences,Quintile 4,380
2019,"(CAH26) geography, earth and environmental studies",(CAH26-01-04) environmental sciences,Quintile 4,245
2020,"(CAH26) geography, earth and environmental studies",(CAH26-01-04) environmental sciences,Quintile 4,290
2021,"(CAH26) geography, earth and environmental studies",(CAH26-01-04) environmental sciences,Quintile 4,285
2022,"(CAH26) geography, earth and environmental studies",(CAH26-01-04) environmental sciences,Quintile 4,320
2023,"(CAH26) geography, earth and environmental studies",(CAH26-01-04) environmental sciences,Quintile 4,290
2024,"(CAH26) geography, earth and environmental studies",(CAH26-01-04) environmental sciences,Quintile 4,315
2019,"(CAH26) geography, earth and environmental studies",(CAH26-01-02) physical geographical sciences,Quintile 4,535
2020,"(CAH26) geography, earth and environmental studies",(CAH26-01-02) physical geographical sciences,Quintile 4,540
2021,"(CAH26) geography, earth and environmental studies",(CAH26-01-02) physical geographical sciences,Quintile 4,630
2022,"(CAH26) geography, earth and environmental studies",(CAH26-01-02) physical geographical sciences,Quintile 4,585
2023,"(CAH26) geography, earth and environmental studies",(CAH26-01-02) physical geographical sciences,Quintile 4,590
2024,"(CAH26) geography, earth and environmental studies",(CAH26-01-02) physical geographical sciences,Quintile 4,580
2019,"(CAH26) geography, earth and environmental studies",(CAH26-01-01) geography (non-specific),Quintile 4,285
2020,"(CAH26) geography, earth and environmental studies",(CAH26-01-01) geography (non-specific),Quintile 4,245
2021,"(CAH26) geography, earth and environmental studies",(CAH26-01-01) geography (non-specific),Quintile 4,245
2022,"(CAH26) geography, earth and environmental studies",(CAH26-01-01) geography (non-specific),Quintile 4,255
2023,"(CAH26) geography, earth and environmental studies",(CAH26-01-01) geography (non-specific),Quintile 4,280
2024,"(CAH26) geography, earth and environmental studies",(CAH26-01-01) geography (non-specific),Quintile 4,270
2019,"(CAH26) geography, earth and environmental studies",(CAH26-01-03) human geography,Quintile 4,735
2020,"(CAH26) geography, earth and environmental studies",(CAH26-01-03) human geography,Quintile 4,725
2021,"(CAH26) geography, earth and environmental studies",(CAH26-01-03) human geography,Quintile 4,765
2022,"(CAH26) geography, earth and environmental studies",(CAH26-01-03) human geography,Quintile 4,685
2023,"(CAH26) geography, earth and environmental studies",(CAH26-01-03) human geography,Quintile 4,780
2024,"(CAH26) geography, earth and environmental studies",(CAH26-01-03) human geography,Quintile 4,690
2019,(CAH07) physical sciences,(CAH07-04-02) forensic and archaeological sciences,Quintile 4,420
2020,(CAH07) physical sciences,(CAH07-04-02) forensic and archaeological sciences,Quintile 4,440
2021,(CAH07) physical sciences,(CAH07-04-02) forensic and archaeological sciences,Quintile 4,455
2022,(CAH07) physical sciences,(CAH07-04-02) forensic and archaeological sciences,Quintile 4,455
2023,(CAH07) physical sciences,(CAH07-04-02) forensic and archaeological sciences,Quintile 4,425
2024,(CAH07) physical sciences,(CAH07-04-02) forensic and archaeological sciences,Quintile 4,420
2019,(CAH07) physical sciences,(CAH07-04-03) sciences (non-specific),Quintile 4,70
2020,(CAH07) physical sciences,(CAH07-04-03) sciences (non-specific),Quintile 4,75
2021,(CAH07) physical sciences,(CAH07-04-03) sciences (non-specific),Quintile 4,75
2022,(CAH07) physical sciences,(CAH07-04-03) sciences (non-specific),Quintile 4,90
2023,(CAH07) physical sciences,(CAH07-04-03) sciences (non-specific),Quintile 4,105
2024,(CAH07) physical sciences,(CAH07-04-03) sciences (non-specific),Quintile 4,135
2019,(CAH07) physical sciences,(CAH07-04-04) natural sciences (non-specific),Quintile 4,155
2020,(CAH07) physical sciences,(CAH07-04-04) natural sciences (non-specific),Quintile 4,190
2021,(CAH07) physical sciences,(CAH07-04-04) natural sciences (non-specific),Quintile 4,190
2022,(CAH07) physical sciences,(CAH07-04-04) natural sciences (non-specific),Quintile 4,150
2023,(CAH07) physical sciences,(CAH07-04-04) natural sciences (non-specific),Quintile 4,125
2024,(CAH07) physical sciences,(CAH07-04-04) natural sciences (non-specific),Quintile 4,150
2019,(CAH07) physical sciences,(CAH07-02-01) chemistry,Quintile 4,1020
2020,(CAH07) physical sciences,(CAH07-02-01) chemistry,Quintile 4,935
2021,(CAH07) physical sciences,(CAH07-02-01) chemistry,Quintile 4,835
2022,(CAH07) physical sciences,(CAH07-02-01) chemistry,Quintile 4,875
2023,(CAH07) physical sciences,(CAH07-02-01) chemistry,Quintile 4,960
2024,(CAH07) physical sciences,(CAH07-02-01) chemistry,Quintile 4,930
2019,(CAH07) physical sciences,(CAH07-01-02) astronomy,Quintile 4,140
2020,(CAH07) physical sciences,(CAH07-01-02) astronomy,Quintile 4,130
2021,(CAH07) physical sciences,(CAH07-01-02) astronomy,Quintile 4,150
2022,(CAH07) physical sciences,(CAH07-01-02) astronomy,Quintile 4,165
2023,(CAH07) physical sciences,(CAH07-01-02) astronomy,Quintile 4,155
2024,(CAH07) physical sciences,(CAH07-01-02) astronomy,Quintile 4,155
2019,(CAH07) physical sciences,(CAH07-01-01) physics,Quintile 4,955
2020,(CAH07) physical sciences,(CAH07-01-01) physics,Quintile 4,1065
2021,(CAH07) physical sciences,(CAH07-01-01) physics,Quintile 4,1035
2022,(CAH07) physical sciences,(CAH07-01-01) physics,Quintile 4,970
2023,(CAH07) physical sciences,(CAH07-01-01) physics,Quintile 4,890
2024,(CAH07) physical sciences,(CAH07-01-01) physics,Quintile 4,960
2019,(CAH07) physical sciences,(CAH07-04-01) physical sciences (non-specific),Quintile 4,15
2020,(CAH07) physical sciences,(CAH07-04-01) physical sciences (non-specific),Quintile 4,5
2021,(CAH07) physical sciences,(CAH07-04-01) physical sciences (non-specific),Quintile 4,5
2022,(CAH07) physical sciences,(CAH07-04-01) physical sciences (non-specific),Quintile 4,5
2023,(CAH07) physical sciences,(CAH07-04-01) physical sciences (non-specific),Quintile 4,5
2024,(CAH07) physical sciences,(CAH07-04-01) physical sciences (non-specific),Quintile 4,5
2019,(CAH04) psychology,(CAH04-01-02) applied psychology,Quintile 4,485
2020,(CAH04) psychology,(CAH04-01-02) applied psychology,Quintile 4,525
2021,(CAH04) psychology,(CAH04-01-02) applied psychology,Quintile 4,560
2022,(CAH04) psychology,(CAH04-01-02) applied psychology,Quintile 4,515
2023,(CAH04) psychology,(CAH04-01-02) applied psychology,Quintile 4,560
2024,(CAH04) psychology,(CAH04-01-02) applied psychology,Quintile 4,485
2019,(CAH04) psychology,(CAH04-01-04) psychology and health,Quintile 4,30
2020,(CAH04) psychology,(CAH04-01-04) psychology and health,Quintile 4,45
2021,(CAH04) psychology,(CAH04-01-04) psychology and health,Quintile 4,45
2022,(CAH04) psychology,(CAH04-01-04) psychology and health,Quintile 4,45
2023,(CAH04) psychology,(CAH04-01-04) psychology and health,Quintile 4,45
2024,(CAH04) psychology,(CAH04-01-04) psychology and health,Quintile 4,45
2019,(CAH04) psychology,(CAH04-01-03) developmental psychology,Quintile 4,85
2020,(CAH04) psychology,(CAH04-01-03) developmental psychology,Quintile 4,80
2021,(CAH04) psychology,(CAH04-01-03) developmental psychology,Quintile 4,70
2022,(CAH04) psychology,(CAH04-01-03) developmental psychology,Quintile 4,95
2023,(CAH04) psychology,(CAH04-01-03) developmental psychology,Quintile 4,90
2024,(CAH04) psychology,(CAH04-01-03) developmental psychology,Quintile 4,80
2019,(CAH04) psychology,(CAH04-01-01) psychology (non-specific),Quintile 4,3840
2020,(CAH04) psychology,(CAH04-01-01) psychology (non-specific),Quintile 4,4150
2021,(CAH04) psychology,(CAH04-01-01) psychology (non-specific),Quintile 4,4215
2022,(CAH04) psychology,(CAH04-01-01) psychology (non-specific),Quintile 4,4175
2023,(CAH04) psychology,(CAH04-01-01) psychology (non-specific),Quintile 4,4105
2024,(CAH04) psychology,(CAH04-01-01) psychology (non-specific),Quintile 4,3985
2019,(CAH04) psychology,(CAH04-01-05) others in psychology,Quintile 4,80
2020,(CAH04) psychology,(CAH04-01-05) others in psychology,Quintile 4,60
2021,(CAH04) psychology,(CAH04-01-05) others in psychology,Quintile 4,70
2022,(CAH04) psychology,(CAH04-01-05) others in psychology,Quintile 4,60
2023,(CAH04) psychology,(CAH04-01-05) others in psychology,Quintile 4,60
2024,(CAH04) psychology,(CAH04-01-05) others in psychology,Quintile 4,55
2019,(CAH09) mathematical sciences,(CAH09-01-01) mathematics,Quintile 4,1640
2020,(CAH09) mathematical sciences,(CAH09-01-01) mathematics,Quintile 4,1550
2021,(CAH09) mathematical sciences,(CAH09-01-01) mathematics,Quintile 4,1710
2022,(CAH09) mathematical sciences,(CAH09-01-01) mathematics,Quintile 4,1525
2023,(CAH09) mathematical sciences,(CAH09-01-01) mathematics,Quintile 4,1635
2024,(CAH09) mathematical sciences,(CAH09-01-01) mathematics,Quintile 4,1635
2019,(CAH09) mathematical sciences,(CAH09-01-02) operational research,Quintile 4,10
2020,(CAH09) mathematical sciences,(CAH09-01-02) operational research,Quintile 4,5
2021,(CAH09) mathematical sciences,(CAH09-01-02) operational research,Quintile 4,10
2022,(CAH09) mathematical sciences,(CAH09-01-02) operational research,Quintile 4,15
2023,(CAH09) mathematical sciences,(CAH09-01-02) operational research,Quintile 4,10
2024,(CAH09) mathematical sciences,(CAH09-01-02) operational research,Quintile 4,10
2019,(CAH09) mathematical sciences,(CAH09-01-03) statistics,Quintile 4,60
2020,(CAH09) mathematical sciences,(CAH09-01-03) statistics,Quintile 4,70
2021,(CAH09) mathematical sciences,(CAH09-01-03) statistics,Quintile 4,85
2022,(CAH09) mathematical sciences,(CAH09-01-03) statistics,Quintile 4,75
2023,(CAH09) mathematical sciences,(CAH09-01-03) statistics,Quintile 4,85
2024,(CAH09) mathematical sciences,(CAH09-01-03) statistics,Quintile 4,95
2019,(CAH22) education and teaching,(CAH22-01-01) education,Quintile 4,1330
2020,(CAH22) education and teaching,(CAH22-01-01) education,Quintile 4,1245
2021,(CAH22) education and teaching,(CAH22-01-01) education,Quintile 4,1195
2022,(CAH22) education and teaching,(CAH22-01-01) education,Quintile 4,1075
2023,(CAH22) education and teaching,(CAH22-01-01) education,Quintile 4,985
2024,(CAH22) education and teaching,(CAH22-01-01) education,Quintile 4,950
2019,(CAH22) education and teaching,(CAH22-01-02) teacher training,Quintile 4,1960
2020,(CAH22) education and teaching,(CAH22-01-02) teacher training,Quintile 4,2180
2021,(CAH22) education and teaching,(CAH22-01-02) teacher training,Quintile 4,2080
2022,(CAH22) education and teaching,(CAH22-01-02) teacher training,Quintile 4,2175
2023,(CAH22) education and teaching,(CAH22-01-02) teacher training,Quintile 4,1905
2024,(CAH22) education and teaching,(CAH22-01-02) teacher training,Quintile 4,1820
2019,"(CAH06) agriculture, food and related studies",(CAH06-01-04) rural estate management,Quintile 4,35
2020,"(CAH06) agriculture, food and related studies",(CAH06-01-04) rural estate management,Quintile 4,40
2021,"(CAH06) agriculture, food and related studies",(CAH06-01-04) rural estate management,Quintile 4,50
2022,"(CAH06) agriculture, food and related studies",(CAH06-01-04) rural estate management,Quintile 4,40
2023,"(CAH06) agriculture, food and related studies",(CAH06-01-04) rural estate management,Quintile 4,40
2024,"(CAH06) agriculture, food and related studies",(CAH06-01-04) rural estate management,Quintile 4,40
2019,"(CAH06) agriculture, food and related studies",(CAH06-01-02) agricultural sciences,Quintile 4,25
2020,"(CAH06) agriculture, food and related studies",(CAH06-01-02) agricultural sciences,Quintile 4,25
2021,"(CAH06) agriculture, food and related studies",(CAH06-01-02) agricultural sciences,Quintile 4,15
2022,"(CAH06) agriculture, food and related studies",(CAH06-01-02) agricultural sciences,Quintile 4,15
2023,"(CAH06) agriculture, food and related studies",(CAH06-01-02) agricultural sciences,Quintile 4,15
2024,"(CAH06) agriculture, food and related studies",(CAH06-01-02) agricultural sciences,Quintile 4,25
2019,"(CAH06) agriculture, food and related studies",(CAH06-01-03) agriculture,Quintile 4,430
2020,"(CAH06) agriculture, food and related studies",(CAH06-01-03) agriculture,Quintile 4,490
2021,"(CAH06) agriculture, food and related studies",(CAH06-01-03) agriculture,Quintile 4,505
2022,"(CAH06) agriculture, food and related studies",(CAH06-01-03) agriculture,Quintile 4,470
2023,"(CAH06) agriculture, food and related studies",(CAH06-01-03) agriculture,Quintile 4,445
2024,"(CAH06) agriculture, food and related studies",(CAH06-01-03) agriculture,Quintile 4,455
2019,"(CAH06) agriculture, food and related studies",(CAH06-01-01) animal science,Quintile 4,540
2020,"(CAH06) agriculture, food and related studies",(CAH06-01-01) animal science,Quintile 4,530
2021,"(CAH06) agriculture, food and related studies",(CAH06-01-01) animal science,Quintile 4,515
2022,"(CAH06) agriculture, food and related studies",(CAH06-01-01) animal science,Quintile 4,465
2023,"(CAH06) agriculture, food and related studies",(CAH06-01-01) animal science,Quintile 4,470
2024,"(CAH06) agriculture, food and related studies",(CAH06-01-01) animal science,Quintile 4,440
2019,"(CAH06) agriculture, food and related studies",(CAH06-01-05) forestry and arboriculture,Quintile 4,25
2020,"(CAH06) agriculture, food and related studies",(CAH06-01-05) forestry and arboriculture,Quintile 4,25
2021,"(CAH06) agriculture, food and related studies",(CAH06-01-05) forestry and arboriculture,Quintile 4,20
2022,"(CAH06) agriculture, food and related studies",(CAH06-01-05) forestry and arboriculture,Quintile 4,20
2023,"(CAH06) agriculture, food and related studies",(CAH06-01-05) forestry and arboriculture,Quintile 4,15
2024,"(CAH06) agriculture, food and related studies",(CAH06-01-05) forestry and arboriculture,Quintile 4,25
2019,"(CAH06) agriculture, food and related studies",(CAH06-01-08) food and beverage production,Quintile 4,25
2020,"(CAH06) agriculture, food and related studies",(CAH06-01-08) food and beverage production,Quintile 4,25
2021,"(CAH06) agriculture, food and related studies",(CAH06-01-08) food and beverage production,Quintile 4,25
2022,"(CAH06) agriculture, food and related studies",(CAH06-01-08) food and beverage production,Quintile 4,30
2023,"(CAH06) agriculture, food and related studies",(CAH06-01-08) food and beverage production,Quintile 4,15
2024,"(CAH06) agriculture, food and related studies",(CAH06-01-08) food and beverage production,Quintile 4,25
2019,"(CAH06) agriculture, food and related studies",(CAH06-01-07) food sciences,Quintile 4,35
2020,"(CAH06) agriculture, food and related studies",(CAH06-01-07) food sciences,Quintile 4,65
2021,"(CAH06) agriculture, food and related studies",(CAH06-01-07) food sciences,Quintile 4,60
2022,"(CAH06) agriculture, food and related studies",(CAH06-01-07) food sciences,Quintile 4,50
2023,"(CAH06) agriculture, food and related studies",(CAH06-01-07) food sciences,Quintile 4,50
2024,"(CAH06) agriculture, food and related studies",(CAH06-01-07) food sciences,Quintile 4,45
2019,"(CAH06) agriculture, food and related studies",(CAH06-01-06) food and beverage studies (non-specific),Quintile 4,40
2020,"(CAH06) agriculture, food and related studies",(CAH06-01-06) food and beverage studies (non-specific),Quintile 4,35
2021,"(CAH06) agriculture, food and related studies",(CAH06-01-06) food and beverage studies (non-specific),Quintile 4,15
2022,"(CAH06) agriculture, food and related studies",(CAH06-01-06) food and beverage studies (non-specific),Quintile 4,20
2023,"(CAH06) agriculture, food and related studies",(CAH06-01-06) food and beverage studies (non-specific),Quintile 4,15
2024,"(CAH06) agriculture, food and related studies",(CAH06-01-06) food and beverage studies (non-specific),Quintile 4,30
2019,(CAH16) law,(CAH16-01-01) law,Quintile 4,3890
2020,(CAH16) law,(CAH16-01-01) law,Quintile 4,4075
2021,(CAH16) law,(CAH16-01-01) law,Quintile 4,4115
2022,(CAH16) law,(CAH16-01-01) law,Quintile 4,4165
2023,(CAH16) law,(CAH16-01-01) law,Quintile 4,4120
2024,(CAH16) law,(CAH16-01-01) law,Quintile 4,4430
2019,(CAH05) veterinary sciences,(CAH05-01-01) veterinary medicine and dentistry,Quintile 4,345
2020,(CAH05) veterinary sciences,(CAH05-01-01) veterinary medicine and dentistry,Quintile 4,365
2021,(CAH05) veterinary sciences,(CAH05-01-01) veterinary medicine and dentistry,Quintile 4,355
2022,(CAH05) veterinary sciences,(CAH05-01-01) veterinary medicine and dentistry,Quintile 4,335
2023,(CAH05) veterinary sciences,(CAH05-01-01) veterinary medicine and dentistry,Quintile 4,350
2024,(CAH05) veterinary sciences,(CAH05-01-01) veterinary medicine and dentistry,Quintile 4,400
2019,(CAH05) veterinary sciences,(CAH05-01-02) others in veterinary sciences,Quintile 4,170
2020,(CAH05) veterinary sciences,(CAH05-01-02) others in veterinary sciences,Quintile 4,180
2021,(CAH05) veterinary sciences,(CAH05-01-02) others in veterinary sciences,Quintile 4,200
2022,(CAH05) veterinary sciences,(CAH05-01-02) others in veterinary sciences,Quintile 4,215
2023,(CAH05) veterinary sciences,(CAH05-01-02) others in veterinary sciences,Quintile 4,170
2024,(CAH05) veterinary sciences,(CAH05-01-02) others in veterinary sciences,Quintile 4,170
2019,"(CAH25) design, and creative and performing arts",(CAH25-01-03) design studies,Quintile 5,4060
2020,"(CAH25) design, and creative and performing arts",(CAH25-01-03) design studies,Quintile 5,4150
2021,"(CAH25) design, and creative and performing arts",(CAH25-01-03) design studies,Quintile 5,3795
2022,"(CAH25) design, and creative and performing arts",(CAH25-01-03) design studies,Quintile 5,3855
2023,"(CAH25) design, and creative and performing arts",(CAH25-01-03) design studies,Quintile 5,3635
2024,"(CAH25) design, and creative and performing arts",(CAH25-01-03) design studies,Quintile 5,3630
2019,"(CAH25) design, and creative and performing arts",(CAH25-02-02) music,Quintile 5,2075
2020,"(CAH25) design, and creative and performing arts",(CAH25-02-02) music,Quintile 5,2150
2021,"(CAH25) design, and creative and performing arts",(CAH25-02-02) music,Quintile 5,2105
2022,"(CAH25) design, and creative and performing arts",(CAH25-02-02) music,Quintile 5,2095
2023,"(CAH25) design, and creative and performing arts",(CAH25-02-02) music,Quintile 5,2030
2024,"(CAH25) design, and creative and performing arts",(CAH25-02-02) music,Quintile 5,2030
2019,"(CAH25) design, and creative and performing arts",(CAH25-01-04) cinematics and photography,Quintile 5,2065
2020,"(CAH25) design, and creative and performing arts",(CAH25-01-04) cinematics and photography,Quintile 5,2150
2021,"(CAH25) design, and creative and performing arts",(CAH25-01-04) cinematics and photography,Quintile 5,2260
2022,"(CAH25) design, and creative and performing arts",(CAH25-01-04) cinematics and photography,Quintile 5,2225
2023,"(CAH25) design, and creative and performing arts",(CAH25-01-04) cinematics and photography,Quintile 5,2105
2024,"(CAH25) design, and creative and performing arts",(CAH25-01-04) cinematics and photography,Quintile 5,2130
2019,"(CAH25) design, and creative and performing arts",(CAH25-01-02) art,Quintile 5,830
2020,"(CAH25) design, and creative and performing arts",(CAH25-01-02) art,Quintile 5,830
2021,"(CAH25) design, and creative and performing arts",(CAH25-01-02) art,Quintile 5,810
2022,"(CAH25) design, and creative and performing arts",(CAH25-01-02) art,Quintile 5,900
2023,"(CAH25) design, and creative and performing arts",(CAH25-01-02) art,Quintile 5,890
2024,"(CAH25) design, and creative and performing arts",(CAH25-01-02) art,Quintile 5,860
2019,"(CAH25) design, and creative and performing arts",(CAH25-02-03) drama,Quintile 5,1355
2020,"(CAH25) design, and creative and performing arts",(CAH25-02-03) drama,Quintile 5,1395
2021,"(CAH25) design, and creative and performing arts",(CAH25-02-03) drama,Quintile 5,1325
2022,"(CAH25) design, and creative and performing arts",(CAH25-02-03) drama,Quintile 5,1405
2023,"(CAH25) design, and creative and performing arts",(CAH25-02-03) drama,Quintile 5,1400
2024,"(CAH25) design, and creative and performing arts",(CAH25-02-03) drama,Quintile 5,1350
2019,"(CAH25) design, and creative and performing arts",(CAH25-02-04) dance,Quintile 5,225
2020,"(CAH25) design, and creative and performing arts",(CAH25-02-04) dance,Quintile 5,230
2021,"(CAH25) design, and creative and performing arts",(CAH25-02-04) dance,Quintile 5,300
2022,"(CAH25) design, and creative and performing arts",(CAH25-02-04) dance,Quintile 5,260
2023,"(CAH25) design, and creative and performing arts",(CAH25-02-04) dance,Quintile 5,275
2024,"(CAH25) design, and creative and performing arts",(CAH25-02-04) dance,Quintile 5,260
2019,"(CAH25) design, and creative and performing arts",(CAH25-02-01) performing arts (non-specific),Quintile 5,150
2020,"(CAH25) design, and creative and performing arts",(CAH25-02-01) performing arts (non-specific),Quintile 5,100
2021,"(CAH25) design, and creative and performing arts",(CAH25-02-01) performing arts (non-specific),Quintile 5,105
2022,"(CAH25) design, and creative and performing arts",(CAH25-02-01) performing arts (non-specific),Quintile 5,90
2023,"(CAH25) design, and creative and performing arts",(CAH25-02-01) performing arts (non-specific),Quintile 5,80
2024,"(CAH25) design, and creative and performing arts",(CAH25-02-01) performing arts (non-specific),Quintile 5,70
2019,"(CAH25) design, and creative and performing arts",(CAH25-01-05) others in creative arts and design,Quintile 5,210
2020,"(CAH25) design, and creative and performing arts",(CAH25-01-05) others in creative arts and design,Quintile 5,210
2021,"(CAH25) design, and creative and performing arts",(CAH25-01-05) others in creative arts and design,Quintile 5,200
2022,"(CAH25) design, and creative and performing arts",(CAH25-01-05) others in creative arts and design,Quintile 5,200
2023,"(CAH25) design, and creative and performing arts",(CAH25-01-05) others in creative arts and design,Quintile 5,150
2024,"(CAH25) design, and creative and performing arts",(CAH25-01-05) others in creative arts and design,Quintile 5,140
2019,"(CAH25) design, and creative and performing arts",(CAH25-01-01) creative arts and design (non-specific),Quintile 5,160
2020,"(CAH25) design, and creative and performing arts",(CAH25-01-01) creative arts and design (non-specific),Quintile 5,210
2021,"(CAH25) design, and creative and performing arts",(CAH25-01-01) creative arts and design (non-specific),Quintile 5,185
2022,"(CAH25) design, and creative and performing arts",(CAH25-01-01) creative arts and design (non-specific),Quintile 5,205
2023,"(CAH25) design, and creative and performing arts",(CAH25-01-01) creative arts and design (non-specific),Quintile 5,200
2024,"(CAH25) design, and creative and performing arts",(CAH25-01-01) creative arts and design (non-specific),Quintile 5,185
2019,(CAH10) engineering and technology,"(CAH10-01-06) bioengineering, medical and biomedical engineering",Quintile 5,200
2020,(CAH10) engineering and technology,"(CAH10-01-06) bioengineering, medical and biomedical engineering",Quintile 5,235
2021,(CAH10) engineering and technology,"(CAH10-01-06) bioengineering, medical and biomedical engineering",Quintile 5,225
2022,(CAH10) engineering and technology,"(CAH10-01-06) bioengineering, medical and biomedical engineering",Quintile 5,200
2023,(CAH10) engineering and technology,"(CAH10-01-06) bioengineering, medical and biomedical engineering",Quintile 5,200
2024,(CAH10) engineering and technology,"(CAH10-01-06) bioengineering, medical and biomedical engineering",Quintile 5,215
2019,(CAH10) engineering and technology,(CAH10-03-02) materials technology,Quintile 5,40
2020,(CAH10) engineering and technology,(CAH10-03-02) materials technology,Quintile 5,45
2021,(CAH10) engineering and technology,(CAH10-03-02) materials technology,Quintile 5,45
2022,(CAH10) engineering and technology,(CAH10-03-02) materials technology,Quintile 5,45
2023,(CAH10) engineering and technology,(CAH10-03-02) materials technology,Quintile 5,65
2024,(CAH10) engineering and technology,(CAH10-03-02) materials technology,Quintile 5,75
2019,(CAH10) engineering and technology,(CAH10-03-06) others in technology,Quintile 5,175
2020,(CAH10) engineering and technology,(CAH10-03-06) others in technology,Quintile 5,215
2021,(CAH10) engineering and technology,(CAH10-03-06) others in technology,Quintile 5,210
2022,(CAH10) engineering and technology,(CAH10-03-06) others in technology,Quintile 5,220
2023,(CAH10) engineering and technology,(CAH10-03-06) others in technology,Quintile 5,235
2024,(CAH10) engineering and technology,(CAH10-03-06) others in technology,Quintile 5,210
2019,(CAH10) engineering and technology,(CAH10-01-03) production and manufacturing engineering,Quintile 5,415
2020,(CAH10) engineering and technology,(CAH10-01-03) production and manufacturing engineering,Quintile 5,430
2021,(CAH10) engineering and technology,(CAH10-01-03) production and manufacturing engineering,Quintile 5,450
2022,(CAH10) engineering and technology,(CAH10-01-03) production and manufacturing engineering,Quintile 5,500
2023,(CAH10) engineering and technology,(CAH10-01-03) production and manufacturing engineering,Quintile 5,475
2024,(CAH10) engineering and technology,(CAH10-01-03) production and manufacturing engineering,Quintile 5,505
2019,(CAH10) engineering and technology,(CAH10-01-04) aeronautical and aerospace engineering,Quintile 5,660
2020,(CAH10) engineering and technology,(CAH10-01-04) aeronautical and aerospace engineering,Quintile 5,750
2021,(CAH10) engineering and technology,(CAH10-01-04) aeronautical and aerospace engineering,Quintile 5,815
2022,(CAH10) engineering and technology,(CAH10-01-04) aeronautical and aerospace engineering,Quintile 5,795
2023,(CAH10) engineering and technology,(CAH10-01-04) aeronautical and aerospace engineering,Quintile 5,760
2024,(CAH10) engineering and technology,(CAH10-01-04) aeronautical and aerospace engineering,Quintile 5,910
2019,(CAH10) engineering and technology,(CAH10-01-08) electrical and electronic engineering,Quintile 5,705
2020,(CAH10) engineering and technology,(CAH10-01-08) electrical and electronic engineering,Quintile 5,725
2021,(CAH10) engineering and technology,(CAH10-01-08) electrical and electronic engineering,Quintile 5,725
2022,(CAH10) engineering and technology,(CAH10-01-08) electrical and electronic engineering,Quintile 5,710
2023,(CAH10) engineering and technology,(CAH10-01-08) electrical and electronic engineering,Quintile 5,745
2024,(CAH10) engineering and technology,(CAH10-01-08) electrical and electronic engineering,Quintile 5,775
2019,(CAH10) engineering and technology,(CAH10-01-07) civil engineering,Quintile 5,800
2020,(CAH10) engineering and technology,(CAH10-01-07) civil engineering,Quintile 5,805
2021,(CAH10) engineering and technology,(CAH10-01-07) civil engineering,Quintile 5,855
2022,(CAH10) engineering and technology,(CAH10-01-07) civil engineering,Quintile 5,710
2023,(CAH10) engineering and technology,(CAH10-01-07) civil engineering,Quintile 5,690
2024,(CAH10) engineering and technology,(CAH10-01-07) civil engineering,Quintile 5,775
2019,(CAH10) engineering and technology,(CAH10-03-05) biotechnology,Quintile 5,45
2020,(CAH10) engineering and technology,(CAH10-03-05) biotechnology,Quintile 5,35
2021,(CAH10) engineering and technology,(CAH10-03-05) biotechnology,Quintile 5,30
2022,(CAH10) engineering and technology,(CAH10-03-05) biotechnology,Quintile 5,45
2023,(CAH10) engineering and technology,(CAH10-03-05) biotechnology,Quintile 5,30
2024,(CAH10) engineering and technology,(CAH10-03-05) biotechnology,Quintile 5,30
2019,(CAH10) engineering and technology,"(CAH10-01-09) chemical, process and energy engineering",Quintile 5,525
2020,(CAH10) engineering and technology,"(CAH10-01-09) chemical, process and energy engineering",Quintile 5,490
2021,(CAH10) engineering and technology,"(CAH10-01-09) chemical, process and energy engineering",Quintile 5,450
2022,(CAH10) engineering and technology,"(CAH10-01-09) chemical, process and energy engineering",Quintile 5,460
2023,(CAH10) engineering and technology,"(CAH10-01-09) chemical, process and energy engineering",Quintile 5,480
2024,(CAH10) engineering and technology,"(CAH10-01-09) chemical, process and energy engineering",Quintile 5,530
2020,(CAH10) engineering and technology,(CAH10-03-03) polymers and textiles,Quintile 5,5
2021,(CAH10) engineering and technology,(CAH10-03-03) polymers and textiles,Quintile 5,5
2022,(CAH10) engineering and technology,(CAH10-03-03) polymers and textiles,Quintile 5,10
2023,(CAH10) engineering and technology,(CAH10-03-03) polymers and textiles,Quintile 5,10
2024,(CAH10) engineering and technology,(CAH10-03-03) polymers and textiles,Quintile 5,15
2020,(CAH10) engineering and technology,(CAH10-03-01) minerals technology,Quintile 5,5
2021,(CAH10) engineering and technology,(CAH10-03-01) minerals technology,Quintile 5,5
2022,(CAH10) engineering and technology,(CAH10-03-01) minerals technology,Quintile 5,5
2019,(CAH10) engineering and technology,(CAH10-01-01) engineering (non-specific),Quintile 5,825
2020,(CAH10) engineering and technology,(CAH10-01-01) engineering (non-specific),Quintile 5,880
2021,(CAH10) engineering and technology,(CAH10-01-01) engineering (non-specific),Quintile 5,1005
2022,(CAH10) engineering and technology,(CAH10-01-01) engineering (non-specific),Quintile 5,890
2023,(CAH10) engineering and technology,(CAH10-01-01) engineering (non-specific),Quintile 5,855
2024,(CAH10) engineering and technology,(CAH10-01-01) engineering (non-specific),Quintile 5,890
2019,(CAH10) engineering and technology,(CAH10-01-10) others in engineering,Quintile 5,10
2020,(CAH10) engineering and technology,(CAH10-01-10) others in engineering,Quintile 5,5
2022,(CAH10) engineering and technology,(CAH10-01-10) others in engineering,Quintile 5,5
2024,(CAH10) engineering and technology,(CAH10-01-10) others in engineering,Quintile 5,5
2019,(CAH10) engineering and technology,(CAH10-01-02) mechanical engineering,Quintile 5,1585
2020,(CAH10) engineering and technology,(CAH10-01-02) mechanical engineering,Quintile 5,1705
2021,(CAH10) engineering and technology,(CAH10-01-02) mechanical engineering,Quintile 5,1615
2022,(CAH10) engineering and technology,(CAH10-01-02) mechanical engineering,Quintile 5,1635
2023,(CAH10) engineering and technology,(CAH10-01-02) mechanical engineering,Quintile 5,1600
2024,(CAH10) engineering and technology,(CAH10-01-02) mechanical engineering,Quintile 5,1775
2019,(CAH10) engineering and technology,(CAH10-03-04) maritime technology,Quintile 5,15
2020,(CAH10) engineering and technology,(CAH10-03-04) maritime technology,Quintile 5,25
2021,(CAH10) engineering and technology,(CAH10-03-04) maritime technology,Quintile 5,30
2022,(CAH10) engineering and technology,(CAH10-03-04) maritime technology,Quintile 5,25
2023,(CAH10) engineering and technology,(CAH10-03-04) maritime technology,Quintile 5,20
2024,(CAH10) engineering and technology,(CAH10-03-04) maritime technology,Quintile 5,25
2019,(CAH10) engineering and technology,(CAH10-01-05) naval architecture,Quintile 5,10
2020,(CAH10) engineering and technology,(CAH10-01-05) naval architecture,Quintile 5,15
2021,(CAH10) engineering and technology,(CAH10-01-05) naval architecture,Quintile 5,20
2022,(CAH10) engineering and technology,(CAH10-01-05) naval architecture,Quintile 5,10
2023,(CAH10) engineering and technology,(CAH10-01-05) naval architecture,Quintile 5,20
2024,(CAH10) engineering and technology,(CAH10-01-05) naval architecture,Quintile 5,15
2019,(CAH10) engineering and technology,(CAH10-03-07) materials science,Quintile 5,70
2020,(CAH10) engineering and technology,(CAH10-03-07) materials science,Quintile 5,85
2021,(CAH10) engineering and technology,(CAH10-03-07) materials science,Quintile 5,70
2022,(CAH10) engineering and technology,(CAH10-03-07) materials science,Quintile 5,70
2023,(CAH10) engineering and technology,(CAH10-03-07) materials science,Quintile 5,70
2024,(CAH10) engineering and technology,(CAH10-03-07) materials science,Quintile 5,60
2019,(CAH02) subjects allied to medicine,(CAH02-06-03) ophthalmics,Quintile 5,165
2020,(CAH02) subjects allied to medicine,(CAH02-06-03) ophthalmics,Quintile 5,185
2021,(CAH02) subjects allied to medicine,(CAH02-06-03) ophthalmics,Quintile 5,150
2022,(CAH02) subjects allied to medicine,(CAH02-06-03) ophthalmics,Quintile 5,150
2023,(CAH02) subjects allied to medicine,(CAH02-06-03) ophthalmics,Quintile 5,145
2024,(CAH02) subjects allied to medicine,(CAH02-06-03) ophthalmics,Quintile 5,165
2019,(CAH02) subjects allied to medicine,"(CAH02-05-04) anatomy, physiology and pathology",Quintile 5,185
2020,(CAH02) subjects allied to medicine,"(CAH02-05-04) anatomy, physiology and pathology",Quintile 5,205
2021,(CAH02) subjects allied to medicine,"(CAH02-05-04) anatomy, physiology and pathology",Quintile 5,245
2022,(CAH02) subjects allied to medicine,"(CAH02-05-04) anatomy, physiology and pathology",Quintile 5,185
2023,(CAH02) subjects allied to medicine,"(CAH02-05-04) anatomy, physiology and pathology",Quintile 5,165
2024,(CAH02) subjects allied to medicine,"(CAH02-05-04) anatomy, physiology and pathology",Quintile 5,175
2019,(CAH02) subjects allied to medicine,(CAH02-05-01) medical technology,Quintile 5,230
2020,(CAH02) subjects allied to medicine,(CAH02-05-01) medical technology,Quintile 5,280
2021,(CAH02) subjects allied to medicine,(CAH02-05-01) medical technology,Quintile 5,360
2022,(CAH02) subjects allied to medicine,(CAH02-05-01) medical technology,Quintile 5,255
2023,(CAH02) subjects allied to medicine,(CAH02-05-01) medical technology,Quintile 5,255
2024,(CAH02) subjects allied to medicine,(CAH02-05-01) medical technology,Quintile 5,260
2019,(CAH02) subjects allied to medicine,(CAH02-06-06) complementary and alternative medicine,Quintile 5,195
2020,(CAH02) subjects allied to medicine,(CAH02-06-06) complementary and alternative medicine,Quintile 5,225
2021,(CAH02) subjects allied to medicine,(CAH02-06-06) complementary and alternative medicine,Quintile 5,235
2022,(CAH02) subjects allied to medicine,(CAH02-06-06) complementary and alternative medicine,Quintile 5,235
2023,(CAH02) subjects allied to medicine,(CAH02-06-06) complementary and alternative medicine,Quintile 5,195
2024,(CAH02) subjects allied to medicine,(CAH02-06-06) complementary and alternative medicine,Quintile 5,200
2019,(CAH02) subjects allied to medicine,(CAH02-06-01) health sciences (non-specific),Quintile 5,840
2020,(CAH02) subjects allied to medicine,(CAH02-06-01) health sciences (non-specific),Quintile 5,1015
2021,(CAH02) subjects allied to medicine,(CAH02-06-01) health sciences (non-specific),Quintile 5,1155
2022,(CAH02) subjects allied to medicine,(CAH02-06-01) health sciences (non-specific),Quintile 5,1060
2023,(CAH02) subjects allied to medicine,(CAH02-06-01) health sciences (non-specific),Quintile 5,1075
2024,(CAH02) subjects allied to medicine,(CAH02-06-01) health sciences (non-specific),Quintile 5,1035
2019,(CAH02) subjects allied to medicine,(CAH02-06-02) nutrition and dietetics,Quintile 5,290
2020,(CAH02) subjects allied to medicine,(CAH02-06-02) nutrition and dietetics,Quintile 5,325
2021,(CAH02) subjects allied to medicine,(CAH02-06-02) nutrition and dietetics,Quintile 5,310
2022,(CAH02) subjects allied to medicine,(CAH02-06-02) nutrition and dietetics,Quintile 5,300
2023,(CAH02) subjects allied to medicine,(CAH02-06-02) nutrition and dietetics,Quintile 5,265
2024,(CAH02) subjects allied to medicine,(CAH02-06-02) nutrition and dietetics,Quintile 5,245
2019,(CAH02) subjects allied to medicine,(CAH02-06-04) environmental and public health,Quintile 5,45
2020,(CAH02) subjects allied to medicine,(CAH02-06-04) environmental and public health,Quintile 5,30
2021,(CAH02) subjects allied to medicine,(CAH02-06-04) environmental and public health,Quintile 5,40
2022,(CAH02) subjects allied to medicine,(CAH02-06-04) environmental and public health,Quintile 5,35
2023,(CAH02) subjects allied to medicine,(CAH02-06-04) environmental and public health,Quintile 5,35
2024,(CAH02) subjects allied to medicine,(CAH02-06-04) environmental and public health,Quintile 5,30
2019,(CAH02) subjects allied to medicine,"(CAH02-06-07) counselling, psychotherapy and occupational therapy",Quintile 5,535
2020,(CAH02) subjects allied to medicine,"(CAH02-06-07) counselling, psychotherapy and occupational therapy",Quintile 5,640
2021,(CAH02) subjects allied to medicine,"(CAH02-06-07) counselling, psychotherapy and occupational therapy",Quintile 5,630
2022,(CAH02) subjects allied to medicine,"(CAH02-06-07) counselling, psychotherapy and occupational therapy",Quintile 5,585
2023,(CAH02) subjects allied to medicine,"(CAH02-06-07) counselling, psychotherapy and occupational therapy",Quintile 5,550
2024,(CAH02) subjects allied to medicine,"(CAH02-06-07) counselling, psychotherapy and occupational therapy",Quintile 5,585
2019,(CAH02) subjects allied to medicine,(CAH02-02-01) pharmacology,Quintile 5,180
2020,(CAH02) subjects allied to medicine,(CAH02-02-01) pharmacology,Quintile 5,190
2021,(CAH02) subjects allied to medicine,(CAH02-02-01) pharmacology,Quintile 5,215
2022,(CAH02) subjects allied to medicine,(CAH02-02-01) pharmacology,Quintile 5,235
2023,(CAH02) subjects allied to medicine,(CAH02-02-01) pharmacology,Quintile 5,230
2024,(CAH02) subjects allied to medicine,(CAH02-02-01) pharmacology,Quintile 5,270
2019,(CAH02) subjects allied to medicine,(CAH02-02-03) pharmacy,Quintile 5,485
2020,(CAH02) subjects allied to medicine,(CAH02-02-03) pharmacy,Quintile 5,455
2021,(CAH02) subjects allied to medicine,(CAH02-02-03) pharmacy,Quintile 5,595
2022,(CAH02) subjects allied to medicine,(CAH02-02-03) pharmacy,Quintile 5,575
2023,(CAH02) subjects allied to medicine,(CAH02-02-03) pharmacy,Quintile 5,630
2024,(CAH02) subjects allied to medicine,(CAH02-02-03) pharmacy,Quintile 5,640
2019,(CAH02) subjects allied to medicine,(CAH02-06-05) physiotherapy,Quintile 5,670
2020,(CAH02) subjects allied to medicine,(CAH02-06-05) physiotherapy,Quintile 5,840
2021,(CAH02) subjects allied to medicine,(CAH02-06-05) physiotherapy,Quintile 5,780
2022,(CAH02) subjects allied to medicine,(CAH02-06-05) physiotherapy,Quintile 5,770
2023,(CAH02) subjects allied to medicine,(CAH02-06-05) physiotherapy,Quintile 5,805
2024,(CAH02) subjects allied to medicine,(CAH02-06-05) physiotherapy,Quintile 5,850
2019,(CAH02) subjects allied to medicine,(CAH02-05-02) healthcare science (non-specific),Quintile 5,155
2020,(CAH02) subjects allied to medicine,(CAH02-05-02) healthcare science (non-specific),Quintile 5,195
2021,(CAH02) subjects allied to medicine,(CAH02-05-02) healthcare science (non-specific),Quintile 5,190
2022,(CAH02) subjects allied to medicine,(CAH02-05-02) healthcare science (non-specific),Quintile 5,160
2023,(CAH02) subjects allied to medicine,(CAH02-05-02) healthcare science (non-specific),Quintile 5,220
2024,(CAH02) subjects allied to medicine,(CAH02-05-02) healthcare science (non-specific),Quintile 5,255
2019,(CAH02) subjects allied to medicine,(CAH02-05-03) biomedical sciences (non-specific),Quintile 5,1505
2020,(CAH02) subjects allied to medicine,(CAH02-05-03) biomedical sciences (non-specific),Quintile 5,1500
2021,(CAH02) subjects allied to medicine,(CAH02-05-03) biomedical sciences (non-specific),Quintile 5,1520
2022,(CAH02) subjects allied to medicine,(CAH02-05-03) biomedical sciences (non-specific),Quintile 5,1615
2023,(CAH02) subjects allied to medicine,(CAH02-05-03) biomedical sciences (non-specific),Quintile 5,1595
2024,(CAH02) subjects allied to medicine,(CAH02-05-03) biomedical sciences (non-specific),Quintile 5,1525
2019,(CAH02) subjects allied to medicine,(CAH02-02-02) toxicology,Quintile 5,5
2023,(CAH02) subjects allied to medicine,(CAH02-02-02) toxicology,Quintile 5,5
2019,(CAH02) subjects allied to medicine,(CAH02-04-02) adult nursing,Quintile 5,1885
2020,(CAH02) subjects allied to medicine,(CAH02-04-02) adult nursing,Quintile 5,2345
2021,(CAH02) subjects allied to medicine,(CAH02-04-02) adult nursing,Quintile 5,2595
2022,(CAH02) subjects allied to medicine,(CAH02-04-02) adult nursing,Quintile 5,2130
2023,(CAH02) subjects allied to medicine,(CAH02-04-02) adult nursing,Quintile 5,1700
2024,(CAH02) subjects allied to medicine,(CAH02-04-02) adult nursing,Quintile 5,1470
2019,(CAH02) subjects allied to medicine,(CAH02-04-05) children's nursing,Quintile 5,530
2020,(CAH02) subjects allied to medicine,(CAH02-04-05) children's nursing,Quintile 5,645
2021,(CAH02) subjects allied to medicine,(CAH02-04-05) children's nursing,Quintile 5,665
2022,(CAH02) subjects allied to medicine,(CAH02-04-05) children's nursing,Quintile 5,580
2023,(CAH02) subjects allied to medicine,(CAH02-04-05) children's nursing,Quintile 5,535
2024,(CAH02) subjects allied to medicine,(CAH02-04-05) children's nursing,Quintile 5,535
2021,(CAH02) subjects allied to medicine,(CAH02-04-03) community nursing,Quintile 5,5
2022,(CAH02) subjects allied to medicine,(CAH02-04-03) community nursing,Quintile 5,5
2019,(CAH02) subjects allied to medicine,(CAH02-04-09) others in nursing,Quintile 5,20
2020,(CAH02) subjects allied to medicine,(CAH02-04-09) others in nursing,Quintile 5,20
2021,(CAH02) subjects allied to medicine,(CAH02-04-09) others in nursing,Quintile 5,30
2022,(CAH02) subjects allied to medicine,(CAH02-04-09) others in nursing,Quintile 5,20
2023,(CAH02) subjects allied to medicine,(CAH02-04-09) others in nursing,Quintile 5,35
2024,(CAH02) subjects allied to medicine,(CAH02-04-09) others in nursing,Quintile 5,20
2019,(CAH02) subjects allied to medicine,(CAH02-04-06) dental nursing,Quintile 5,30
2020,(CAH02) subjects allied to medicine,(CAH02-04-06) dental nursing,Quintile 5,40
2021,(CAH02) subjects allied to medicine,(CAH02-04-06) dental nursing,Quintile 5,25
2022,(CAH02) subjects allied to medicine,(CAH02-04-06) dental nursing,Quintile 5,35
2023,(CAH02) subjects allied to medicine,(CAH02-04-06) dental nursing,Quintile 5,40
2024,(CAH02) subjects allied to medicine,(CAH02-04-06) dental nursing,Quintile 5,50
2019,(CAH02) subjects allied to medicine,(CAH02-04-08) learning disabilities nursing,Quintile 5,90
2020,(CAH02) subjects allied to medicine,(CAH02-04-08) learning disabilities nursing,Quintile 5,75
2021,(CAH02) subjects allied to medicine,(CAH02-04-08) learning disabilities nursing,Quintile 5,90
2022,(CAH02) subjects allied to medicine,(CAH02-04-08) learning disabilities nursing,Quintile 5,60
2023,(CAH02) subjects allied to medicine,(CAH02-04-08) learning disabilities nursing,Quintile 5,45
2024,(CAH02) subjects allied to medicine,(CAH02-04-08) learning disabilities nursing,Quintile 5,55
2019,(CAH02) subjects allied to medicine,(CAH02-04-07) mental health nursing,Quintile 5,510
2020,(CAH02) subjects allied to medicine,(CAH02-04-07) mental health nursing,Quintile 5,715
2021,(CAH02) subjects allied to medicine,(CAH02-04-07) mental health nursing,Quintile 5,665
2022,(CAH02) subjects allied to medicine,(CAH02-04-07) mental health nursing,Quintile 5,530
2023,(CAH02) subjects allied to medicine,(CAH02-04-07) mental health nursing,Quintile 5,480
2024,(CAH02) subjects allied to medicine,(CAH02-04-07) mental health nursing,Quintile 5,530
2019,(CAH02) subjects allied to medicine,(CAH02-04-04) midwifery,Quintile 5,680
2020,(CAH02) subjects allied to medicine,(CAH02-04-04) midwifery,Quintile 5,775
2021,(CAH02) subjects allied to medicine,(CAH02-04-04) midwifery,Quintile 5,795
2022,(CAH02) subjects allied to medicine,(CAH02-04-04) midwifery,Quintile 5,735
2023,(CAH02) subjects allied to medicine,(CAH02-04-04) midwifery,Quintile 5,650
2024,(CAH02) subjects allied to medicine,(CAH02-04-04) midwifery,Quintile 5,590
2019,(CAH02) subjects allied to medicine,(CAH02-04-01) nursing (non-specific),Quintile 5,315
2020,(CAH02) subjects allied to medicine,(CAH02-04-01) nursing (non-specific),Quintile 5,245
2021,(CAH02) subjects allied to medicine,(CAH02-04-01) nursing (non-specific),Quintile 5,265
2022,(CAH02) subjects allied to medicine,(CAH02-04-01) nursing (non-specific),Quintile 5,230
2023,(CAH02) subjects allied to medicine,(CAH02-04-01) nursing (non-specific),Quintile 5,185
2024,(CAH02) subjects allied to medicine,(CAH02-04-01) nursing (non-specific),Quintile 5,170
2019,(CAH19) language and area studies,(CAH19-01-05) creative writing,Quintile 5,335
2020,(CAH19) language and area studies,(CAH19-01-05) creative writing,Quintile 5,325
2021,(CAH19) language and area studies,(CAH19-01-05) creative writing,Quintile 5,355
2022,(CAH19) language and area studies,(CAH19-01-05) creative writing,Quintile 5,370
2023,(CAH19) language and area studies,(CAH19-01-05) creative writing,Quintile 5,365
2024,(CAH19) language and area studies,(CAH19-01-05) creative writing,Quintile 5,340
2019,(CAH19) language and area studies,(CAH19-04-08) American and Australasian studies,Quintile 5,130
2020,(CAH19) language and area studies,(CAH19-04-08) American and Australasian studies,Quintile 5,90
2021,(CAH19) language and area studies,(CAH19-04-08) American and Australasian studies,Quintile 5,85
2022,(CAH19) language and area studies,(CAH19-04-08) American and Australasian studies,Quintile 5,80
2023,(CAH19) language and area studies,(CAH19-04-08) American and Australasian studies,Quintile 5,45
2024,(CAH19) language and area studies,(CAH19-04-08) American and Australasian studies,Quintile 5,45
2019,(CAH19) language and area studies,(CAH19-01-06) others in English studies,Quintile 5,15
2020,(CAH19) language and area studies,(CAH19-01-06) others in English studies,Quintile 5,10
2021,(CAH19) language and area studies,(CAH19-01-06) others in English studies,Quintile 5,10
2022,(CAH19) language and area studies,(CAH19-01-06) others in English studies,Quintile 5,10
2023,(CAH19) language and area studies,(CAH19-01-06) others in English studies,Quintile 5,10
2024,(CAH19) language and area studies,(CAH19-01-06) others in English studies,Quintile 5,10
2019,(CAH19) language and area studies,(CAH19-01-02) English language,Quintile 5,220
2020,(CAH19) language and area studies,(CAH19-01-02) English language,Quintile 5,200
2021,(CAH19) language and area studies,(CAH19-01-02) English language,Quintile 5,170
2022,(CAH19) language and area studies,(CAH19-01-02) English language,Quintile 5,175
2023,(CAH19) language and area studies,(CAH19-01-02) English language,Quintile 5,185
2024,(CAH19) language and area studies,(CAH19-01-02) English language,Quintile 5,175
2019,(CAH19) language and area studies,(CAH19-01-03) literature in English,Quintile 5,1000
2020,(CAH19) language and area studies,(CAH19-01-03) literature in English,Quintile 5,910
2021,(CAH19) language and area studies,(CAH19-01-03) literature in English,Quintile 5,955
2022,(CAH19) language and area studies,(CAH19-01-03) literature in English,Quintile 5,910
2023,(CAH19) language and area studies,(CAH19-01-03) literature in English,Quintile 5,975
2024,(CAH19) language and area studies,(CAH19-01-03) literature in English,Quintile 5,950
2019,(CAH19) language and area studies,(CAH19-01-01) English studies (non-specific),Quintile 5,1165
2020,(CAH19) language and area studies,(CAH19-01-01) English studies (non-specific),Quintile 5,1085
2021,(CAH19) language and area studies,(CAH19-01-01) English studies (non-specific),Quintile 5,1045
2022,(CAH19) language and area studies,(CAH19-01-01) English studies (non-specific),Quintile 5,1030
2023,(CAH19) language and area studies,(CAH19-01-01) English studies (non-specific),Quintile 5,965
2024,(CAH19) language and area studies,(CAH19-01-01) English studies (non-specific),Quintile 5,1000
2019,(CAH19) language and area studies,(CAH19-04-01) French studies,Quintile 5,350
2020,(CAH19) language and area studies,(CAH19-04-01) French studies,Quintile 5,320
2021,(CAH19) language and area studies,(CAH19-04-01) French studies,Quintile 5,290
2022,(CAH19) language and area studies,(CAH19-04-01) French studies,Quintile 5,265
2023,(CAH19) language and area studies,(CAH19-04-01) French studies,Quintile 5,245
2024,(CAH19) language and area studies,(CAH19-04-01) French studies,Quintile 5,235
2019,(CAH19) language and area studies,(CAH19-04-02) German and Scandinavian studies,Quintile 5,130
2020,(CAH19) language and area studies,(CAH19-04-02) German and Scandinavian studies,Quintile 5,135
2021,(CAH19) language and area studies,(CAH19-04-02) German and Scandinavian studies,Quintile 5,115
2022,(CAH19) language and area studies,(CAH19-04-02) German and Scandinavian studies,Quintile 5,100
2023,(CAH19) language and area studies,(CAH19-04-02) German and Scandinavian studies,Quintile 5,85
2024,(CAH19) language and area studies,(CAH19-04-02) German and Scandinavian studies,Quintile 5,110
2019,(CAH19) language and area studies,(CAH19-04-04) Iberian studies,Quintile 5,380
2020,(CAH19) language and area studies,(CAH19-04-04) Iberian studies,Quintile 5,345
2021,(CAH19) language and area studies,(CAH19-04-04) Iberian studies,Quintile 5,305
2022,(CAH19) language and area studies,(CAH19-04-04) Iberian studies,Quintile 5,260
2023,(CAH19) language and area studies,(CAH19-04-04) Iberian studies,Quintile 5,265
2024,(CAH19) language and area studies,(CAH19-04-04) Iberian studies,Quintile 5,260
2019,(CAH19) language and area studies,(CAH19-04-03) Italian studies,Quintile 5,55
2020,(CAH19) language and area studies,(CAH19-04-03) Italian studies,Quintile 5,45
2021,(CAH19) language and area studies,(CAH19-04-03) Italian studies,Quintile 5,50
2022,(CAH19) language and area studies,(CAH19-04-03) Italian studies,Quintile 5,35
2023,(CAH19) language and area studies,(CAH19-04-03) Italian studies,Quintile 5,40
2024,(CAH19) language and area studies,(CAH19-04-03) Italian studies,Quintile 5,40
2019,(CAH19) language and area studies,(CAH19-01-07) linguistics,Quintile 5,205
2020,(CAH19) language and area studies,(CAH19-01-07) linguistics,Quintile 5,205
2021,(CAH19) language and area studies,(CAH19-01-07) linguistics,Quintile 5,180
2022,(CAH19) language and area studies,(CAH19-01-07) linguistics,Quintile 5,225
2023,(CAH19) language and area studies,(CAH19-01-07) linguistics,Quintile 5,175
2024,(CAH19) language and area studies,(CAH19-01-07) linguistics,Quintile 5,205
2019,(CAH19) language and area studies,(CAH19-04-09) others in language and area studies,Quintile 5,585
2020,(CAH19) language and area studies,(CAH19-04-09) others in language and area studies,Quintile 5,660
2021,(CAH19) language and area studies,(CAH19-04-09) others in language and area studies,Quintile 5,625
2022,(CAH19) language and area studies,(CAH19-04-09) others in language and area studies,Quintile 5,655
2023,(CAH19) language and area studies,(CAH19-04-09) others in language and area studies,Quintile 5,545
2024,(CAH19) language and area studies,(CAH19-04-09) others in language and area studies,Quintile 5,555
2019,(CAH19) language and area studies,(CAH19-04-05) Slavic studies,Quintile 5,50
2020,(CAH19) language and area studies,(CAH19-04-05) Slavic studies,Quintile 5,40
2021,(CAH19) language and area studies,(CAH19-04-05) Slavic studies,Quintile 5,35
2022,(CAH19) language and area studies,(CAH19-04-05) Slavic studies,Quintile 5,40
2023,(CAH19) language and area studies,(CAH19-04-05) Slavic studies,Quintile 5,35
2024,(CAH19) language and area studies,(CAH19-04-05) Slavic studies,Quintile 5,40
2019,(CAH19) language and area studies,(CAH19-02-03) Welsh studies,Quintile 5,10
2020,(CAH19) language and area studies,(CAH19-02-03) Welsh studies,Quintile 5,10
2021,(CAH19) language and area studies,(CAH19-02-03) Welsh studies,Quintile 5,10
2022,(CAH19) language and area studies,(CAH19-02-03) Welsh studies,Quintile 5,15
2023,(CAH19) language and area studies,(CAH19-02-03) Welsh studies,Quintile 5,10
2024,(CAH19) language and area studies,(CAH19-02-03) Welsh studies,Quintile 5,15
2019,(CAH19) language and area studies,(CAH19-02-01) Celtic studies (non-specific),Quintile 5,5
2020,(CAH19) language and area studies,(CAH19-02-01) Celtic studies (non-specific),Quintile 5,5
2021,(CAH19) language and area studies,(CAH19-02-01) Celtic studies (non-specific),Quintile 5,10
2022,(CAH19) language and area studies,(CAH19-02-01) Celtic studies (non-specific),Quintile 5,5
2023,(CAH19) language and area studies,(CAH19-02-01) Celtic studies (non-specific),Quintile 5,10
2024,(CAH19) language and area studies,(CAH19-02-01) Celtic studies (non-specific),Quintile 5,10
2019,(CAH19) language and area studies,(CAH19-02-02) Gaelic studies,Quintile 5,5
2020,(CAH19) language and area studies,(CAH19-02-02) Gaelic studies,Quintile 5,10
2021,(CAH19) language and area studies,(CAH19-02-02) Gaelic studies,Quintile 5,10
2022,(CAH19) language and area studies,(CAH19-02-02) Gaelic studies,Quintile 5,5
2023,(CAH19) language and area studies,(CAH19-02-02) Gaelic studies,Quintile 5,5
2024,(CAH19) language and area studies,(CAH19-02-02) Gaelic studies,Quintile 5,10
2019,(CAH19) language and area studies,(CAH19-02-04) others in Celtic studies,Quintile 5,5
2021,(CAH19) language and area studies,(CAH19-02-04) others in Celtic studies,Quintile 5,5
2022,(CAH19) language and area studies,(CAH19-02-04) others in Celtic studies,Quintile 5,5
2023,(CAH19) language and area studies,(CAH19-02-04) others in Celtic studies,Quintile 5,5
2024,(CAH19) language and area studies,(CAH19-02-04) others in Celtic studies,Quintile 5,5
2019,(CAH19) language and area studies,(CAH19-04-06) Asian studies,Quintile 5,210
2020,(CAH19) language and area studies,(CAH19-04-06) Asian studies,Quintile 5,175
2021,(CAH19) language and area studies,(CAH19-04-06) Asian studies,Quintile 5,185
2022,(CAH19) language and area studies,(CAH19-04-06) Asian studies,Quintile 5,200
2023,(CAH19) language and area studies,(CAH19-04-06) Asian studies,Quintile 5,135
2024,(CAH19) language and area studies,(CAH19-04-06) Asian studies,Quintile 5,130
2019,(CAH19) language and area studies,(CAH19-04-07) African and modern Middle Eastern studies,Quintile 5,60
2020,(CAH19) language and area studies,(CAH19-04-07) African and modern Middle Eastern studies,Quintile 5,35
2021,(CAH19) language and area studies,(CAH19-04-07) African and modern Middle Eastern studies,Quintile 5,40
2022,(CAH19) language and area studies,(CAH19-04-07) African and modern Middle Eastern studies,Quintile 5,35
2023,(CAH19) language and area studies,(CAH19-04-07) African and modern Middle Eastern studies,Quintile 5,35
2024,(CAH19) language and area studies,(CAH19-04-07) African and modern Middle Eastern studies,Quintile 5,40
2019,"(CAH24) media, journalism and communications",(CAH24-01-05) media studies,Quintile 5,1480
2020,"(CAH24) media, journalism and communications",(CAH24-01-05) media studies,Quintile 5,1590
2021,"(CAH24) media, journalism and communications",(CAH24-01-05) media studies,Quintile 5,1775
2022,"(CAH24) media, journalism and communications",(CAH24-01-05) media studies,Quintile 5,1840
2023,"(CAH24) media, journalism and communications",(CAH24-01-05) media studies,Quintile 5,1720
2024,"(CAH24) media, journalism and communications",(CAH24-01-05) media studies,Quintile 5,1855
2019,"(CAH24) media, journalism and communications",(CAH24-01-02) publicity studies,Quintile 5,45
2020,"(CAH24) media, journalism and communications",(CAH24-01-02) publicity studies,Quintile 5,40
2021,"(CAH24) media, journalism and communications",(CAH24-01-02) publicity studies,Quintile 5,40
2022,"(CAH24) media, journalism and communications",(CAH24-01-02) publicity studies,Quintile 5,50
2023,"(CAH24) media, journalism and communications",(CAH24-01-02) publicity studies,Quintile 5,30
2024,"(CAH24) media, journalism and communications",(CAH24-01-02) publicity studies,Quintile 5,30
2019,"(CAH24) media, journalism and communications",(CAH24-01-01) information services,Quintile 5,10
2020,"(CAH24) media, journalism and communications",(CAH24-01-01) information services,Quintile 5,10
2021,"(CAH24) media, journalism and communications",(CAH24-01-01) information services,Quintile 5,20
2022,"(CAH24) media, journalism and communications",(CAH24-01-01) information services,Quintile 5,15
2023,"(CAH24) media, journalism and communications",(CAH24-01-01) information services,Quintile 5,15
2024,"(CAH24) media, journalism and communications",(CAH24-01-01) information services,Quintile 5,15
2019,"(CAH24) media, journalism and communications",(CAH24-01-04) journalism,Quintile 5,635
2020,"(CAH24) media, journalism and communications",(CAH24-01-04) journalism,Quintile 5,670
2021,"(CAH24) media, journalism and communications",(CAH24-01-04) journalism,Quintile 5,680
2022,"(CAH24) media, journalism and communications",(CAH24-01-04) journalism,Quintile 5,710
2023,"(CAH24) media, journalism and communications",(CAH24-01-04) journalism,Quintile 5,705
2024,"(CAH24) media, journalism and communications",(CAH24-01-04) journalism,Quintile 5,725
2019,"(CAH24) media, journalism and communications",(CAH24-01-03) publishing,Quintile 5,35
2020,"(CAH24) media, journalism and communications",(CAH24-01-03) publishing,Quintile 5,20
2021,"(CAH24) media, journalism and communications",(CAH24-01-03) publishing,Quintile 5,20
2022,"(CAH24) media, journalism and communications",(CAH24-01-03) publishing,Quintile 5,25
2023,"(CAH24) media, journalism and communications",(CAH24-01-03) publishing,Quintile 5,20
2024,"(CAH24) media, journalism and communications",(CAH24-01-03) publishing,Quintile 5,15
2019,(CAH23) combined and general studies,(CAH23-01-04) liberal arts (non-specific),Quintile 5,180
2020,(CAH23) combined and general studies,(CAH23-01-04) liberal arts (non-specific),Quintile 5,200
2021,(CAH23) combined and general studies,(CAH23-01-04) liberal arts (non-specific),Quintile 5,225
2022,(CAH23) combined and general studies,(CAH23-01-04) liberal arts (non-specific),Quintile 5,215
2023,(CAH23) combined and general studies,(CAH23-01-04) liberal arts (non-specific),Quintile 5,230
2024,(CAH23) combined and general studies,(CAH23-01-04) liberal arts (non-specific),Quintile 5,200
2019,(CAH23) combined and general studies,(CAH23-01-03) humanities (non-specific),Quintile 5,85
2020,(CAH23) combined and general studies,(CAH23-01-03) humanities (non-specific),Quintile 5,60
2021,(CAH23) combined and general studies,(CAH23-01-03) humanities (non-specific),Quintile 5,50
2022,(CAH23) combined and general studies,(CAH23-01-03) humanities (non-specific),Quintile 5,65
2023,(CAH23) combined and general studies,(CAH23-01-03) humanities (non-specific),Quintile 5,65
2024,(CAH23) combined and general studies,(CAH23-01-03) humanities (non-specific),Quintile 5,45
2019,(CAH23) combined and general studies,(CAH23-01-02) personal development,Quintile 5,65
2020,(CAH23) combined and general studies,(CAH23-01-02) personal development,Quintile 5,85
2021,(CAH23) combined and general studies,(CAH23-01-02) personal development,Quintile 5,85
2022,(CAH23) combined and general studies,(CAH23-01-02) personal development,Quintile 5,100
2023,(CAH23) combined and general studies,(CAH23-01-02) personal development,Quintile 5,95
2024,(CAH23) combined and general studies,(CAH23-01-02) personal development,Quintile 5,125
2019,(CAH23) combined and general studies,"(CAH23-01-01) combined, general or negotiated studies",Quintile 5,175
2020,(CAH23) combined and general studies,"(CAH23-01-01) combined, general or negotiated studies",Quintile 5,250
2021,(CAH23) combined and general studies,"(CAH23-01-01) combined, general or negotiated studies",Quintile 5,255
2022,(CAH23) combined and general studies,"(CAH23-01-01) combined, general or negotiated studies",Quintile 5,220
2023,(CAH23) combined and general studies,"(CAH23-01-01) combined, general or negotiated studies",Quintile 5,260
2024,(CAH23) combined and general studies,"(CAH23-01-01) combined, general or negotiated studies",Quintile 5,250
2019,(CAH17) business and management,(CAH17-01-03) marketing,Quintile 5,1530
2020,(CAH17) business and management,(CAH17-01-03) marketing,Quintile 5,1505
2021,(CAH17) business and management,(CAH17-01-03) marketing,Quintile 5,1730
2022,(CAH17) business and management,(CAH17-01-03) marketing,Quintile 5,1710
2023,(CAH17) business and management,(CAH17-01-03) marketing,Quintile 5,1690
2024,(CAH17) business and management,(CAH17-01-03) marketing,Quintile 5,1770
2019,(CAH17) business and management,(CAH17-01-01) business and management (non-specific),Quintile 5,1600
2020,(CAH17) business and management,(CAH17-01-01) business and management (non-specific),Quintile 5,2020
2021,(CAH17) business and management,(CAH17-01-01) business and management (non-specific),Quintile 5,2175
2022,(CAH17) business and management,(CAH17-01-01) business and management (non-specific),Quintile 5,2230
2023,(CAH17) business and management,(CAH17-01-01) business and management (non-specific),Quintile 5,2300
2024,(CAH17) business and management,(CAH17-01-01) business and management (non-specific),Quintile 5,2310
2019,(CAH17) business and management,(CAH17-01-02) business studies,Quintile 5,3065
2020,(CAH17) business and management,(CAH17-01-02) business studies,Quintile 5,3140
2021,(CAH17) business and management,(CAH17-01-02) business studies,Quintile 5,3105
2022,(CAH17) business and management,(CAH17-01-02) business studies,Quintile 5,3025
2023,(CAH17) business and management,(CAH17-01-02) business studies,Quintile 5,2700
2024,(CAH17) business and management,(CAH17-01-02) business studies,Quintile 5,2940
2019,(CAH17) business and management,"(CAH17-01-06) tourism, transport and travel",Quintile 5,1205
2020,(CAH17) business and management,"(CAH17-01-06) tourism, transport and travel",Quintile 5,1200
2021,(CAH17) business and management,"(CAH17-01-06) tourism, transport and travel",Quintile 5,1110
2022,(CAH17) business and management,"(CAH17-01-06) tourism, transport and travel",Quintile 5,1130
2023,(CAH17) business and management,"(CAH17-01-06) tourism, transport and travel",Quintile 5,980
2024,(CAH17) business and management,"(CAH17-01-06) tourism, transport and travel",Quintile 5,995
2019,(CAH17) business and management,(CAH17-01-05) human resource management,Quintile 5,135
2020,(CAH17) business and management,(CAH17-01-05) human resource management,Quintile 5,155
2021,(CAH17) business and management,(CAH17-01-05) human resource management,Quintile 5,145
2022,(CAH17) business and management,(CAH17-01-05) human resource management,Quintile 5,120
2023,(CAH17) business and management,(CAH17-01-05) human resource management,Quintile 5,105
2024,(CAH17) business and management,(CAH17-01-05) human resource management,Quintile 5,100
2019,(CAH17) business and management,(CAH17-01-04) management studies,Quintile 5,1980
2020,(CAH17) business and management,(CAH17-01-04) management studies,Quintile 5,2065
2021,(CAH17) business and management,(CAH17-01-04) management studies,Quintile 5,2155
2022,(CAH17) business and management,(CAH17-01-04) management studies,Quintile 5,1900
2023,(CAH17) business and management,(CAH17-01-04) management studies,Quintile 5,1875
2024,(CAH17) business and management,(CAH17-01-04) management studies,Quintile 5,2045
2019,(CAH17) business and management,(CAH17-01-08) accounting,Quintile 5,1225
2020,(CAH17) business and management,(CAH17-01-08) accounting,Quintile 5,1350
2021,(CAH17) business and management,(CAH17-01-08) accounting,Quintile 5,1465
2022,(CAH17) business and management,(CAH17-01-08) accounting,Quintile 5,1335
2023,(CAH17) business and management,(CAH17-01-08) accounting,Quintile 5,1430
2024,(CAH17) business and management,(CAH17-01-08) accounting,Quintile 5,1580
2019,(CAH17) business and management,(CAH17-01-07) finance,Quintile 5,1045
2020,(CAH17) business and management,(CAH17-01-07) finance,Quintile 5,1070
2021,(CAH17) business and management,(CAH17-01-07) finance,Quintile 5,1270
2022,(CAH17) business and management,(CAH17-01-07) finance,Quintile 5,1205
2023,(CAH17) business and management,(CAH17-01-07) finance,Quintile 5,1360
2024,(CAH17) business and management,(CAH17-01-07) finance,Quintile 5,1480
2021,(CAH17) business and management,(CAH17-01-09) others in business and management,Quintile 5,5
2019,(CAH15) social sciences,(CAH15-03-01) politics,Quintile 5,2465
2020,(CAH15) social sciences,(CAH15-03-01) politics,Quintile 5,2445
2021,(CAH15) social sciences,(CAH15-03-01) politics,Quintile 5,2670
2022,(CAH15) social sciences,(CAH15-03-01) politics,Quintile 5,2495
2023,(CAH15) social sciences,(CAH15-03-01) politics,Quintile 5,2675
2024,(CAH15) social sciences,(CAH15-03-01) politics,Quintile 5,2750
2019,(CAH15) social sciences,(CAH15-01-04) anthropology,Quintile 5,255
2020,(CAH15) social sciences,(CAH15-01-04) anthropology,Quintile 5,265
2021,(CAH15) social sciences,(CAH15-01-04) anthropology,Quintile 5,275
2022,(CAH15) social sciences,(CAH15-01-04) anthropology,Quintile 5,260
2023,(CAH15) social sciences,(CAH15-01-04) anthropology,Quintile 5,270
2024,(CAH15) social sciences,(CAH15-01-04) anthropology,Quintile 5,225
2019,(CAH15) social sciences,(CAH15-02-01) economics,Quintile 5,3100
2020,(CAH15) social sciences,(CAH15-02-01) economics,Quintile 5,3270
2021,(CAH15) social sciences,(CAH15-02-01) economics,Quintile 5,3450
2022,(CAH15) social sciences,(CAH15-02-01) economics,Quintile 5,3090
2023,(CAH15) social sciences,(CAH15-02-01) economics,Quintile 5,3275
2024,(CAH15) social sciences,(CAH15-02-01) economics,Quintile 5,3540
2019,(CAH15) social sciences,(CAH15-04-02) childhood and youth studies,Quintile 5,640
2020,(CAH15) social sciences,(CAH15-04-02) childhood and youth studies,Quintile 5,615
2021,(CAH15) social sciences,(CAH15-04-02) childhood and youth studies,Quintile 5,510
2022,(CAH15) social sciences,(CAH15-04-02) childhood and youth studies,Quintile 5,490
2023,(CAH15) social sciences,(CAH15-04-02) childhood and youth studies,Quintile 5,350
2024,(CAH15) social sciences,(CAH15-04-02) childhood and youth studies,Quintile 5,315
2019,(CAH15) social sciences,(CAH15-04-01) social work,Quintile 5,710
2020,(CAH15) social sciences,(CAH15-04-01) social work,Quintile 5,815
2021,(CAH15) social sciences,(CAH15-04-01) social work,Quintile 5,775
2022,(CAH15) social sciences,(CAH15-04-01) social work,Quintile 5,570
2023,(CAH15) social sciences,(CAH15-04-01) social work,Quintile 5,460
2024,(CAH15) social sciences,(CAH15-04-01) social work,Quintile 5,475
2019,(CAH15) social sciences,(CAH15-01-01) social sciences (non-specific),Quintile 5,315
2020,(CAH15) social sciences,(CAH15-01-01) social sciences (non-specific),Quintile 5,310
2021,(CAH15) social sciences,(CAH15-01-01) social sciences (non-specific),Quintile 5,305
2022,(CAH15) social sciences,(CAH15-01-01) social sciences (non-specific),Quintile 5,285
2023,(CAH15) social sciences,(CAH15-01-01) social sciences (non-specific),Quintile 5,350
2024,(CAH15) social sciences,(CAH15-01-01) social sciences (non-specific),Quintile 5,240
2019,(CAH15) social sciences,(CAH15-04-03) health studies,Quintile 5,425
2020,(CAH15) social sciences,(CAH15-04-03) health studies,Quintile 5,360
2021,(CAH15) social sciences,(CAH15-04-03) health studies,Quintile 5,340
2022,(CAH15) social sciences,(CAH15-04-03) health studies,Quintile 5,310
2023,(CAH15) social sciences,(CAH15-04-03) health studies,Quintile 5,210
2024,(CAH15) social sciences,(CAH15-04-03) health studies,Quintile 5,235
2019,(CAH15) social sciences,(CAH15-01-03) social policy,Quintile 5,320
2020,(CAH15) social sciences,(CAH15-01-03) social policy,Quintile 5,310
2021,(CAH15) social sciences,(CAH15-01-03) social policy,Quintile 5,335
2022,(CAH15) social sciences,(CAH15-01-03) social policy,Quintile 5,255
2023,(CAH15) social sciences,(CAH15-01-03) social policy,Quintile 5,270
2024,(CAH15) social sciences,(CAH15-01-03) social policy,Quintile 5,250
2019,(CAH15) social sciences,(CAH15-01-02) sociology,Quintile 5,3200
2020,(CAH15) social sciences,(CAH15-01-02) sociology,Quintile 5,3325
2021,(CAH15) social sciences,(CAH15-01-02) sociology,Quintile 5,3605
2022,(CAH15) social sciences,(CAH15-01-02) sociology,Quintile 5,3490
2023,(CAH15) social sciences,(CAH15-01-02) sociology,Quintile 5,3285
2024,(CAH15) social sciences,(CAH15-01-02) sociology,Quintile 5,2850
2019,(CAH15) social sciences,(CAH15-01-05) development studies,Quintile 5,95
2020,(CAH15) social sciences,(CAH15-01-05) development studies,Quintile 5,95
2021,(CAH15) social sciences,(CAH15-01-05) development studies,Quintile 5,100
2022,(CAH15) social sciences,(CAH15-01-05) development studies,Quintile 5,105
2023,(CAH15) social sciences,(CAH15-01-05) development studies,Quintile 5,95
2024,(CAH15) social sciences,(CAH15-01-05) development studies,Quintile 5,100
2019,(CAH15) social sciences,(CAH15-01-06) cultural studies,Quintile 5,45
2020,(CAH15) social sciences,(CAH15-01-06) cultural studies,Quintile 5,40
2021,(CAH15) social sciences,(CAH15-01-06) cultural studies,Quintile 5,50
2022,(CAH15) social sciences,(CAH15-01-06) cultural studies,Quintile 5,35
2023,(CAH15) social sciences,(CAH15-01-06) cultural studies,Quintile 5,35
2024,(CAH15) social sciences,(CAH15-01-06) cultural studies,Quintile 5,30
2019,(CAH03) biological and sport sciences,(CAH03-02-01) sport and exercise sciences,Quintile 5,3720
2020,(CAH03) biological and sport sciences,(CAH03-02-01) sport and exercise sciences,Quintile 5,3920
2021,(CAH03) biological and sport sciences,(CAH03-02-01) sport and exercise sciences,Quintile 5,4230
2022,(CAH03) biological and sport sciences,(CAH03-02-01) sport and exercise sciences,Quintile 5,4250
2023,(CAH03) biological and sport sciences,(CAH03-02-01) sport and exercise sciences,Quintile 5,3790
2024,(CAH03) biological and sport sciences,(CAH03-02-01) sport and exercise sciences,Quintile 5,3835
2019,(CAH03) biological and sport sciences,(CAH03-01-07) genetics,Quintile 5,65
2020,(CAH03) biological and sport sciences,(CAH03-01-07) genetics,Quintile 5,65
2021,(CAH03) biological and sport sciences,(CAH03-01-07) genetics,Quintile 5,75
2022,(CAH03) biological and sport sciences,(CAH03-01-07) genetics,Quintile 5,65
2023,(CAH03) biological and sport sciences,(CAH03-01-07) genetics,Quintile 5,55
2024,(CAH03) biological and sport sciences,(CAH03-01-07) genetics,Quintile 5,60
2019,(CAH03) biological and sport sciences,(CAH03-01-10) others in biosciences,Quintile 5,145
2020,(CAH03) biological and sport sciences,(CAH03-01-10) others in biosciences,Quintile 5,125
2021,(CAH03) biological and sport sciences,(CAH03-01-10) others in biosciences,Quintile 5,125
2022,(CAH03) biological and sport sciences,(CAH03-01-10) others in biosciences,Quintile 5,110
2023,(CAH03) biological and sport sciences,(CAH03-01-10) others in biosciences,Quintile 5,110
2024,(CAH03) biological and sport sciences,(CAH03-01-10) others in biosciences,Quintile 5,110
2019,(CAH03) biological and sport sciences,"(CAH03-01-08) molecular biology, biophysics and biochemistry",Quintile 5,675
2020,(CAH03) biological and sport sciences,"(CAH03-01-08) molecular biology, biophysics and biochemistry",Quintile 5,725
2021,(CAH03) biological and sport sciences,"(CAH03-01-08) molecular biology, biophysics and biochemistry",Quintile 5,750
2022,(CAH03) biological and sport sciences,"(CAH03-01-08) molecular biology, biophysics and biochemistry",Quintile 5,720
2023,(CAH03) biological and sport sciences,"(CAH03-01-08) molecular biology, biophysics and biochemistry",Quintile 5,770
2024,(CAH03) biological and sport sciences,"(CAH03-01-08) molecular biology, biophysics and biochemistry",Quintile 5,760
2019,(CAH03) biological and sport sciences,(CAH03-01-01) biosciences (non-specific),Quintile 5,600
2020,(CAH03) biological and sport sciences,(CAH03-01-01) biosciences (non-specific),Quintile 5,645
2021,(CAH03) biological and sport sciences,(CAH03-01-01) biosciences (non-specific),Quintile 5,670
2022,(CAH03) biological and sport sciences,(CAH03-01-01) biosciences (non-specific),Quintile 5,610
2023,(CAH03) biological and sport sciences,(CAH03-01-01) biosciences (non-specific),Quintile 5,680
2024,(CAH03) biological and sport sciences,(CAH03-01-01) biosciences (non-specific),Quintile 5,620
2019,(CAH03) biological and sport sciences,(CAH03-01-02) biology (non-specific),Quintile 5,1065
2020,(CAH03) biological and sport sciences,(CAH03-01-02) biology (non-specific),Quintile 5,1020
2021,(CAH03) biological and sport sciences,(CAH03-01-02) biology (non-specific),Quintile 5,990
2022,(CAH03) biological and sport sciences,(CAH03-01-02) biology (non-specific),Quintile 5,930
2023,(CAH03) biological and sport sciences,(CAH03-01-02) biology (non-specific),Quintile 5,965
2024,(CAH03) biological and sport sciences,(CAH03-01-02) biology (non-specific),Quintile 5,980
2019,(CAH03) biological and sport sciences,(CAH03-01-03) ecology and environmental biology,Quintile 5,435
2020,(CAH03) biological and sport sciences,(CAH03-01-03) ecology and environmental biology,Quintile 5,480
2021,(CAH03) biological and sport sciences,(CAH03-01-03) ecology and environmental biology,Quintile 5,515
2022,(CAH03) biological and sport sciences,(CAH03-01-03) ecology and environmental biology,Quintile 5,565
2023,(CAH03) biological and sport sciences,(CAH03-01-03) ecology and environmental biology,Quintile 5,560
2024,(CAH03) biological and sport sciences,(CAH03-01-03) ecology and environmental biology,Quintile 5,540
2019,(CAH03) biological and sport sciences,(CAH03-01-04) microbiology and cell science,Quintile 5,140
2020,(CAH03) biological and sport sciences,(CAH03-01-04) microbiology and cell science,Quintile 5,135
2021,(CAH03) biological and sport sciences,(CAH03-01-04) microbiology and cell science,Quintile 5,140
2022,(CAH03) biological and sport sciences,(CAH03-01-04) microbiology and cell science,Quintile 5,150
2023,(CAH03) biological and sport sciences,(CAH03-01-04) microbiology and cell science,Quintile 5,130
2024,(CAH03) biological and sport sciences,(CAH03-01-04) microbiology and cell science,Quintile 5,125
2019,(CAH03) biological and sport sciences,(CAH03-01-05) plant sciences,Quintile 5,10
2020,(CAH03) biological and sport sciences,(CAH03-01-05) plant sciences,Quintile 5,10
2021,(CAH03) biological and sport sciences,(CAH03-01-05) plant sciences,Quintile 5,10
2022,(CAH03) biological and sport sciences,(CAH03-01-05) plant sciences,Quintile 5,15
2023,(CAH03) biological and sport sciences,(CAH03-01-05) plant sciences,Quintile 5,20
2024,(CAH03) biological and sport sciences,(CAH03-01-05) plant sciences,Quintile 5,20
2019,(CAH03) biological and sport sciences,(CAH03-01-06) zoology,Quintile 5,460
2020,(CAH03) biological and sport sciences,(CAH03-01-06) zoology,Quintile 5,430
2021,(CAH03) biological and sport sciences,(CAH03-01-06) zoology,Quintile 5,510
2022,(CAH03) biological and sport sciences,(CAH03-01-06) zoology,Quintile 5,495
2023,(CAH03) biological and sport sciences,(CAH03-01-06) zoology,Quintile 5,440
2024,(CAH03) biological and sport sciences,(CAH03-01-06) zoology,Quintile 5,450
2019,(CAH03) biological and sport sciences,(CAH03-01-09) hair and beauty sciences,Quintile 5,10
2020,(CAH03) biological and sport sciences,(CAH03-01-09) hair and beauty sciences,Quintile 5,10
2021,(CAH03) biological and sport sciences,(CAH03-01-09) hair and beauty sciences,Quintile 5,10
2023,(CAH03) biological and sport sciences,(CAH03-01-09) hair and beauty sciences,Quintile 5,5
2024,(CAH03) biological and sport sciences,(CAH03-01-09) hair and beauty sciences,Quintile 5,5
2019,"(CAH13) architecture, building and planning",(CAH13-01-01) architecture,Quintile 5,990
2020,"(CAH13) architecture, building and planning",(CAH13-01-01) architecture,Quintile 5,1065
2021,"(CAH13) architecture, building and planning",(CAH13-01-01) architecture,Quintile 5,1070
2022,"(CAH13) architecture, building and planning",(CAH13-01-01) architecture,Quintile 5,1090
2023,"(CAH13) architecture, building and planning",(CAH13-01-01) architecture,Quintile 5,1035
2024,"(CAH13) architecture, building and planning",(CAH13-01-01) architecture,Quintile 5,1080
2019,"(CAH13) architecture, building and planning",(CAH13-01-03) landscape design,Quintile 5,25
2020,"(CAH13) architecture, building and planning",(CAH13-01-03) landscape design,Quintile 5,30
2021,"(CAH13) architecture, building and planning",(CAH13-01-03) landscape design,Quintile 5,40
2022,"(CAH13) architecture, building and planning",(CAH13-01-03) landscape design,Quintile 5,30
2023,"(CAH13) architecture, building and planning",(CAH13-01-03) landscape design,Quintile 5,35
2024,"(CAH13) architecture, building and planning",(CAH13-01-03) landscape design,Quintile 5,50
2019,"(CAH13) architecture, building and planning",(CAH13-01-02) building,Quintile 5,705
2020,"(CAH13) architecture, building and planning",(CAH13-01-02) building,Quintile 5,765
2021,"(CAH13) architecture, building and planning",(CAH13-01-02) building,Quintile 5,700
2022,"(CAH13) architecture, building and planning",(CAH13-01-02) building,Quintile 5,770
2023,"(CAH13) architecture, building and planning",(CAH13-01-02) building,Quintile 5,705
2024,"(CAH13) architecture, building and planning",(CAH13-01-02) building,Quintile 5,750
2019,"(CAH13) architecture, building and planning","(CAH13-01-04) planning (urban, rural and regional)",Quintile 5,235
2020,"(CAH13) architecture, building and planning","(CAH13-01-04) planning (urban, rural and regional)",Quintile 5,230
2021,"(CAH13) architecture, building and planning","(CAH13-01-04) planning (urban, rural and regional)",Quintile 5,195
2022,"(CAH13) architecture, building and planning","(CAH13-01-04) planning (urban, rural and regional)",Quintile 5,200
2023,"(CAH13) architecture, building and planning","(CAH13-01-04) planning (urban, rural and regional)",Quintile 5,185
2024,"(CAH13) architecture, building and planning","(CAH13-01-04) planning (urban, rural and regional)",Quintile 5,195
2019,(CAH01) medicine and dentistry,(CAH01-01-03) medicine by specialism,Quintile 5,35
2020,(CAH01) medicine and dentistry,(CAH01-01-03) medicine by specialism,Quintile 5,55
2021,(CAH01) medicine and dentistry,(CAH01-01-03) medicine by specialism,Quintile 5,35
2022,(CAH01) medicine and dentistry,(CAH01-01-03) medicine by specialism,Quintile 5,45
2023,(CAH01) medicine and dentistry,(CAH01-01-03) medicine by specialism,Quintile 5,20
2024,(CAH01) medicine and dentistry,(CAH01-01-03) medicine by specialism,Quintile 5,35
2019,(CAH01) medicine and dentistry,(CAH01-01-04) dentistry,Quintile 5,390
2020,(CAH01) medicine and dentistry,(CAH01-01-04) dentistry,Quintile 5,400
2021,(CAH01) medicine and dentistry,(CAH01-01-04) dentistry,Quintile 5,370
2022,(CAH01) medicine and dentistry,(CAH01-01-04) dentistry,Quintile 5,300
2023,(CAH01) medicine and dentistry,(CAH01-01-04) dentistry,Quintile 5,350
2024,(CAH01) medicine and dentistry,(CAH01-01-04) dentistry,Quintile 5,330
2019,(CAH01) medicine and dentistry,(CAH01-01-02) medicine (non-specific),Quintile 5,2745
2020,(CAH01) medicine and dentistry,(CAH01-01-02) medicine (non-specific),Quintile 5,2960
2021,(CAH01) medicine and dentistry,(CAH01-01-02) medicine (non-specific),Quintile 5,3100
2022,(CAH01) medicine and dentistry,(CAH01-01-02) medicine (non-specific),Quintile 5,2785
2023,(CAH01) medicine and dentistry,(CAH01-01-02) medicine (non-specific),Quintile 5,2905
2024,(CAH01) medicine and dentistry,(CAH01-01-02) medicine (non-specific),Quintile 5,2745
2019,(CAH01) medicine and dentistry,(CAH01-01-01) medical sciences (non-specific),Quintile 5,90
2020,(CAH01) medicine and dentistry,(CAH01-01-01) medical sciences (non-specific),Quintile 5,105
2021,(CAH01) medicine and dentistry,(CAH01-01-01) medical sciences (non-specific),Quintile 5,90
2022,(CAH01) medicine and dentistry,(CAH01-01-01) medical sciences (non-specific),Quintile 5,85
2023,(CAH01) medicine and dentistry,(CAH01-01-01) medical sciences (non-specific),Quintile 5,75
2024,(CAH01) medicine and dentistry,(CAH01-01-01) medical sciences (non-specific),Quintile 5,95
2019,"(CAH20) historical, philosophical and religious studies",(CAH20-01-01) history,Quintile 5,3180
2020,"(CAH20) historical, philosophical and religious studies",(CAH20-01-01) history,Quintile 5,2930
2021,"(CAH20) historical, philosophical and religious studies",(CAH20-01-01) history,Quintile 5,2735
2022,"(CAH20) historical, philosophical and religious studies",(CAH20-01-01) history,Quintile 5,2630
2023,"(CAH20) historical, philosophical and religious studies",(CAH20-01-01) history,Quintile 5,2750
2024,"(CAH20) historical, philosophical and religious studies",(CAH20-01-01) history,Quintile 5,2825
2019,"(CAH20) historical, philosophical and religious studies",(CAH20-01-03) archaeology,Quintile 5,190
2020,"(CAH20) historical, philosophical and religious studies",(CAH20-01-03) archaeology,Quintile 5,180
2021,"(CAH20) historical, philosophical and religious studies",(CAH20-01-03) archaeology,Quintile 5,200
2022,"(CAH20) historical, philosophical and religious studies",(CAH20-01-03) archaeology,Quintile 5,220
2023,"(CAH20) historical, philosophical and religious studies",(CAH20-01-03) archaeology,Quintile 5,235
2024,"(CAH20) historical, philosophical and religious studies",(CAH20-01-03) archaeology,Quintile 5,235
2019,"(CAH20) historical, philosophical and religious studies",(CAH20-01-05) classics,Quintile 5,365
2020,"(CAH20) historical, philosophical and religious studies",(CAH20-01-05) classics,Quintile 5,370
2021,"(CAH20) historical, philosophical and religious studies",(CAH20-01-05) classics,Quintile 5,365
2022,"(CAH20) historical, philosophical and religious studies",(CAH20-01-05) classics,Quintile 5,395
2023,"(CAH20) historical, philosophical and religious studies",(CAH20-01-05) classics,Quintile 5,410
2024,"(CAH20) historical, philosophical and religious studies",(CAH20-01-05) classics,Quintile 5,425
2019,"(CAH20) historical, philosophical and religious studies","(CAH20-01-02) history of art, architecture and design",Quintile 5,240
2020,"(CAH20) historical, philosophical and religious studies","(CAH20-01-02) history of art, architecture and design",Quintile 5,255
2021,"(CAH20) historical, philosophical and religious studies","(CAH20-01-02) history of art, architecture and design",Quintile 5,235
2022,"(CAH20) historical, philosophical and religious studies","(CAH20-01-02) history of art, architecture and design",Quintile 5,265
2023,"(CAH20) historical, philosophical and religious studies","(CAH20-01-02) history of art, architecture and design",Quintile 5,255
2024,"(CAH20) historical, philosophical and religious studies","(CAH20-01-02) history of art, architecture and design",Quintile 5,230
2019,"(CAH20) historical, philosophical and religious studies",(CAH20-02-01) philosophy,Quintile 5,910
2020,"(CAH20) historical, philosophical and religious studies",(CAH20-02-01) philosophy,Quintile 5,965
2021,"(CAH20) historical, philosophical and religious studies",(CAH20-02-01) philosophy,Quintile 5,950
2022,"(CAH20) historical, philosophical and religious studies",(CAH20-02-01) philosophy,Quintile 5,980
2023,"(CAH20) historical, philosophical and religious studies",(CAH20-02-01) philosophy,Quintile 5,980
2024,"(CAH20) historical, philosophical and religious studies",(CAH20-02-01) philosophy,Quintile 5,915
2019,"(CAH20) historical, philosophical and religious studies",(CAH20-02-02) theology and religious studies,Quintile 5,260
2020,"(CAH20) historical, philosophical and religious studies",(CAH20-02-02) theology and religious studies,Quintile 5,265
2021,"(CAH20) historical, philosophical and religious studies",(CAH20-02-02) theology and religious studies,Quintile 5,200
2022,"(CAH20) historical, philosophical and religious studies",(CAH20-02-02) theology and religious studies,Quintile 5,195
2023,"(CAH20) historical, philosophical and religious studies",(CAH20-02-02) theology and religious studies,Quintile 5,230
2024,"(CAH20) historical, philosophical and religious studies",(CAH20-02-02) theology and religious studies,Quintile 5,230
2019,"(CAH20) historical, philosophical and religious studies",(CAH20-01-04) heritage studies,Quintile 5,10
2020,"(CAH20) historical, philosophical and religious studies",(CAH20-01-04) heritage studies,Quintile 5,15
2021,"(CAH20) historical, philosophical and religious studies",(CAH20-01-04) heritage studies,Quintile 5,15
2022,"(CAH20) historical, philosophical and religious studies",(CAH20-01-04) heritage studies,Quintile 5,10
2023,"(CAH20) historical, philosophical and religious studies",(CAH20-01-04) heritage studies,Quintile 5,10
2024,"(CAH20) historical, philosophical and religious studies",(CAH20-01-04) heritage studies,Quintile 5,10
2019,(CAH11) computing,(CAH11-01-08) others in computing,Quintile 5,205
2020,(CAH11) computing,(CAH11-01-08) others in computing,Quintile 5,195
2021,(CAH11) computing,(CAH11-01-08) others in computing,Quintile 5,190
2022,(CAH11) computing,(CAH11-01-08) others in computing,Quintile 5,155
2023,(CAH11) computing,(CAH11-01-08) others in computing,Quintile 5,180
2024,(CAH11) computing,(CAH11-01-08) others in computing,Quintile 5,170
2019,(CAH11) computing,(CAH11-01-05) artificial intelligence,Quintile 5,75
2020,(CAH11) computing,(CAH11-01-05) artificial intelligence,Quintile 5,110
2021,(CAH11) computing,(CAH11-01-05) artificial intelligence,Quintile 5,120
2022,(CAH11) computing,(CAH11-01-05) artificial intelligence,Quintile 5,130
2023,(CAH11) computing,(CAH11-01-05) artificial intelligence,Quintile 5,125
2024,(CAH11) computing,(CAH11-01-05) artificial intelligence,Quintile 5,175
2019,(CAH11) computing,(CAH11-01-07) business computing,Quintile 5,175
2020,(CAH11) computing,(CAH11-01-07) business computing,Quintile 5,155
2021,(CAH11) computing,(CAH11-01-07) business computing,Quintile 5,120
2022,(CAH11) computing,(CAH11-01-07) business computing,Quintile 5,130
2023,(CAH11) computing,(CAH11-01-07) business computing,Quintile 5,95
2024,(CAH11) computing,(CAH11-01-07) business computing,Quintile 5,75
2019,(CAH11) computing,(CAH11-01-06) computer games and animation,Quintile 5,840
2020,(CAH11) computing,(CAH11-01-06) computer games and animation,Quintile 5,875
2021,(CAH11) computing,(CAH11-01-06) computer games and animation,Quintile 5,905
2022,(CAH11) computing,(CAH11-01-06) computer games and animation,Quintile 5,1130
2023,(CAH11) computing,(CAH11-01-06) computer games and animation,Quintile 5,1075
2024,(CAH11) computing,(CAH11-01-06) computer games and animation,Quintile 5,1020
2019,(CAH11) computing,(CAH11-01-01) computer science,Quintile 5,2445
2020,(CAH11) computing,(CAH11-01-01) computer science,Quintile 5,2665
2021,(CAH11) computing,(CAH11-01-01) computer science,Quintile 5,2555
2022,(CAH11) computing,(CAH11-01-01) computer science,Quintile 5,2885
2023,(CAH11) computing,(CAH11-01-01) computer science,Quintile 5,2970
2024,(CAH11) computing,(CAH11-01-01) computer science,Quintile 5,3010
2019,(CAH11) computing,(CAH11-01-02) information technology,Quintile 5,145
2020,(CAH11) computing,(CAH11-01-02) information technology,Quintile 5,135
2021,(CAH11) computing,(CAH11-01-02) information technology,Quintile 5,125
2022,(CAH11) computing,(CAH11-01-02) information technology,Quintile 5,125
2023,(CAH11) computing,(CAH11-01-02) information technology,Quintile 5,130
2024,(CAH11) computing,(CAH11-01-02) information technology,Quintile 5,95
2019,(CAH11) computing,(CAH11-01-03) information systems,Quintile 5,75
2020,(CAH11) computing,(CAH11-01-03) information systems,Quintile 5,95
2021,(CAH11) computing,(CAH11-01-03) information systems,Quintile 5,90
2022,(CAH11) computing,(CAH11-01-03) information systems,Quintile 5,90
2023,(CAH11) computing,(CAH11-01-03) information systems,Quintile 5,95
2024,(CAH11) computing,(CAH11-01-03) information systems,Quintile 5,100
2019,(CAH11) computing,(CAH11-01-04) software engineering,Quintile 5,535
2020,(CAH11) computing,(CAH11-01-04) software engineering,Quintile 5,565
2021,(CAH11) computing,(CAH11-01-04) software engineering,Quintile 5,640
2022,(CAH11) computing,(CAH11-01-04) software engineering,Quintile 5,670
2023,(CAH11) computing,(CAH11-01-04) software engineering,Quintile 5,700
2024,(CAH11) computing,(CAH11-01-04) software engineering,Quintile 5,770
2019,"(CAH26) geography, earth and environmental studies",(CAH26-01-06) earth sciences,Quintile 5,480
2020,"(CAH26) geography, earth and environmental studies",(CAH26-01-06) earth sciences,Quintile 5,435
2021,"(CAH26) geography, earth and environmental studies",(CAH26-01-06) earth sciences,Quintile 5,505
2022,"(CAH26) geography, earth and environmental studies",(CAH26-01-06) earth sciences,Quintile 5,520
2023,"(CAH26) geography, earth and environmental studies",(CAH26-01-06) earth sciences,Quintile 5,490
2024,"(CAH26) geography, earth and environmental studies",(CAH26-01-06) earth sciences,Quintile 5,460
2019,"(CAH26) geography, earth and environmental studies",(CAH26-01-04) environmental sciences,Quintile 5,325
2020,"(CAH26) geography, earth and environmental studies",(CAH26-01-04) environmental sciences,Quintile 5,340
2021,"(CAH26) geography, earth and environmental studies",(CAH26-01-04) environmental sciences,Quintile 5,385
2022,"(CAH26) geography, earth and environmental studies",(CAH26-01-04) environmental sciences,Quintile 5,435
2023,"(CAH26) geography, earth and environmental studies",(CAH26-01-04) environmental sciences,Quintile 5,410
2024,"(CAH26) geography, earth and environmental studies",(CAH26-01-04) environmental sciences,Quintile 5,375
2019,"(CAH26) geography, earth and environmental studies",(CAH26-01-02) physical geographical sciences,Quintile 5,755
2020,"(CAH26) geography, earth and environmental studies",(CAH26-01-02) physical geographical sciences,Quintile 5,820
2021,"(CAH26) geography, earth and environmental studies",(CAH26-01-02) physical geographical sciences,Quintile 5,800
2022,"(CAH26) geography, earth and environmental studies",(CAH26-01-02) physical geographical sciences,Quintile 5,815
2023,"(CAH26) geography, earth and environmental studies",(CAH26-01-02) physical geographical sciences,Quintile 5,840
2024,"(CAH26) geography, earth and environmental studies",(CAH26-01-02) physical geographical sciences,Quintile 5,810
2019,"(CAH26) geography, earth and environmental studies",(CAH26-01-01) geography (non-specific),Quintile 5,380
2020,"(CAH26) geography, earth and environmental studies",(CAH26-01-01) geography (non-specific),Quintile 5,390
2021,"(CAH26) geography, earth and environmental studies",(CAH26-01-01) geography (non-specific),Quintile 5,370
2022,"(CAH26) geography, earth and environmental studies",(CAH26-01-01) geography (non-specific),Quintile 5,395
2023,"(CAH26) geography, earth and environmental studies",(CAH26-01-01) geography (non-specific),Quintile 5,425
2024,"(CAH26) geography, earth and environmental studies",(CAH26-01-01) geography (non-specific),Quintile 5,395
2019,"(CAH26) geography, earth and environmental studies",(CAH26-01-03) human geography,Quintile 5,1060
2020,"(CAH26) geography, earth and environmental studies",(CAH26-01-03) human geography,Quintile 5,1090
2021,"(CAH26) geography, earth and environmental studies",(CAH26-01-03) human geography,Quintile 5,995
2022,"(CAH26) geography, earth and environmental studies",(CAH26-01-03) human geography,Quintile 5,1065
2023,"(CAH26) geography, earth and environmental studies",(CAH26-01-03) human geography,Quintile 5,1015
2024,"(CAH26) geography, earth and environmental studies",(CAH26-01-03) human geography,Quintile 5,1030
2019,(CAH07) physical sciences,(CAH07-04-02) forensic and archaeological sciences,Quintile 5,425
2020,(CAH07) physical sciences,(CAH07-04-02) forensic and archaeological sciences,Quintile 5,400
2021,(CAH07) physical sciences,(CAH07-04-02) forensic and archaeological sciences,Quintile 5,455
2022,(CAH07) physical sciences,(CAH07-04-02) forensic and archaeological sciences,Quintile 5,465
2023,(CAH07) physical sciences,(CAH07-04-02) forensic and archaeological sciences,Quintile 5,435
2024,(CAH07) physical sciences,(CAH07-04-02) forensic and archaeological sciences,Quintile 5,410
2019,(CAH07) physical sciences,(CAH07-04-03) sciences (non-specific),Quintile 5,80
2020,(CAH07) physical sciences,(CAH07-04-03) sciences (non-specific),Quintile 5,80
2021,(CAH07) physical sciences,(CAH07-04-03) sciences (non-specific),Quintile 5,95
2022,(CAH07) physical sciences,(CAH07-04-03) sciences (non-specific),Quintile 5,85
2023,(CAH07) physical sciences,(CAH07-04-03) sciences (non-specific),Quintile 5,105
2024,(CAH07) physical sciences,(CAH07-04-03) sciences (non-specific),Quintile 5,105
2019,(CAH07) physical sciences,(CAH07-04-04) natural sciences (non-specific),Quintile 5,245
2020,(CAH07) physical sciences,(CAH07-04-04) natural sciences (non-specific),Quintile 5,260
2021,(CAH07) physical sciences,(CAH07-04-04) natural sciences (non-specific),Quintile 5,285
2022,(CAH07) physical sciences,(CAH07-04-04) natural sciences (non-specific),Quintile 5,280
2023,(CAH07) physical sciences,(CAH07-04-04) natural sciences (non-specific),Quintile 5,260
2024,(CAH07) physical sciences,(CAH07-04-04) natural sciences (non-specific),Quintile 5,265
2019,(CAH07) physical sciences,(CAH07-02-01) chemistry,Quintile 5,1235
2020,(CAH07) physical sciences,(CAH07-02-01) chemistry,Quintile 5,1190
2021,(CAH07) physical sciences,(CAH07-02-01) chemistry,Quintile 5,1155
2022,(CAH07) physical sciences,(CAH07-02-01) chemistry,Quintile 5,1100
2023,(CAH07) physical sciences,(CAH07-02-01) chemistry,Quintile 5,1205
2024,(CAH07) physical sciences,(CAH07-02-01) chemistry,Quintile 5,1285
2019,(CAH07) physical sciences,(CAH07-01-02) astronomy,Quintile 5,145
2020,(CAH07) physical sciences,(CAH07-01-02) astronomy,Quintile 5,185
2021,(CAH07) physical sciences,(CAH07-01-02) astronomy,Quintile 5,220
2022,(CAH07) physical sciences,(CAH07-01-02) astronomy,Quintile 5,195
2023,(CAH07) physical sciences,(CAH07-01-02) astronomy,Quintile 5,160
2024,(CAH07) physical sciences,(CAH07-01-02) astronomy,Quintile 5,195
2019,(CAH07) physical sciences,(CAH07-01-01) physics,Quintile 5,1360
2020,(CAH07) physical sciences,(CAH07-01-01) physics,Quintile 5,1345
2021,(CAH07) physical sciences,(CAH07-01-01) physics,Quintile 5,1360
2022,(CAH07) physical sciences,(CAH07-01-01) physics,Quintile 5,1335
2023,(CAH07) physical sciences,(CAH07-01-01) physics,Quintile 5,1210
2024,(CAH07) physical sciences,(CAH07-01-01) physics,Quintile 5,1305
2019,(CAH07) physical sciences,(CAH07-04-01) physical sciences (non-specific),Quintile 5,20
2021,(CAH07) physical sciences,(CAH07-04-01) physical sciences (non-specific),Quintile 5,5
2019,(CAH04) psychology,(CAH04-01-02) applied psychology,Quintile 5,470
2020,(CAH04) psychology,(CAH04-01-02) applied psychology,Quintile 5,520
2021,(CAH04) psychology,(CAH04-01-02) applied psychology,Quintile 5,515
2022,(CAH04) psychology,(CAH04-01-02) applied psychology,Quintile 5,545
2023,(CAH04) psychology,(CAH04-01-02) applied psychology,Quintile 5,580
2024,(CAH04) psychology,(CAH04-01-02) applied psychology,Quintile 5,565
2019,(CAH04) psychology,(CAH04-01-04) psychology and health,Quintile 5,30
2020,(CAH04) psychology,(CAH04-01-04) psychology and health,Quintile 5,45
2021,(CAH04) psychology,(CAH04-01-04) psychology and health,Quintile 5,45
2022,(CAH04) psychology,(CAH04-01-04) psychology and health,Quintile 5,40
2023,(CAH04) psychology,(CAH04-01-04) psychology and health,Quintile 5,45
2024,(CAH04) psychology,(CAH04-01-04) psychology and health,Quintile 5,35
2019,(CAH04) psychology,(CAH04-01-03) developmental psychology,Quintile 5,85
2020,(CAH04) psychology,(CAH04-01-03) developmental psychology,Quintile 5,90
2021,(CAH04) psychology,(CAH04-01-03) developmental psychology,Quintile 5,85
2022,(CAH04) psychology,(CAH04-01-03) developmental psychology,Quintile 5,95
2023,(CAH04) psychology,(CAH04-01-03) developmental psychology,Quintile 5,95
2024,(CAH04) psychology,(CAH04-01-03) developmental psychology,Quintile 5,110
2019,(CAH04) psychology,(CAH04-01-01) psychology (non-specific),Quintile 5,4470
2020,(CAH04) psychology,(CAH04-01-01) psychology (non-specific),Quintile 5,4845
2021,(CAH04) psychology,(CAH04-01-01) psychology (non-specific),Quintile 5,4845
2022,(CAH04) psychology,(CAH04-01-01) psychology (non-specific),Quintile 5,5010
2023,(CAH04) psychology,(CAH04-01-01) psychology (non-specific),Quintile 5,4830
2024,(CAH04) psychology,(CAH04-01-01) psychology (non-specific),Quintile 5,4735
2019,(CAH04) psychology,(CAH04-01-05) others in psychology,Quintile 5,55
2020,(CAH04) psychology,(CAH04-01-05) others in psychology,Quintile 5,55
2021,(CAH04) psychology,(CAH04-01-05) others in psychology,Quintile 5,75
2022,(CAH04) psychology,(CAH04-01-05) others in psychology,Quintile 5,65
2023,(CAH04) psychology,(CAH04-01-05) others in psychology,Quintile 5,50
2024,(CAH04) psychology,(CAH04-01-05) others in psychology,Quintile 5,50
2019,(CAH09) mathematical sciences,(CAH09-01-01) mathematics,Quintile 5,2130
2020,(CAH09) mathematical sciences,(CAH09-01-01) mathematics,Quintile 5,2150
2021,(CAH09) mathematical sciences,(CAH09-01-01) mathematics,Quintile 5,2220
2022,(CAH09) mathematical sciences,(CAH09-01-01) mathematics,Quintile 5,2075
2023,(CAH09) mathematical sciences,(CAH09-01-01) mathematics,Quintile 5,2175
2024,(CAH09) mathematical sciences,(CAH09-01-01) mathematics,Quintile 5,2250
2019,(CAH09) mathematical sciences,(CAH09-01-02) operational research,Quintile 5,15
2020,(CAH09) mathematical sciences,(CAH09-01-02) operational research,Quintile 5,15
2021,(CAH09) mathematical sciences,(CAH09-01-02) operational research,Quintile 5,10
2022,(CAH09) mathematical sciences,(CAH09-01-02) operational research,Quintile 5,20
2023,(CAH09) mathematical sciences,(CAH09-01-02) operational research,Quintile 5,20
2024,(CAH09) mathematical sciences,(CAH09-01-02) operational research,Quintile 5,15
2019,(CAH09) mathematical sciences,(CAH09-01-03) statistics,Quintile 5,70
2020,(CAH09) mathematical sciences,(CAH09-01-03) statistics,Quintile 5,100
2021,(CAH09) mathematical sciences,(CAH09-01-03) statistics,Quintile 5,110
2022,(CAH09) mathematical sciences,(CAH09-01-03) statistics,Quintile 5,110
2023,(CAH09) mathematical sciences,(CAH09-01-03) statistics,Quintile 5,115
2024,(CAH09) mathematical sciences,(CAH09-01-03) statistics,Quintile 5,130
2019,(CAH22) education and teaching,(CAH22-01-01) education,Quintile 5,1170
2020,(CAH22) education and teaching,(CAH22-01-01) education,Quintile 5,1060
2021,(CAH22) education and teaching,(CAH22-01-01) education,Quintile 5,1125
2022,(CAH22) education and teaching,(CAH22-01-01) education,Quintile 5,990
2023,(CAH22) education and teaching,(CAH22-01-01) education,Quintile 5,960
2024,(CAH22) education and teaching,(CAH22-01-01) education,Quintile 5,885
2019,(CAH22) education and teaching,(CAH22-01-02) teacher training,Quintile 5,2155
2020,(CAH22) education and teaching,(CAH22-01-02) teacher training,Quintile 5,2450
2021,(CAH22) education and teaching,(CAH22-01-02) teacher training,Quintile 5,2395
2022,(CAH22) education and teaching,(CAH22-01-02) teacher training,Quintile 5,2315
2023,(CAH22) education and teaching,(CAH22-01-02) teacher training,Quintile 5,1970
2024,(CAH22) education and teaching,(CAH22-01-02) teacher training,Quintile 5,1910
2019,"(CAH06) agriculture, food and related studies",(CAH06-01-04) rural estate management,Quintile 5,30
2020,"(CAH06) agriculture, food and related studies",(CAH06-01-04) rural estate management,Quintile 5,35
2021,"(CAH06) agriculture, food and related studies",(CAH06-01-04) rural estate management,Quintile 5,35
2022,"(CAH06) agriculture, food and related studies",(CAH06-01-04) rural estate management,Quintile 5,30
2023,"(CAH06) agriculture, food and related studies",(CAH06-01-04) rural estate management,Quintile 5,40
2024,"(CAH06) agriculture, food and related studies",(CAH06-01-04) rural estate management,Quintile 5,25
2019,"(CAH06) agriculture, food and related studies",(CAH06-01-02) agricultural sciences,Quintile 5,30
2020,"(CAH06) agriculture, food and related studies",(CAH06-01-02) agricultural sciences,Quintile 5,25
2021,"(CAH06) agriculture, food and related studies",(CAH06-01-02) agricultural sciences,Quintile 5,20
2022,"(CAH06) agriculture, food and related studies",(CAH06-01-02) agricultural sciences,Quintile 5,15
2023,"(CAH06) agriculture, food and related studies",(CAH06-01-02) agricultural sciences,Quintile 5,15
2024,"(CAH06) agriculture, food and related studies",(CAH06-01-02) agricultural sciences,Quintile 5,25
2019,"(CAH06) agriculture, food and related studies",(CAH06-01-03) agriculture,Quintile 5,340
2020,"(CAH06) agriculture, food and related studies",(CAH06-01-03) agriculture,Quintile 5,345
2021,"(CAH06) agriculture, food and related studies",(CAH06-01-03) agriculture,Quintile 5,350
2022,"(CAH06) agriculture, food and related studies",(CAH06-01-03) agriculture,Quintile 5,340
2023,"(CAH06) agriculture, food and related studies",(CAH06-01-03) agriculture,Quintile 5,360
2024,"(CAH06) agriculture, food and related studies",(CAH06-01-03) agriculture,Quintile 5,325
2019,"(CAH06) agriculture, food and related studies",(CAH06-01-01) animal science,Quintile 5,505
2020,"(CAH06) agriculture, food and related studies",(CAH06-01-01) animal science,Quintile 5,535
2021,"(CAH06) agriculture, food and related studies",(CAH06-01-01) animal science,Quintile 5,535
2022,"(CAH06) agriculture, food and related studies",(CAH06-01-01) animal science,Quintile 5,470
2023,"(CAH06) agriculture, food and related studies",(CAH06-01-01) animal science,Quintile 5,415
2024,"(CAH06) agriculture, food and related studies",(CAH06-01-01) animal science,Quintile 5,425
2019,"(CAH06) agriculture, food and related studies",(CAH06-01-05) forestry and arboriculture,Quintile 5,20
2020,"(CAH06) agriculture, food and related studies",(CAH06-01-05) forestry and arboriculture,Quintile 5,25
2021,"(CAH06) agriculture, food and related studies",(CAH06-01-05) forestry and arboriculture,Quintile 5,15
2022,"(CAH06) agriculture, food and related studies",(CAH06-01-05) forestry and arboriculture,Quintile 5,15
2023,"(CAH06) agriculture, food and related studies",(CAH06-01-05) forestry and arboriculture,Quintile 5,15
2024,"(CAH06) agriculture, food and related studies",(CAH06-01-05) forestry and arboriculture,Quintile 5,25
2019,"(CAH06) agriculture, food and related studies",(CAH06-01-08) food and beverage production,Quintile 5,40
2020,"(CAH06) agriculture, food and related studies",(CAH06-01-08) food and beverage production,Quintile 5,40
2021,"(CAH06) agriculture, food and related studies",(CAH06-01-08) food and beverage production,Quintile 5,35
2022,"(CAH06) agriculture, food and related studies",(CAH06-01-08) food and beverage production,Quintile 5,40
2023,"(CAH06) agriculture, food and related studies",(CAH06-01-08) food and beverage production,Quintile 5,25
2024,"(CAH06) agriculture, food and related studies",(CAH06-01-08) food and beverage production,Quintile 5,30
2019,"(CAH06) agriculture, food and related studies",(CAH06-01-07) food sciences,Quintile 5,40
2020,"(CAH06) agriculture, food and related studies",(CAH06-01-07) food sciences,Quintile 5,70
2021,"(CAH06) agriculture, food and related studies",(CAH06-01-07) food sciences,Quintile 5,60
2022,"(CAH06) agriculture, food and related studies",(CAH06-01-07) food sciences,Quintile 5,60
2023,"(CAH06) agriculture, food and related studies",(CAH06-01-07) food sciences,Quintile 5,50
2024,"(CAH06) agriculture, food and related studies",(CAH06-01-07) food sciences,Quintile 5,45
2019,"(CAH06) agriculture, food and related studies",(CAH06-01-06) food and beverage studies (non-specific),Quintile 5,25
2020,"(CAH06) agriculture, food and related studies",(CAH06-01-06) food and beverage studies (non-specific),Quintile 5,15
2021,"(CAH06) agriculture, food and related studies",(CAH06-01-06) food and beverage studies (non-specific),Quintile 5,20
2022,"(CAH06) agriculture, food and related studies",(CAH06-01-06) food and beverage studies (non-specific),Quintile 5,15
2023,"(CAH06) agriculture, food and related studies",(CAH06-01-06) food and beverage studies (non-specific),Quintile 5,15
2024,"(CAH06) agriculture, food and related studies",(CAH06-01-06) food and beverage studies (non-specific),Quintile 5,15
2019,(CAH16) law,(CAH16-01-01) law,Quintile 5,4200
2020,(CAH16) law,(CAH16-01-01) law,Quintile 5,4665
2021,(CAH16) law,(CAH16-01-01) law,Quintile 5,4800
2022,(CAH16) law,(CAH16-01-01) law,Quintile 5,4540
2023,(CAH16) law,(CAH16-01-01) law,Quintile 5,4875
2024,(CAH16) law,(CAH16-01-01) law,Quintile 5,4905
2019,(CAH05) veterinary sciences,(CAH05-01-01) veterinary medicine and dentistry,Quintile 5,425
2020,(CAH05) veterinary sciences,(CAH05-01-01) veterinary medicine and dentistry,Quintile 5,520
2021,(CAH05) veterinary sciences,(CAH05-01-01) veterinary medicine and dentistry,Quintile 5,485
2022,(CAH05) veterinary sciences,(CAH05-01-01) veterinary medicine and dentistry,Quintile 5,415
2023,(CAH05) veterinary sciences,(CAH05-01-01) veterinary medicine and dentistry,Quintile 5,470
2024,(CAH05) veterinary sciences,(CAH05-01-01) veterinary medicine and dentistry,Quintile 5,485
2019,(CAH05) veterinary sciences,(CAH05-01-02) others in veterinary sciences,Quintile 5,185
2020,(CAH05) veterinary sciences,(CAH05-01-02) others in veterinary sciences,Quintile 5,175
2021,(CAH05) veterinary sciences,(CAH05-01-02) others in veterinary sciences,Quintile 5,210
2022,(CAH05) veterinary sciences,(CAH05-01-02) others in veterinary sciences,Quintile 5,170
2023,(CAH05) veterinary sciences,(CAH05-01-02) others in veterinary sciences,Quintile 5,170
2024,(CAH05) veterinary sciences,(CAH05-01-02) others in veterinary sciences,Quintile 5,180
