time_period,academic_year,YAG,qualification_level,sex,CAH3_code,CAH3_subject,grads,grads_uk,unmatched_percent,overseas_percent,matched,activity_not_captured,no_sust_dest,sust_emp_only,sust_emp_with_or_without_fs,sust_emp_fs_or_both,fs_with_or_without_sust_emp,earnings_include,earnings_LQ,earnings_median,earnings_UQ
202324,2019/2020,3 YAG,First-degree,Male,CAH02-06-01,Health sciences (non-specific),735,725,0.4,1.2,720,3.4,2,65.6,92.4,94.6,29,465,33300,42500,49000
202122,2019/2020,1 YAG,First-degree,Female,CAH02-06-04,Environmental and public health,270,265,0.4,0.7,265,1.7,7.2,50,79.2,91.2,41.2,130,16100,21900,27000
202324,2021/2022,1 YAG,First-degree,Male,CAH02-05-01,Medical technology,280,280,0.7,0.7,275,2.5,3.2,85.6,94.2,94.2,8.7,235,31100,35100,41400
202324,2021/2022,1 YAG,First-degree,Female,CAH02-04-04,Midwifery,1910,1895,0.4,0.8,1890,1.4,2.5,87.8,95.6,96.1,8.3,1655,31500,36600,42100
202324,2021/2022,1 YAG,First-degree,Female,CAH03-01-06,Zoology,725,695,0.8,3.8,690,1.3,9.4,61.7,81.1,89.3,27.6,410,15400,21200,24900
202324,2019/2020,3 YAG,First-degree,Female,CAH15-04-01,Social work,3230,3210,0.7,0.6,3185,1.6,5,78.1,92,93.4,15.3,2455,23800,33300,38100
202324,2019/2020,3 YAG,First-degree,Female,CAH02-04-04,Midwifery,1785,1750,0.5,2,1740,1.3,3.1,80.4,94.8,95.6,15.2,1395,30400,38100,43900
202223,2020/2021,1 YAG,First-degree,Female,CAH02-04-02,Adult nursing,9175,9115,0.5,0.7,9065,1.2,3,83.5,95.3,95.8,12.4,7530,26300,30300,35000
202324,2021/2022,1 YAG,First-degree,Male,CAH22-01-01,Education,590,585,0.7,0.5,580,4.3,6.7,53.7,82,88.9,35.2,305,18300,23800,28200
202223,2020/2021,1 YAG,First-degree,Male,CAH10-01-06,"Bioengineering, medical and biomedical engineering",250,250,1.4,1.7,245,1.5,7.7,57.4,77.3,90.8,33.5,135,22600,27400,33900
202122,2019/2020,1 YAG,First-degree,Male,CAH15-01-01,Social sciences (non-specific),105,100,0,1.1,100,4.3,11,51.1,74.2,84.7,33.6,50,16800,23700,29600
202223,2020/2021,1 YAG,First-degree,Female,CAH15-04-01,Social work,3225,3210,1.1,0.4,3175,1,4.8,75,92.3,94.2,19.3,2360,21900,29900,33200
202122,2019/2020,1 YAG,First-degree,Female,CAH15-04-01,Social work,3230,3220,0.7,0.3,3195,1.2,5.1,71.7,91.3,93.7,22,2265,20400,28100,31000
202122,2019/2020,1 YAG,First-degree,Female,CAH02-04-02,Adult nursing,10535,10505,0.6,0.3,10435,1.2,2.6,82.8,95.5,96.2,13.4,8625,25600,28800,33600
202324,2019/2020,3 YAG,First-degree,Male,CAH15-01-02,Sociology,1770,1740,0.4,1.8,1730,4,7.3,71.6,86.5,88.7,17.1,1220,22700,27100,32900
202122,2019/2020,1 YAG,First-degree,Female,CAH02-06-07,"Counselling, psychotherapy and occupational therapy",1690,1685,0.7,0.4,1670,2.4,5.6,75.9,89.3,92,16.1,1225,18600,24100,26600
202122,2019/2020,1 YAG,First-degree,Female,CAH02-05-04,"Anatomy, physiology and pathology",535,530,0.4,1,530,2,4.2,35.8,73.3,93.8,58.1,185,19000,23700,27700
202122,2019/2020,1 YAG,First-degree,Female,CAH02-06-01,Health sciences (non-specific),1860,1855,0.5,0.3,1850,1.6,4,78.9,91.2,94.4,15.4,1435,23700,28100,34300
202223,2020/2021,1 YAG,First-degree,Male,CAH03-02-01,Sport and exercise sciences,5525,5445,0.8,1.5,5400,2.5,6.4,59.9,85.3,91,31.1,3110,15700,20800,25200
202223,2020/2021,1 YAG,First-degree,Female,CAH15-04-03,Health studies,2345,2340,0.6,0.3,2325,2,8,57.4,82.3,90,32.6,1295,14200,20800,25900
202122,2019/2020,1 YAG,First-degree,Female,CAH02-04-07,Mental health nursing,1935,1935,0.3,0.2,1925,2,2.6,84.5,94.6,95.4,11,1620,27700,31800,38000
202122,2019/2020,1 YAG,First-degree,Male,CAH25-02-02,Music,3600,3570,3.1,0.8,3460,3.6,10.1,63.5,79.9,86.3,22.8,2030,11300,16100,20400
202223,2020/2021,1 YAG,First-degree,Male,CAH01-01-02,Medicine (non-specific),2575,2555,0.6,0.8,2540,10.4,14.5,54.9,65.9,75.1,20.3,1385,38700,41600,47100
202324,2021/2022,1 YAG,First-degree,Female,CAH22-01-01,Education,5850,5810,0.4,0.7,5785,2,6.4,57.5,85.8,91.7,34.2,3275,15700,20900,26000
202122,2019/2020,1 YAG,First-degree,Male,CAH13-01-02,Building,2440,2430,1,0.5,2405,2.5,4.1,83.8,91.9,93.4,9.6,1990,24800,31400,42300
202324,2021/2022,1 YAG,First-degree,Male,CAH10-01-03,Production and manufacturing engineering,1055,1035,1.2,1.7,1020,3.3,5.2,74.4,87.5,91.5,17.1,750,27400,32600,40600
202324,2019/2020,3 YAG,First-degree,Female,CAH22-01-01,Education,6180,6115,0.8,1.1,6070,3,7.8,77.2,87.2,89.2,12.1,4595,19000,25600,29600
202324,2019/2020,3 YAG,First-degree,Female,CAH02-06-05,Physiotherapy,865,825,0.8,4.3,820,2.2,4.3,87,93.2,93.5,6.5,700,30700,35100,37300
202223,2020/2021,1 YAG,First-degree,Male,CAH02-06-01,Health sciences (non-specific),815,815,0.7,0.3,810,0.9,2.9,74.8,94,96.2,21.4,595,29900,35400,43100
202223,2020/2021,1 YAG,First-degree,Female,CAH06-01-01,Animal science,990,980,0.4,1.2,975,1.9,6.5,67,85.7,91.7,24.7,630,16600,20100,23000
202223,2020/2021,1 YAG,First-degree,Female,CAH15-01-02,Sociology,7880,7760,0.6,1.5,7720,1.8,7.2,60,85.3,91,31,4555,17400,21500,25600
202223,2020/2021,1 YAG,First-degree,Female,CAH04-01-01,Psychology (non-specific),12550,12360,0.8,1.5,12265,2.6,6,51.9,83.7,91.4,39.6,6220,16400,21500,25600
202324,2019/2020,3 YAG,First-degree,Male,CAH17-01-04,Management studies,2715,2640,1.3,2.7,2610,6.5,6.2,77.5,86,87.3,9.8,1970,27800,38400,52300
202223,2020/2021,1 YAG,First-degree,Female,CAH22-01-01,Education,6770,6730,0.7,0.6,6685,1.8,5.5,57.6,87,92.7,35.1,3775,14600,19300,24500
202122,2019/2020,1 YAG,First-degree,Male,CAH15-02-01,Economics,5025,4965,0.6,1.2,4935,3.1,6.3,54.5,81.5,90.6,36.1,2640,20400,26600,34300
202122,2019/2020,1 YAG,First-degree,Male,CAH15-01-05,Development studies,90,90,0.7,1.1,90,2.2,3.9,56.5,84.5,93.9,37.4,50,17900,22600,27300
202223,2020/2021,1 YAG,First-degree,Male,CAH23-01-01,"Combined, general or negotiated studies",895,875,1.7,2.2,860,7.6,5.5,62.5,80.6,86.9,24.3,510,22300,29200,42000
202122,2019/2020,1 YAG,First-degree,Female,CAH17-01-01,Business and management (non-specific),2850,2805,1.1,1.5,2775,3.3,8.1,64,83,88.6,24.6,1725,17200,22500,28100
202223,2020/2021,1 YAG,First-degree,Male,CAH09-01-01,Mathematics,4115,4025,0.6,2.2,4000,5,6.4,54.5,79.4,88.6,34.1,2145,22600,28100,35000
202122,2019/2020,1 YAG,First-degree,Male,CAH03-01-03,Ecology and environmental biology,320,315,0.3,2.6,310,4.3,8.4,49.3,73.4,87.3,37.9,145,14600,19000,22600
202223,2020/2021,1 YAG,First-degree,Female,CAH17-01-04,Management studies,2810,2775,0.9,1.2,2750,2.9,6.8,73.1,87.4,90.3,17.2,1980,22600,29200,39400
202223,2020/2021,1 YAG,First-degree,Female,CAH22-01-02,Teacher training,4095,4045,0.6,1.2,4020,1.2,3.5,86.4,93.9,95.3,8.9,3455,20800,25600,26000
202223,2020/2021,1 YAG,First-degree,Female,CAH02-04-04,Midwifery,1865,1855,0.6,0.5,1845,0.6,2.7,87.1,96.4,96.7,9.6,1600,28100,33600,39100
202122,2019/2020,1 YAG,First-degree,Female,CAH25-01-03,Design studies,7975,7875,0.7,1.3,7815,3.1,10.3,73.3,83.4,86.6,13.3,5510,13100,18200,21900
202223,2020/2021,1 YAG,First-degree,Male,CAH13-01-02,Building,2760,2740,1.2,0.7,2710,2.9,4.3,81.7,91.7,92.8,11.1,2180,27000,33200,43800
202324,2019/2020,3 YAG,First-degree,Female,CAH02-04-02,Adult nursing,10535,10440,0.6,0.9,10375,1.8,3.1,74.1,94.2,95.1,21,7620,27800,34400,40600
202324,2021/2022,1 YAG,First-degree,Female,CAH02-04-02,Adult nursing,8355,8310,0.6,0.5,8260,1.3,2.9,83.2,95.1,95.8,12.7,6845,29300,32900,37700
202324,2019/2020,3 YAG,First-degree,Male,CAH13-01-02,Building,2440,2410,1.1,1.3,2385,4.1,5.6,86.4,89.8,90.3,4,2030,33300,43200,54900
202223,2020/2021,1 YAG,First-degree,Female,CAH15-04-02,Childhood and youth studies,2715,2705,0.9,0.3,2680,2.2,6.7,61.3,85.7,91.1,29.9,1615,14200,19000,23400
202324,2021/2022,1 YAG,First-degree,Female,CAH10-01-01,Engineering (non-specific),350,340,1.8,3.2,335,3.6,4.8,74.2,87.6,91.6,17.4,240,26700,32200,39500
202324,2019/2020,3 YAG,First-degree,Female,CAH02-06-07,"Counselling, psychotherapy and occupational therapy",1690,1675,0.8,0.8,1665,3.6,5.4,77.7,89.1,91,13.3,1240,22000,30000,35100
202324,2019/2020,3 YAG,First-degree,Male,CAH03-02-01,Sport and exercise sciences,5570,5440,0.5,2.3,5415,3.4,6.1,74.8,87.7,90.5,15.7,3925,22000,27100,31500
202223,2020/2021,1 YAG,First-degree,Female,CAH02-04-07,Mental health nursing,1925,1915,0.7,0.5,1900,1.5,3.1,84.9,94.7,95.4,10.5,1600,28500,33200,40900
202324,2019/2020,3 YAG,First-degree,Female,CAH02-04-07,Mental health nursing,1935,1915,0.3,1.2,1905,2.7,3.1,81.5,93.6,94.3,12.7,1530,32900,38400,45400
202223,2020/2021,1 YAG,First-degree,Male,CAH02-04-02,Adult nursing,720,715,0.9,0.7,705,1,3.8,81.7,94.5,95.2,13.5,575,28100,32500,38000
202324,2021/2022,1 YAG,First-degree,Female,CAH02-06-06,Complementary and alternative medicine,405,395,1.5,1.7,390,4.7,5.3,83.4,88.7,90,6.7,285,10500,19400,29800
202324,2021/2022,1 YAG,First-degree,Male,CAH20-01-03,Archaeology,190,185,0.3,1.9,185,4.6,10.4,49.2,71.2,85,35.8,90,19800,23800,26000
202324,2021/2022,1 YAG,First-degree,Female,CAH22-01-02,Teacher training,3860,3810,0.4,1.3,3795,1.7,3.7,86.6,93.3,94.6,8.1,3275,22300,27400,27800
202324,2019/2020,3 YAG,First-degree,Female,CAH04-01-01,Psychology (non-specific),9665,9450,0.5,2.2,9405,2.7,6.5,66.5,86.8,90.8,24.4,6155,22700,27100,31800
202324,2019/2020,3 YAG,First-degree,Female,CAH02-05-01,Medical technology,800,795,0.5,1.1,790,1.5,3.6,70,93.4,95,25,550,33700,39500,45400
202122,2019/2020,1 YAG,First-degree,Male,CAH10-03-06,Others in technology,525,515,1.1,1.5,510,3.3,9.5,71.9,82.9,87.2,15.3,335,14600,20100,25200
202223,2020/2021,1 YAG,First-degree,Male,CAH10-01-01,Engineering (non-specific),1455,1435,0.8,1.4,1425,4.3,5.4,74.4,86.4,90.3,15.8,1035,27700,35400,46700
202324,2019/2020,3 YAG,First-degree,Male,CAH04-01-02,Applied psychology,235,235,0.6,1.6,230,6.4,6.7,65.9,83.7,87,21.1,150,21200,26400,32200
202223,2020/2021,1 YAG,First-degree,Male,CAH17-01-02,Business studies,6205,6110,1.4,1.5,6025,4.9,8.5,68.1,82.1,86.6,18.4,3980,20100,25600,32100
202324,2019/2020,3 YAG,First-degree,Male,CAH22-01-01,Education,690,675,0.4,2.1,670,2.5,5.3,79.1,91.4,92.2,13.1,525,21200,27800,31500
202122,2019/2020,1 YAG,First-degree,Female,CAH15-04-02,Childhood and youth studies,2620,2610,0.5,0.3,2600,1.5,6.6,58.8,84.6,91.9,33.1,1500,12800,16800,20800
202324,2021/2022,1 YAG,First-degree,Male,CAH11-01-01,Computer science,6610,6535,1,1.2,6470,5.6,9.4,72.7,80.9,85,12.3,4630,24900,31500,40600
202122,2019/2020,1 YAG,First-degree,Female,CAH01-01-02,Medicine (non-specific),3365,3345,0.4,0.6,3330,2.1,3.1,73.4,87.1,94.7,21.3,2435,36500,39100,42000
202324,2021/2022,1 YAG,First-degree,Male,CAH02-06-07,"Counselling, psychotherapy and occupational therapy",230,230,0.9,0.9,230,5.3,8.3,68.9,85.1,86.4,17.4,150,20500,27800,32900
202122,2019/2020,1 YAG,First-degree,Male,CAH03-01-06,Zoology,320,315,1.9,1.3,310,3,8.6,50.3,74.1,88.4,38.1,150,14600,17900,20800
202324,2021/2022,1 YAG,First-degree,Female,CAH04-01-02,Applied psychology,905,890,0.3,1.6,885,2.2,6.7,51.8,83.5,91.2,39.4,445,17600,22700,26000
202223,2020/2021,1 YAG,First-degree,Female,CAH16-01-01,Law,9850,9755,0.6,1,9695,2.1,5.3,43.2,82.8,92.6,49.4,4105,18600,22300,27400
202324,2021/2022,1 YAG,First-degree,Female,CAH01-01-02,Medicine (non-specific),3630,3595,0.3,1,3585,0.8,1.8,77.9,90,97.4,19.5,2790,39900,42800,49800
202324,2021/2022,1 YAG,First-degree,Female,CAH15-04-01,Social work,3275,3250,0.8,0.6,3225,1.9,4.6,77.3,91.5,93.5,16.2,2480,25600,32200,35100
202324,2019/2020,3 YAG,First-degree,Female,CAH01-01-02,Medicine (non-specific),3365,3145,0.5,6.6,3125,2.4,5.2,73.8,90.8,92.4,18.6,2280,41700,50900,58900
202223,2020/2021,1 YAG,First-degree,Male,CAH19-01-03,Literature in English,740,725,0.7,2.2,720,3.2,8.5,49.3,74.9,88.3,39,345,16400,21200,27000
202223,2020/2021,1 YAG,First-degree,Male,CAH20-01-01,History,3985,3910,1.1,1.9,3870,3.9,7,46,75.2,89.2,43.2,1730,18200,23000,28500
202324,2021/2022,1 YAG,First-degree,Female,CAH04-01-01,Psychology (non-specific),11485,11295,0.4,1.7,11245,2.4,6.9,53.5,82.9,90.7,37.2,5915,16800,22300,26700
202122,2019/2020,1 YAG,First-degree,Male,CAH01-01-02,Medicine (non-specific),2610,2585,0.3,0.9,2575,1.5,3,74,88,95.5,21.5,1905,37200,39800,43100
202223,2020/2021,1 YAG,First-degree,Male,CAH25-02-02,Music,3435,3390,0.9,1.3,3360,3.8,10.9,64.8,79.9,85.3,20.5,2005,12800,18200,23400
202122,2019/2020,1 YAG,First-degree,Female,CAH04-01-01,Psychology (non-specific),9665,9595,0.3,0.7,9565,1.5,5.5,48.5,84.2,93,44.6,4560,14600,19300,23400
202324,2019/2020,3 YAG,First-degree,Male,CAH02-06-05,Physiotherapy,515,495,0.4,3.9,495,2.8,3.9,83.4,91.7,93.3,9.9,410,31800,35100,38400
202122,2019/2020,1 YAG,First-degree,Female,CAH07-04-02,Forensic and archaeological sciences,910,900,0,1,900,1.7,5.4,58.4,84.6,92.9,34.5,520,15700,19700,23700
202223,2020/2021,1 YAG,First-degree,Female,CAH04-01-02,Applied psychology,820,815,0,1,815,1.7,5,52.4,86.4,93.3,41,415,16800,21200,24800
202324,2019/2020,3 YAG,First-degree,Male,CAH19-01-07,Linguistics,115,110,0,3.1,110,10.8,7.1,65.1,78.1,82.1,17,70,22700,27800,33700
202223,2020/2021,1 YAG,First-degree,Female,CAH03-02-01,Sport and exercise sciences,2995,2950,0.4,1.5,2935,1.2,4,51.6,87.7,94.8,43.2,1455,15700,20400,24800
202122,2019/2020,1 YAG,First-degree,Female,CAH02-04-09,Others in nursing,335,335,1.8,0,330,2.8,1.6,68.6,92.6,95.6,27,225,27700,33900,40500
202223,2020/2021,1 YAG,First-degree,Female,CAH23-01-01,"Combined, general or negotiated studies",1970,1940,1.1,1.8,1915,6.6,6,60.5,81.1,87.4,26.9,1110,15000,22300,28800
202223,2020/2021,1 YAG,First-degree,Male,CAH15-03-01,Politics,3555,3470,0.7,2.3,3445,4.4,8.3,50.8,76.1,87.3,36.5,1695,20100,25200,31800
202324,2019/2020,3 YAG,First-degree,Female,CAH20-01-01,History,4070,3940,0.4,3.2,3920,3.4,5.6,73.9,87.9,91,17.1,2840,24200,28900,34800
202324,2019/2020,3 YAG,First-degree,Female,CAH19-01-03,Literature in English,2430,2375,0.5,2.2,2365,3.5,7.4,75.3,86.6,89.2,13.9,1750,22700,27300,31100
202324,2021/2022,1 YAG,First-degree,Male,CAH17-01-02,Business studies,5175,5065,1.2,2.1,5000,5.4,9.7,67.7,80.7,84.9,17.2,3275,20900,26400,32600
202324,2019/2020,3 YAG,First-degree,Male,CAH15-04-01,Social work,390,385,1.2,1,380,1.6,3.8,76.2,92,94.6,18.5,285,27800,34800,38800
202324,2019/2020,3 YAG,First-degree,Female,CAH15-04-03,Health studies,1660,1645,1,0.7,1630,2.6,9.4,65.1,83.8,88,22.9,1035,17600,24900,31100
202324,2019/2020,3 YAG,First-degree,Male,CAH02-04-02,Adult nursing,855,845,0.8,1.3,840,2.8,3.9,68.7,92.1,93.3,24.6,565,32200,37700,45000
202122,2019/2020,1 YAG,First-degree,Female,CAH02-04-03,Community nursing,375,375,1.3,0.3,370,2.4,1.2,78.4,95.8,96.3,17.9,290,27000,31800,38300
202324,2021/2022,1 YAG,First-degree,Male,CAH15-01-02,Sociology,1865,1840,0.6,1.3,1830,3.1,8.2,64.3,82,88.7,24.4,1150,20100,24500,29600
202122,2019/2020,1 YAG,First-degree,Male,CAH16-01-01,Law,4110,4085,0.6,0.6,4060,2.2,6.2,39.4,77.7,91.6,52.2,1545,15700,20400,25900
202324,2021/2022,1 YAG,First-degree,Female,CAH17-01-01,Business and management (non-specific),3850,3790,2.6,1.6,3690,5.2,9.4,63.2,79.5,85.4,22.2,2250,19000,25600,32900
202324,2019/2020,3 YAG,First-degree,Male,CAH11-01-02,Information technology,720,705,1.3,2,700,5.3,7.6,79.4,85.7,87.2,7.8,540,26700,34600,46100
202122,2019/2020,1 YAG,First-degree,Female,CAH01-01-04,Dentistry,565,555,0.7,1.4,550,2,4.9,88.4,91.7,93.1,4.7,290,33200,37200,43100
202223,2020/2021,1 YAG,First-degree,Male,CAH22-01-01,Education,685,675,0.9,1.2,670,2.4,5.7,55.5,86,92,36.4,365,17200,21900,27000
202324,2021/2022,1 YAG,First-degree,Female,CAH02-04-05,Children's nursing,1805,1800,0.5,0.4,1790,1.2,3.3,82,94.8,95.5,13.5,1465,30000,33700,37700
202223,2020/2021,1 YAG,First-degree,Female,CAH04-01-04,Psychology and health,155,155,0.6,0.2,155,2.6,6,52.2,84.2,91.4,39.3,80,18200,23400,28100
202324,2021/2022,1 YAG,First-degree,Female,CAH02-04-07,Mental health nursing,1935,1930,0.6,0.2,1920,1.1,3.4,88.3,94.8,95.4,7.2,1685,31100,35900,42500
202122,2019/2020,1 YAG,First-degree,Female,CAH17-01-04,Management studies,2375,2355,1,0.9,2330,3.2,6.1,70.2,86.7,90.7,20.5,1615,19700,25600,33200
202324,2019/2020,3 YAG,First-degree,Female,CAH17-01-08,Accounting,1830,1800,0.9,1.6,1780,3.4,7.5,73.9,87.4,89.1,15.2,1295,24900,31100,39900
202324,2021/2022,1 YAG,First-degree,Male,CAH04-01-01,Psychology (non-specific),2240,2210,0.5,1.3,2200,4.2,9,53.3,77.3,86.8,33.6,1140,18300,23800,28200
202324,2019/2020,3 YAG,First-degree,Male,CAH25-02-03,Drama,1425,1405,1.1,1.4,1390,4.1,9.4,80,85.3,86.5,6.6,1015,15000,22000,27800
202122,2019/2020,1 YAG,First-degree,Male,CAH15-04-01,Social work,390,390,1.2,0,385,2,3.6,77.5,92.5,94.4,16.8,290,24500,29200,32100
202324,2019/2020,3 YAG,First-degree,Male,CAH01-01-02,Medicine (non-specific),2610,2425,0.4,7.1,2415,3.3,4.8,74.5,90.5,91.9,17.4,1785,43900,53100,64400
202122,2019/2020,1 YAG,First-degree,Female,CAH17-01-08,Accounting,1830,1820,0.8,0.5,1805,1.7,5.3,64,88.9,93,29,1135,18200,22300,27700
202324,2019/2020,3 YAG,First-degree,Male,CAH20-01-02,"History of art, architecture and design",85,85,0,0,85,2.4,15.6,64.5,73.5,82,17.6,50,17200,27400,33300
202324,2021/2022,1 YAG,First-degree,Female,CAH25-02-03,Drama,2895,2855,0.6,1.3,2840,3.1,8.6,73.9,86,88.3,14.4,1930,12400,18400,23800
202324,2019/2020,3 YAG,First-degree,Male,CAH10-01-04,Aeronautical and aerospace engineering,1310,1275,0.9,2.7,1260,5,5.1,79.8,87.8,89.9,10.2,995,30000,35900,43200
202223,2020/2021,1 YAG,First-degree,Male,CAH10-01-08,Electrical and electronic engineering,2000,1975,1.1,1.2,1955,3.7,6.2,74,85.6,90,16.1,1425,26300,31000,39400
202324,2021/2022,1 YAG,First-degree,Female,CAH17-01-06,"Tourism, transport and travel",1980,1925,0.5,2.9,1915,3.4,10.3,70.6,83,86.2,15.6,1325,19000,23800,27800
202324,2021/2022,1 YAG,First-degree,Male,CAH01-01-02,Medicine (non-specific),2480,2460,0.6,0.8,2445,0.8,1.9,79.9,90.7,97.2,17.4,1945,40300,44700,55300
202122,2019/2020,1 YAG,First-degree,Female,CAH17-01-02,Business studies,4520,4470,0.7,1.1,4440,3.3,6.8,65.5,84,89.9,24.5,2830,16800,22300,27400
202122,2019/2020,1 YAG,First-degree,Female,CAH17-01-05,Human resource management,520,515,0.6,0.9,510,2.4,6.5,69.1,87.7,91.1,22,350,18200,21500,26600
202324,2021/2022,1 YAG,First-degree,Male,CAH13-01-02,Building,2650,2620,0.6,1,2605,3,5.5,80.4,89.9,91.5,11.1,2060,28200,35100,46500
202324,2021/2022,1 YAG,First-degree,Female,CAH20-01-01,History,3815,3710,0.4,2.7,3695,2.1,6.6,50.1,80.1,91.3,41.1,1815,18700,23800,28200
202324,2021/2022,1 YAG,First-degree,Female,CAH19-01-01,English studies (non-specific),2485,2430,0.2,2.1,2425,2.7,7.5,52,78.6,89.7,37.7,1235,18700,23400,27800
202122,2019/2020,1 YAG,First-degree,Male,CAH17-01-02,Business studies,5215,5170,0.9,0.9,5120,4.3,8.9,65,81.6,86.7,21.8,3195,17200,22600,28300
202223,2020/2021,1 YAG,First-degree,Female,CAH06-01-02,Agricultural sciences,15,15,0,4.6,15,4.2,6.7,75.8,89.1,89.1,13.3,10,c,c,c
202324,2021/2022,1 YAG,First-degree,Female,CAH03-01-02,Biology (non-specific),1380,1355,0.8,1.9,1340,2.5,6.6,51.7,78,90.9,39.2,680,19000,23800,27800
202324,2019/2020,3 YAG,First-degree,Female,CAH05-01-02,Others in veterinary sciences,240,235,0.4,1.3,235,1.8,2.6,81.4,93.9,95.6,14.2,185,22700,28200,31100
202324,2021/2022,1 YAG,First-degree,Female,CAH15-01-02,Sociology,7795,7680,0.2,1.5,7665,2,8.1,62.3,84.4,89.9,27.6,4710,18300,23100,26700
202324,2021/2022,1 YAG,First-degree,Male,CAH10-01-07,Civil engineering,1935,1905,0.6,1.4,1895,3.7,5.5,73.3,87.9,90.9,17.5,1365,27100,30700,36200
202122,2019/2020,1 YAG,First-degree,Female,CAH04-01-02,Applied psychology,730,725,0.4,0.8,720,1.6,4.2,46.2,84.8,94.2,48,325,13500,19000,23400
202122,2019/2020,1 YAG,First-degree,Male,CAH05-01-01,Veterinary medicine and dentistry,200,200,0,1,200,0.5,1.5,79.4,87.9,98,18.6,160,30300,33200,35400
202324,2021/2022,1 YAG,First-degree,Male,CAH17-01-05,Human resource management,195,190,0.5,1.3,190,5,8.9,72.8,83.3,86.1,13.3,135,22000,25400,31500
202122,2019/2020,1 YAG,First-degree,Male,CAH04-01-01,Psychology (non-specific),1800,1790,0.3,0.6,1785,2.4,6.6,49,78.6,91,42,850,13900,19300,23700
202122,2019/2020,1 YAG,First-degree,Male,CAH10-01-01,Engineering (non-specific),1255,1230,1,1.9,1220,4.2,5.3,75.4,86.5,90.5,15.1,900,25200,32500,43400
202223,2020/2021,1 YAG,First-degree,Female,CAH06-01-04,Rural estate management,35,35,0,0,35,2.8,9.1,74.5,82.4,88.1,13.6,25,15000,19300,23400
202324,2019/2020,3 YAG,First-degree,Female,CAH02-04-08,Learning disabilities nursing,360,360,0.8,0.4,360,2.2,4.6,79.9,91.8,93.2,13.3,285,28900,35900,43600
202122,2019/2020,1 YAG,First-degree,Female,CAH02-04-01,Nursing (non-specific),980,975,1.8,0.4,955,2,2.1,74.2,94.4,95.9,21.6,700,26300,31800,40200
202223,2020/2021,1 YAG,First-degree,Male,CAH10-01-02,Mechanical engineering,3880,3825,0.7,1.4,3795,2.9,5.9,73.2,86.2,91.3,18.1,2735,24800,29600,35000
202324,2021/2022,1 YAG,First-degree,Male,CAH17-01-04,Management studies,2710,2660,1.2,1.9,2630,5.9,8.2,69.5,82.6,85.9,16.4,1785,24900,34300,48700
202324,2021/2022,1 YAG,First-degree,Male,CAH16-01-01,Law,4675,4620,0.6,1.2,4590,3.6,7.3,46.9,75.6,89.1,42.1,2110,20100,24500,30400
202324,2021/2022,1 YAG,First-degree,Female,CAH24-01-05,Media studies,2025,1980,0.7,2.2,1970,3.5,10.3,70.8,82.1,86.3,15.5,1365,16500,22000,25600
202324,2021/2022,1 YAG,First-degree,Female,CAH25-01-03,Design studies,7395,7215,0.8,2.5,7160,3.7,12.2,74.9,81.2,84.1,9.2,5175,15700,22000,25300
202324,2019/2020,3 YAG,First-degree,Female,CAH13-01-01,Architecture,1040,1020,0.9,2,1010,3.6,6.4,44.6,73.6,90.1,45.5,445,23100,27100,32200
202324,2021/2022,1 YAG,First-degree,Male,CAH10-03-06,Others in technology,390,385,1.7,1,380,5.8,9.1,73.8,81.7,85.1,11.3,260,16100,24500,30700
202223,2020/2021,1 YAG,First-degree,Male,CAH17-01-04,Management studies,3230,3180,1.1,1.5,3145,4.6,6.5,71.4,85.4,88.9,17.5,2175,24500,32500,44900
202122,2019/2020,1 YAG,First-degree,Male,CAH02-04-08,Learning disabilities nursing,60,60,1.7,1.7,55,0,1.8,87.7,98.2,98.2,10.5,50,28800,34900,43100
202324,2019/2020,3 YAG,First-degree,Female,CAH15-01-02,Sociology,7050,6910,0.3,2,6890,2.6,7.5,74.3,87.9,89.9,15.6,5030,22300,26700,31500
202324,2019/2020,3 YAG,First-degree,Female,CAH13-01-02,Building,495,480,0.8,2.7,475,5.4,5.3,83.6,88.9,89.3,5.7,385,31500,39900,50500
202223,2020/2021,1 YAG,First-degree,Female,CAH02-06-01,Health sciences (non-specific),2100,2085,0.7,0.7,2070,2,3.9,78,91.6,94.1,16.1,1595,24500,29200,35400
202122,2019/2020,1 YAG,First-degree,Female,CAH22-01-01,Education,6180,6150,0.6,0.5,6115,1.5,5.6,54.6,85.7,92.8,38.2,3290,12800,17500,21900
202324,2019/2020,3 YAG,First-degree,Female,CAH16-01-01,Law,8610,8460,0.8,1.7,8395,3.3,7.3,70.9,86.2,89.4,18.4,5845,22700,27400,34000
202223,2020/2021,1 YAG,First-degree,Female,CAH11-01-02,Information technology,195,190,1.3,1.4,190,6.7,8.9,67.7,81.1,84.4,16.7,125,19700,26600,39000
202223,2020/2021,1 YAG,First-degree,Female,CAH10-01-01,Engineering (non-specific),365,355,1.4,2.2,350,5.3,4.2,72.3,87.2,90.5,18.2,250,24100,31400,38300
202223,2020/2021,1 YAG,First-degree,Female,CAH07-04-03,Sciences (non-specific),40,40,0,1.6,40,4.1,3.2,71.6,87.8,92.7,21.1,30,17200,23400,31400
202324,2021/2022,1 YAG,First-degree,Male,CAH25-01-04,Cinematics and photography,3120,3075,0.7,1.3,3055,5.6,14.8,70,76.1,79.5,9.5,2020,13200,19800,24500
202324,2021/2022,1 YAG,First-degree,Female,CAH02-06-03,Ophthalmics,505,505,1,0.4,500,2,5.2,84.4,91.6,92.8,8.4,415,20900,24200,29300
202324,2021/2022,1 YAG,First-degree,Male,CAH23-01-01,"Combined, general or negotiated studies",520,510,1.3,2.1,500,7.6,5.6,61.8,80.7,86.8,25,295,22000,29300,42500
202324,2019/2020,3 YAG,First-degree,Female,CAH03-01-03,Ecology and environmental biology,485,450,0.5,7.2,450,2.2,9.8,73.3,84.1,87.9,14.6,320,20900,24900,29600
202122,2019/2020,1 YAG,First-degree,Male,CAH02-06-02,Nutrition and dietetics,185,185,0.6,0,185,1.3,7.1,61.6,83,91.7,30.1,110,19300,23000,26300
202324,2021/2022,1 YAG,First-degree,Female,CAH02-04-01,Nursing (non-specific),765,755,2,0.9,740,3.4,2,71.3,93.3,94.6,23.3,520,28900,35500,44300
202324,2021/2022,1 YAG,First-degree,Female,CAH02-06-01,Health sciences (non-specific),2440,2425,0.5,0.6,2410,2.5,3.4,79.3,92,94.1,14.8,1895,27800,34400,39200
202324,2019/2020,3 YAG,First-degree,Female,CAH20-02-01,Philosophy,1205,1165,0.2,3.4,1160,3.8,8.3,69.8,84,87.9,18.1,795,23800,29300,35100
202122,2019/2020,1 YAG,First-degree,Female,CAH02-04-04,Midwifery,1785,1775,0.5,0.6,1765,1.1,1.8,86.3,96.6,97.1,10.8,1520,27000,31800,36500
202324,2021/2022,1 YAG,First-degree,Female,CAH02-04-03,Community nursing,295,295,0.7,0,290,1.7,2.7,74.4,94.5,95.5,21.1,215,30700,37300,43200
202223,2020/2021,1 YAG,First-degree,Female,CAH20-02-02,Theology and religious studies,595,590,3.3,1.2,570,9.8,5,47.7,76.9,85.2,37.5,260,16100,21900,25900
202324,2019/2020,3 YAG,First-degree,Male,CAH11-01-01,Computer science,6195,6085,0.8,1.8,6040,5.2,8.2,80.9,84.9,86.5,5.6,4825,28500,38100,51200
202324,2021/2022,1 YAG,First-degree,Male,CAH25-01-03,Design studies,2785,2745,0.9,1.5,2720,5.5,12.2,73.8,79.6,82.3,8.5,1935,16100,22700,26400
202223,2020/2021,1 YAG,First-degree,Female,CAH19-01-03,Literature in English,2805,2765,0.9,1.4,2740,3.4,6.3,50.3,80.5,90.3,40,1345,16100,21500,25900
202122,2019/2020,1 YAG,First-degree,Male,CAH02-04-02,Adult nursing,855,850,0.8,0.7,845,1.3,2.6,79.5,95.4,96.1,16.6,660,27700,31000,36500
202324,2019/2020,3 YAG,First-degree,Male,CAH16-01-01,Law,4110,4070,0.7,1,4040,4.2,7.7,70.5,84.1,88.2,17.6,2770,23100,28500,37300
202324,2021/2022,1 YAG,First-degree,Female,CAH03-01-01,Biosciences (non-specific),880,860,0.7,2.1,855,2.8,5.9,51.2,78.6,91.2,40,425,20100,24900,28900
202324,2021/2022,1 YAG,First-degree,Female,CAH02-05-03,Biomedical sciences (non-specific),4220,4140,0.3,1.9,4125,2.3,6.1,49.3,77.6,91.6,42.3,2005,20100,24900,28900
202223,2020/2021,1 YAG,First-degree,Female,CAH24-01-05,Media studies,2275,2230,0.8,2.1,2210,3.1,10.1,67.3,82,86.8,19.5,1450,17200,21500,25200
202324,2019/2020,3 YAG,First-degree,Female,CAH02-06-02,Nutrition and dietetics,765,740,0.5,2.9,735,3,7.5,71.1,84.5,89.5,18.4,505,22700,28900,34400
202324,2021/2022,1 YAG,First-degree,Male,CAH03-01-01,Biosciences (non-specific),575,565,0.9,1.1,560,5.7,7.5,46.2,73.4,86.8,40.6,250,19000,24200,30700
202324,2021/2022,1 YAG,First-degree,Male,CAH03-01-03,Ecology and environmental biology,340,325,0.3,4.4,320,4.6,8.1,64.1,80.8,87.3,23.3,200,14300,22300,25300
202122,2019/2020,1 YAG,First-degree,Male,CAH02-04-07,Mental health nursing,545,545,0.2,0,545,0.5,3.3,84.8,95.1,96.2,11.4,465,29900,36500,46700
202324,2021/2022,1 YAG,First-degree,Female,CAH15-04-02,Childhood and youth studies,2425,2405,0.5,0.8,2390,2.5,6.9,62.4,85.1,90.6,28.3,1460,15000,20100,24900
202324,2021/2022,1 YAG,First-degree,Female,CAH23-01-01,"Combined, general or negotiated studies",1095,1075,2.1,1.7,1050,5.4,7.7,57.9,79.4,86.9,28.9,575,16800,24200,31500
202223,2020/2021,1 YAG,First-degree,Female,CAH17-01-02,Business studies,5070,4975,1.3,1.9,4915,4,8.4,66.7,82.6,87.6,20.9,3220,19700,24800,30300
202122,2019/2020,1 YAG,First-degree,Male,CAH10-01-08,Electrical and electronic engineering,1890,1875,0.7,0.9,1865,3.6,5.8,72.7,86.2,90.6,18,1330,23400,29200,37200
202324,2021/2022,1 YAG,First-degree,Female,CAH19-01-02,English language,600,590,0.5,2,585,4,9.2,52.8,78.8,86.8,34.1,305,15700,22200,25600
202122,2019/2020,1 YAG,First-degree,Male,CAH03-02-01,Sport and exercise sciences,5570,5530,0.3,0.7,5515,1.7,5.2,58,86.1,93.1,35.1,3090,13100,18000,22600
202324,2021/2022,1 YAG,First-degree,Male,CAH15-01-06,Cultural studies,15,15,3.4,3.3,15,5.6,8,57.1,80.4,86.4,29.2,10,c,c,c
202324,2021/2022,1 YAG,First-degree,Male,CAH24-01-05,Media studies,1635,1610,0.5,1.5,1600,4.3,12.7,67.2,77.3,82.9,15.8,1040,15000,21200,25300
202324,2021/2022,1 YAG,First-degree,Male,CAH17-01-06,"Tourism, transport and travel",1305,1270,0.7,2.6,1260,4.4,9.3,73,83.6,86.3,13.3,875,19800,24900,32200
202324,2021/2022,1 YAG,First-degree,Male,CAH26-01-04,Environmental sciences,390,370,0.3,4.9,370,4.6,8,66.9,80.9,87.4,20.5,240,21600,26000,31800
202324,2019/2020,3 YAG,First-degree,Male,CAH11-01-06,Computer games and animation,2030,1995,0.7,1.6,1985,5.8,14.3,74.8,78.6,79.9,5.1,1455,20900,26400,32600
202223,2020/2021,1 YAG,First-degree,Male,CAH07-01-01,Physics,2205,2140,1,3.1,2115,5,6.4,52.1,75.9,88.5,36.5,1080,23000,29200,34700
202223,2020/2021,1 YAG,First-degree,Male,CAH25-01-03,Design studies,3130,3085,0.7,1.4,3065,4.6,12,73.9,79.9,83.4,9.5,2180,16800,21500,25600
202324,2021/2022,1 YAG,First-degree,Male,CAH17-01-01,Business and management (non-specific),4320,4250,1.9,1.5,4170,5.8,9.2,66.1,80.7,85,18.9,2650,20500,26700,34800
202122,2019/2020,1 YAG,First-degree,Female,CAH25-01-05,Others in creative arts and design,410,410,0.5,0.2,405,4.2,10,68.6,79.5,85.8,17.3,265,12400,16400,20000
202122,2019/2020,1 YAG,First-degree,Female,CAH02-06-02,Nutrition and dietetics,765,755,0.7,1.1,750,2.2,5.6,64.3,83.9,92.2,27.8,475,16400,23000,25600
202122,2019/2020,1 YAG,First-degree,Male,CAH11-01-02,Information technology,720,715,1.3,1.2,705,4.9,8.4,71.6,83.7,86.6,15,490,20100,25900,34700
202223,2020/2021,1 YAG,First-degree,Male,CAH20-01-03,Archaeology,220,220,0.5,0.7,220,5.8,6.8,46.2,71.8,87.4,41.2,95,17900,21900,24100
202223,2020/2021,1 YAG,First-degree,Male,CAH23-01-03,Humanities (non-specific),275,270,2.6,1.8,265,9.6,7.4,45.7,72,83,37.2,110,14200,24100,31000
202324,2019/2020,3 YAG,First-degree,Male,CAH23-01-01,"Combined, general or negotiated studies",270,270,1.7,1.5,265,6.6,5.8,70.7,84.4,87.7,17,180,28500,37300,51600
202324,2021/2022,1 YAG,First-degree,Female,CAH02-06-07,"Counselling, psychotherapy and occupational therapy",1805,1790,0.4,0.7,1785,1.8,6.5,77.2,89.3,91.7,14.5,1315,18300,27400,30000
202324,2021/2022,1 YAG,First-degree,Male,CAH02-06-06,Complementary and alternative medicine,175,175,1.7,0,170,2.3,3.6,86.5,91.8,94.1,7.5,125,13400,25500,35700
202122,2019/2020,1 YAG,First-degree,Female,CAH02-04-08,Learning disabilities nursing,360,360,0.3,0.3,360,1.1,3.3,86.7,93.9,95.6,8.9,310,26300,31000,38000
202324,2019/2020,3 YAG,First-degree,Female,CAH26-01-04,Environmental sciences,380,370,0.8,2.9,370,3.3,5.5,77.4,89.3,91.2,13.8,280,24200,29300,33300
202324,2021/2022,1 YAG,First-degree,Female,CAH23-01-02,Personal development,70,70,1.4,1.1,70,9.4,10.5,64.6,75.2,80.1,15.4,45,22000,28500,36200
202324,2021/2022,1 YAG,First-degree,Female,CAH17-01-04,Management studies,2395,2365,1.2,1.3,2340,4.2,6.1,71.9,85.5,89.7,17.8,1650,23500,30400,41000
202324,2021/2022,1 YAG,First-degree,Male,CAH10-01-08,Electrical and electronic engineering,1885,1865,0.9,1,1850,3.9,6.1,74.3,86.1,89.9,15.7,1350,28200,33700,42100
202324,2019/2020,3 YAG,First-degree,Female,CAH02-06-06,Complementary and alternative medicine,365,360,2.5,1.4,350,7.2,6.9,77.9,85.1,86,8,235,14700,27400,35100
202122,2019/2020,1 YAG,First-degree,Female,CAH20-01-03,Archaeology,345,340,0.4,2,340,2.7,6.7,45.7,75.4,90.5,44.8,150,13500,19300,22600
202122,2019/2020,1 YAG,First-degree,Male,CAH25-01-03,Design studies,3110,3070,0.8,1.4,3045,4.3,12.8,72.6,79.2,82.8,10.3,2115,13100,18600,23000
202324,2019/2020,3 YAG,First-degree,Male,CAH13-01-01,Architecture,1255,1230,0.7,2.1,1220,3.8,6.1,49,77.3,90.1,41.1,570,23400,28200,34000
202122,2019/2020,1 YAG,First-degree,Female,CAH16-01-01,Law,8610,8530,0.4,0.9,8495,1.6,4.9,38,82,93.4,55.5,3170,16100,20100,24500
202122,2019/2020,1 YAG,First-degree,Male,CAH02-06-01,Health sciences (non-specific),735,730,0.4,0.4,730,2.8,1.9,73.7,92.8,95.3,21.6,535,27000,33200,41200
202324,2021/2022,1 YAG,First-degree,Female,CAH15-04-03,Health studies,1885,1880,0.8,0.4,1865,2.4,9.9,52.5,79.2,87.7,35.1,955,15400,22700,28500
202324,2021/2022,1 YAG,First-degree,Female,CAH25-01-01,Creative arts and design (non-specific),225,220,0.5,0.7,220,6.6,14.5,66.8,76.5,79,12.2,135,13200,20100,24900
202324,2021/2022,1 YAG,First-degree,Male,CAH02-06-05,Physiotherapy,615,605,0.6,1.6,600,3,4,88.7,92.4,93,4.3,525,28200,29500,31500
202122,2019/2020,1 YAG,First-degree,Male,CAH26-01-04,Environmental sciences,365,355,0.6,2.1,355,2.1,7.4,56.6,81.8,90.5,33.9,195,16400,21900,25900
202122,2019/2020,1 YAG,First-degree,Male,CAH26-01-06,Earth sciences,700,690,0.6,1.5,685,3,5.9,43.5,75,91.1,47.7,290,18200,22300,27700
202122,2019/2020,1 YAG,First-degree,Female,CAH02-02-03,Pharmacy,1420,1415,0.6,0.5,1405,1.1,14.9,62.3,81.3,84,21.7,760,21500,27700,31400
202223,2020/2021,1 YAG,First-degree,Male,CAH02-04-07,Mental health nursing,565,565,0.5,0.2,560,1.4,5,85.7,92.7,93.6,7.9,475,30300,36900,46000
202324,2019/2020,3 YAG,First-degree,Female,CAH15-01-05,Development studies,200,185,1.4,8.7,180,7.7,6.8,71.8,80.6,85.5,13.7,130,24500,29600,34400
202324,2019/2020,3 YAG,First-degree,Male,CAH20-01-01,History,3875,3770,0.6,2.7,3750,4.9,6.6,70.8,84.1,88.4,17.6,2600,23400,28900,35900
202223,2020/2021,1 YAG,First-degree,Female,CAH19-01-02,English language,830,820,0.7,1.3,815,3.1,6.7,57.2,82.6,90.2,33,450,16400,21500,25200
202223,2020/2021,1 YAG,First-degree,Male,CAH11-01-01,Computer science,6920,6840,1.1,1.1,6765,5.1,8.2,74.3,82.7,86.8,12.4,4945,23700,29900,39100
202223,2020/2021,1 YAG,First-degree,Male,CAH24-01-04,Journalism,965,955,0.9,1.3,945,1.5,7.9,75.3,86.7,90.6,15.3,695,17200,21200,24800
202324,2021/2022,1 YAG,First-degree,Female,CAH15-02-01,Economics,1935,1890,0.9,2.3,1875,2.8,6.8,60.5,85.1,90.3,29.9,1115,24500,31500,41400
202223,2020/2021,1 YAG,First-degree,Male,CAH20-02-01,Philosophy,1080,1050,1,2.7,1040,4.6,8.8,44.3,72.3,86.7,42.4,445,17500,24100,32500
202223,2020/2021,1 YAG,First-degree,Male,CAH15-02-01,Economics,5615,5520,0.9,1.7,5470,3.5,7.1,57.9,83,89.4,31.5,3110,23400,29200,37200
202223,2020/2021,1 YAG,First-degree,Male,CAH11-01-06,Computer games and animation,1920,1910,0.9,0.6,1890,6,14.6,65.4,74.1,79.4,13.9,1205,15300,21200,26300
202324,2019/2020,3 YAG,First-degree,Male,CAH10-01-01,Engineering (non-specific),1255,1220,0.9,3,1205,5.2,4.3,79.9,88.1,90.4,10.6,950,33700,43900,56700
202324,2021/2022,1 YAG,First-degree,Female,CAH02-05-02,Healthcare science (non-specific),270,265,0.4,0.4,265,2.3,2.3,68.8,90,95.5,26.7,180,27800,31800,37300
202324,2019/2020,3 YAG,First-degree,Male,CAH17-01-06,"Tourism, transport and travel",1195,1165,1.5,2.9,1145,4.9,9.6,78.8,84.6,85.5,6.7,860,23400,28900,35900
202324,2019/2020,3 YAG,First-degree,Male,CAH24-01-04,Journalism,1010,980,0.7,2.7,975,3.3,9.1,81.5,86.4,87.6,6.1,775,22000,26000,31100
202324,2019/2020,3 YAG,First-degree,Male,CAH19-04-09,Others in language and area studies,350,325,0,6.2,325,8,7.2,70.7,81.4,84.9,14.2,225,25600,33300,42500
202324,2019/2020,3 YAG,First-degree,Female,CAH23-01-01,"Combined, general or negotiated studies",405,385,0.5,5.8,380,6.2,6.1,71.5,83.7,87.7,16.2,260,23100,30400,39500
202122,2019/2020,1 YAG,First-degree,Male,CAH02-05-03,Biomedical sciences (non-specific),1750,1730,0.2,1,1730,2.8,6.1,43.2,74,91.1,47.9,730,17500,22600,27400
202223,2020/2021,1 YAG,First-degree,Female,CAH02-05-01,Medical technology,845,845,0.7,0.2,840,2.1,3.3,85.4,92.9,94.5,9.1,710,27700,31400,36100
202324,2019/2020,3 YAG,First-degree,Female,CAH02-04-05,Children's nursing,1845,1815,0.6,1.8,1805,1.9,3.6,72.5,93.3,94.5,22,1300,29300,35500,41400
202122,2019/2020,1 YAG,First-degree,Male,CAH04-01-02,Applied psychology,235,235,0.2,0.5,235,3.8,8.4,47.4,78.7,87.9,40.5,110,12000,18200,22300
202122,2019/2020,1 YAG,First-degree,Male,CAH17-01-06,"Tourism, transport and travel",1195,1185,1.2,1.1,1170,3.1,8.2,68.7,84.5,88.7,20,770,16100,20800,25600
202324,2019/2020,3 YAG,First-degree,Male,CAH11-01-04,Software engineering,1115,1095,0.4,1.7,1090,3.3,6.6,85.3,89.4,90.1,4.8,915,27800,35500,46800
202324,2019/2020,3 YAG,First-degree,Male,CAH11-01-05,Artificial intelligence,45,45,0.2,2.2,45,1.5,10,81.7,87.1,88.5,6.9,35,33700,42100,58600
202122,2019/2020,1 YAG,First-degree,Female,CAH17-01-07,Finance,990,980,1.3,0.9,965,2.9,6.5,61.9,85.7,90.6,28.7,590,17900,22300,27400
202122,2019/2020,1 YAG,First-degree,Female,CAH02-06-05,Physiotherapy,865,860,0.9,0.7,850,1.6,4.7,90.3,93.1,93.6,3.3,760,24500,25200,27400
202324,2019/2020,3 YAG,First-degree,Female,CAH25-01-02,Art,2185,2150,0.7,1.6,2135,5.5,11.8,72.4,80.1,82.7,10.3,1460,15400,22300,27800
202122,2019/2020,1 YAG,First-degree,Female,CAH20-02-02,Theology and religious studies,740,730,1.5,1.5,720,6.5,6,47.4,76.6,87.6,40.2,320,12400,17900,22600
202223,2020/2021,1 YAG,First-degree,Male,CAH04-01-01,Psychology (non-specific),2490,2450,0.6,1.6,2435,3.4,7.7,51.4,79.6,88.9,37.5,1220,17200,21900,26300
202324,2019/2020,3 YAG,First-degree,Female,CAH19-01-01,English studies (non-specific),2770,2685,0.5,3.1,2670,3.4,6.8,73.8,86.3,89.8,16,1930,23100,27800,32600
202324,2021/2022,1 YAG,First-degree,Female,CAH11-01-01,Computer science,1175,1160,1.2,1.1,1145,4.8,8.7,72,81.8,86.5,14.5,805,25600,33300,43900
202223,2020/2021,1 YAG,First-degree,Female,CAH13-01-02,Building,575,570,0.7,1.6,565,3.2,5.1,77.3,90.2,91.7,14.4,430,26600,32100,42300
202324,2019/2020,3 YAG,First-degree,Female,CAH03-01-01,Biosciences (non-specific),800,785,0.7,2.3,775,3.4,7.2,57.8,81.1,89.4,31.5,440,24500,29300,37000
202324,2019/2020,3 YAG,First-degree,Female,CAH03-01-06,Zoology,815,790,0.1,3.2,790,2.7,6.8,76.4,86.9,90.5,14.2,585,20500,23800,28500
202324,2019/2020,3 YAG,First-degree,Male,CAH19-01-02,English language,165,160,0.9,2.4,160,2.2,6.5,80.3,88.4,91.3,11,125,22300,27400,31800
202324,2019/2020,3 YAG,First-degree,Female,CAH03-01-10,Others in biosciences,230,225,0.7,2.6,225,3,5.3,65,84.3,91.7,26.8,145,24200,29300,37000
202324,2019/2020,3 YAG,First-degree,Female,CAH25-01-04,Cinematics and photography,3240,3165,0.6,2.4,3145,3.6,10.9,79.4,84.2,85.5,6.1,2390,17900,23100,28200
202324,2019/2020,3 YAG,First-degree,Female,CAH02-04-01,Nursing (non-specific),980,965,1.8,1.4,945,1.9,3.2,68.1,93,94.9,26.8,635,29600,39200,47200
202223,2020/2021,1 YAG,First-degree,Male,CAH10-03-06,Others in technology,420,415,1.1,1.4,410,3,10.6,73.6,83.5,86.4,12.8,290,15000,21500,27000
202223,2020/2021,1 YAG,First-degree,Male,CAH10-01-07,Civil engineering,1965,1950,0.7,0.9,1935,2.9,4.9,75.7,89,92.2,16.4,1430,25600,29200,34300
202122,2019/2020,1 YAG,First-degree,Male,CAH15-03-01,Politics,3400,3340,0.5,1.9,3320,4.2,7,47.9,76.2,88.8,40.9,1540,17200,22600,28800
202324,2021/2022,1 YAG,First-degree,Female,CAH03-01-10,Others in biosciences,235,225,0.9,3.9,225,2.8,1.9,51.8,78.8,95.3,43.4,115,20900,24500,28900
202324,2019/2020,3 YAG,First-degree,Female,CAH02-05-03,Biomedical sciences (non-specific),3645,3560,0.7,2.2,3540,3.1,6.1,58.3,81.2,90.7,32.4,2030,24900,30000,36600
202324,2019/2020,3 YAG,First-degree,Female,CAH02-06-01,Health sciences (non-specific),1860,1845,0.4,1.1,1835,1.9,3.8,76.2,92.1,94.3,18.1,1375,28200,34000,42500
202324,2019/2020,3 YAG,First-degree,Male,CAH17-01-01,Business and management (non-specific),3455,3390,1.8,1.9,3325,5.8,8.9,77,83.9,85.3,8.3,2480,24200,30400,40300
202324,2019/2020,3 YAG,First-degree,Female,CAH25-02-02,Music,2375,2325,2.7,2.2,2260,2.1,8.1,77.1,88.2,89.8,12.7,1585,16500,23800,29300
202223,2020/2021,1 YAG,First-degree,Female,CAH02-04-01,Nursing (non-specific),815,810,2.3,0.5,795,2.5,1.4,72.9,94.8,96.1,23.2,570,27400,33200,42000
202324,2021/2022,1 YAG,First-degree,Female,CAH07-04-02,Forensic and archaeological sciences,1040,1035,0.9,0.7,1025,1.4,5.1,63.1,87.6,93.5,30.4,640,19400,23400,26400
202324,2019/2020,3 YAG,First-degree,Male,CAH02-05-03,Biomedical sciences (non-specific),1750,1720,0.3,1.7,1715,4.7,6.5,62,79.1,88.8,26.8,1045,24200,29600,37700
202324,2019/2020,3 YAG,First-degree,Female,CAH22-01-02,Teacher training,4015,3905,0.5,2.7,3885,2.4,4.3,88.3,92.6,93.4,5.1,3405,25600,30700,31800
202223,2020/2021,1 YAG,First-degree,Male,CAH20-02-02,Theology and religious studies,450,445,1.8,1.2,435,11.8,4.6,51.6,73.9,83.6,32,210,17200,22600,27400
202324,2019/2020,3 YAG,First-degree,Male,CAH25-01-03,Design studies,3110,3040,0.8,2.3,3015,5.9,11.2,78.7,81.7,82.9,4.2,2280,21200,26000,31500
202324,2019/2020,3 YAG,First-degree,Female,CAH15-04-02,Childhood and youth studies,2620,2600,0.8,0.9,2580,3,7.2,77.6,87.5,89.9,12.3,1970,17900,23400,28500
202324,2019/2020,3 YAG,First-degree,Female,CAH25-02-03,Drama,3100,3040,0.8,2,3015,2.7,8.3,80.2,87.2,89,8.8,2250,17200,23400,28900
202122,2019/2020,1 YAG,First-degree,Female,CAH22-01-02,Teacher training,4015,3990,0.5,0.7,3970,1.2,3.2,85.2,93.9,95.7,10.4,3365,19700,24800,25200
202324,2021/2022,1 YAG,First-degree,Female,CAH19-01-03,Literature in English,2185,2150,0.5,1.5,2140,3,7.7,52.6,79.5,89.3,36.7,1105,17600,22700,26400
202324,2021/2022,1 YAG,First-degree,Female,CAH25-01-02,Art,2000,1965,0.6,1.6,1955,3.8,12.2,62.2,77.5,83.9,21.7,1170,12400,17900,22700
202324,2019/2020,3 YAG,First-degree,Male,CAH23-01-02,Personal development,60,60,1.3,2.5,60,7.4,11.6,65.8,77.6,81,15.3,40,23100,28500,36600
202324,2019/2020,3 YAG,First-degree,Female,CAH02-04-03,Community nursing,375,370,1.6,1.1,365,3,0.8,76.2,95.6,96.2,19.9,270,31500,36600,43200
202122,2019/2020,1 YAG,First-degree,Male,CAH11-01-06,Computer games and animation,2030,2010,0.6,1,1995,6.8,15.9,62.3,71.3,77.2,14.9,1210,12400,18600,23700
202122,2019/2020,1 YAG,First-degree,Male,CAH17-01-04,Management studies,2715,2680,0.9,1.3,2655,3.7,7,67.2,83.9,89.3,22.1,1750,20400,27700,40900
202324,2021/2022,1 YAG,First-degree,Male,CAH20-01-01,History,3410,3345,0.5,2,3325,4.2,7.9,48.3,73.9,87.9,39.6,1565,17600,23800,29100
202324,2019/2020,3 YAG,First-degree,Male,CAH10-01-07,Civil engineering,1845,1800,1.1,2.4,1780,4.6,5.8,83,88.2,89.6,6.5,1450,30400,35900,43600
202122,2019/2020,1 YAG,First-degree,Female,CAH02-04-05,Children's nursing,1845,1840,0.5,0.4,1830,0.9,2.5,79.9,95.8,96.7,16.7,1460,27000,29600,32800
202324,2019/2020,3 YAG,First-degree,Female,CAH02-02-01,Pharmacology,365,360,0.5,1.6,355,2.4,7.1,62.3,81.1,90.5,28.1,220,25600,31500,38800
202223,2020/2021,1 YAG,First-degree,Female,CAH02-04-09,Others in nursing,365,360,1.7,1.1,355,2.1,2.4,68.6,93.5,95.5,26.9,240,27400,34300,43400
202324,2019/2020,3 YAG,First-degree,Male,CAH02-06-07,"Counselling, psychotherapy and occupational therapy",225,220,0.9,0.9,220,1.2,6,80.8,91.4,92.8,12,165,25600,32600,35500
202324,2019/2020,3 YAG,First-degree,Male,CAH03-01-02,Biology (non-specific),995,960,0.3,3.3,955,3.6,6.8,67.7,81.9,89.6,21.9,640,24500,29600,36200
202324,2021/2022,1 YAG,First-degree,Male,CAH25-02-02,Music,3150,3100,0.6,1.6,3080,4.2,10.6,68.2,80.8,85.2,16.9,1925,12600,19400,24500
202223,2020/2021,1 YAG,First-degree,Female,CAH15-01-03,Social policy,885,875,0.7,1.2,870,2.3,8,59.4,83.2,89.7,30.3,510,18200,23000,28100
202324,2019/2020,3 YAG,First-degree,Female,CAH05-01-01,Veterinary medicine and dentistry,780,730,0.3,6.2,730,2.5,3.5,79.3,91.5,94,14.7,565,34000,39200,44700
202223,2020/2021,1 YAG,First-degree,Male,CAH19-01-05,Creative writing,455,455,0.9,0.8,450,6,15.2,51.2,69.6,78.8,27.6,215,13900,19300,23400
202324,2021/2022,1 YAG,First-degree,Male,CAH25-02-03,Drama,1305,1295,0.8,0.6,1285,2.9,11.2,73.2,82.5,85.9,12.7,855,12100,19000,24800
202223,2020/2021,1 YAG,First-degree,Male,CAH25-01-04,Cinematics and photography,3315,3280,1.1,1.1,3245,4,12.9,73.6,80,83.1,9.6,2225,13500,19700,24000
202223,2020/2021,1 YAG,First-degree,Female,CAH17-01-01,Business and management (non-specific),3825,3770,2.3,1.5,3685,4.2,7.9,65.1,82.9,87.9,22.8,2335,19600,25200,31800
202324,2021/2022,1 YAG,First-degree,Female,CAH13-01-02,Building,535,525,1,1,520,3,4.1,77.5,91.1,92.9,15.4,400,29300,34800,44700
202122,2019/2020,1 YAG,First-degree,Male,CAH17-01-08,Accounting,2755,2745,0.6,0.4,2730,3,7.7,61.6,84.7,89.3,27.7,1645,16800,21200,26600
202324,2021/2022,1 YAG,First-degree,Male,CAH06-01-08,Food and beverage production,20,15,0,3.8,15,0,5.9,82.4,94.1,94.1,11.7,15,28900,32600,38800
202223,2020/2021,1 YAG,First-degree,Male,CAH17-01-06,"Tourism, transport and travel",1370,1330,0.5,2.9,1325,3.4,8.5,70.9,84.6,88.1,17.2,905,18200,23700,28800
202223,2020/2021,1 YAG,First-degree,Female,CAH02-06-05,Physiotherapy,1005,995,1.1,0.8,985,1.4,3.3,91.4,94.4,95.3,4,895,25200,26300,28100
202324,2019/2020,3 YAG,First-degree,Male,CAH20-02-02,Theology and religious studies,510,500,1.4,2.2,495,15.3,5.6,62.8,73.1,79.1,16.3,285,21600,27100,34400
202324,2021/2022,1 YAG,First-degree,Female,CAH20-01-05,Classics,495,485,0.6,2.2,480,5.1,7,45.9,72.4,87.9,42,215,18700,24900,30000
202324,2021/2022,1 YAG,First-degree,Female,CAH20-01-03,Archaeology,265,255,0,3.1,255,3.4,8.8,41.4,73.1,87.9,46.5,105,15000,21200,25600
202122,2019/2020,1 YAG,First-degree,Male,CAH03-01-01,Biosciences (non-specific),535,525,1.1,1.5,520,4.3,5.4,48.1,73.5,90.2,42.1,245,17900,22600,29200
202324,2021/2022,1 YAG,First-degree,Male,CAH02-05-02,Healthcare science (non-specific),135,135,0,0,135,2.2,1.5,69.1,87.4,96.3,27.2,95,29300,34800,42100
202122,2019/2020,1 YAG,First-degree,Male,CAH22-01-01,Education,690,685,0.3,0.5,685,1.8,3.9,49.7,87.6,94.3,44.6,330,14200,19700,24100
202122,2019/2020,1 YAG,First-degree,Male,CAH22-01-02,Teacher training,640,635,0.2,1.1,630,1.2,4.3,81.2,91.6,94.5,13.3,510,18200,24500,25200
202223,2020/2021,1 YAG,First-degree,Female,CAH02-04-03,Community nursing,300,300,1.7,0.2,295,2,2.7,79.3,94.6,95.2,16,235,28500,33900,40500
202324,2021/2022,1 YAG,First-degree,Male,CAH02-04-07,Mental health nursing,570,570,1.1,0.2,560,2.7,5.2,85.3,91.5,92.2,6.9,475,34000,41700,51600
202223,2020/2021,1 YAG,First-degree,Male,CAH15-01-02,Sociology,1865,1840,0.7,1.4,1825,3.3,7.3,60.1,82.3,89.5,29.4,1075,16800,21500,26300
202122,2019/2020,1 YAG,First-degree,Female,CAH03-01-01,Biosciences (non-specific),800,795,0.5,1.1,790,1.6,3.9,45.4,80.9,94.6,49.2,350,17500,21900,27700
202122,2019/2020,1 YAG,First-degree,Female,CAH03-01-08,"Molecular biology, biophysics and biochemistry",1260,1245,0.4,1.3,1240,1.2,5.1,46.1,79,93.6,47.6,570,19300,24100,29200
202223,2020/2021,1 YAG,First-degree,Female,CAH23-01-03,Humanities (non-specific),720,710,2.8,1.5,690,9.8,6.7,55.7,75.3,83.5,27.8,345,13100,21000,27000
202122,2019/2020,1 YAG,First-degree,Female,CAH25-01-02,Art,2185,2165,0.5,0.8,2155,4.5,12.4,59.8,75.8,83.1,23.3,1225,10500,15000,19000
202122,2019/2020,1 YAG,First-degree,Female,CAH03-01-02,Biology (non-specific),1570,1550,0.3,1.3,1545,1.5,5.5,45.1,79.3,93,47.9,690,17900,22300,27000
202324,2019/2020,3 YAG,First-degree,Male,CAH07-04-01,Physical sciences (non-specific),55,50,0.7,2.5,50,4.6,7.2,68.6,85,88.3,19.6,35,26000,32900,40300
202324,2019/2020,3 YAG,First-degree,Male,CAH03-01-01,Biosciences (non-specific),535,515,0.9,3.3,510,4.5,6.8,64.6,80.5,88.8,24.2,325,24200,28500,35100
202324,2019/2020,3 YAG,First-degree,Male,CAH07-04-04,Natural sciences (non-specific),285,275,0.5,4.3,275,4.2,5,58.6,80.7,90.8,32.2,155,32600,41700,53400
202324,2019/2020,3 YAG,First-degree,Female,CAH17-01-04,Management studies,2380,2325,1.2,2.2,2295,4.5,7.5,78.7,86.4,88,9.2,1770,26400,33300,44700
202223,2020/2021,1 YAG,First-degree,Male,CAH17-01-01,Business and management (non-specific),4390,4325,1.8,1.5,4245,5.1,8.4,66.5,82.1,86.5,20,2720,19700,25600,33200
202324,2019/2020,3 YAG,First-degree,Female,CAH15-03-01,Politics,2925,2810,0.6,3.9,2795,5,7.8,72.9,84.4,87.2,14.3,1980,26400,31800,38400
202324,2019/2020,3 YAG,First-degree,Male,CAH05-01-01,Veterinary medicine and dentistry,200,190,0,6.5,190,1.6,3.2,79.1,92.9,95.2,16.1,140,35100,41400,46800
202122,2019/2020,1 YAG,First-degree,Male,CAH10-01-03,Production and manufacturing engineering,1020,1010,0.8,1,1000,3.9,6.1,70.4,85,90,19.5,695,21200,27000,33600
202324,2021/2022,1 YAG,First-degree,Male,CAH10-03-04,Maritime technology,55,55,0,0,55,8.9,3.5,79,81.4,87.6,8.6,45,29400,32200,36600
202122,2019/2020,1 YAG,First-degree,Male,CAH15-04-02,Childhood and youth studies,105,105,0,1.9,105,0,7.8,56.7,81,92.2,35.5,60,12800,20800,23400
202122,2019/2020,1 YAG,First-degree,Female,CAH24-01-03,Publishing,120,120,0.4,1,120,1.7,8.7,66,80.4,89.6,23.7,80,15000,19300,22300
202122,2019/2020,1 YAG,First-degree,Female,CAH17-01-03,Marketing,2175,2140,0.8,1.5,2125,2.2,7.3,75.3,87.1,90.5,15.2,1580,18200,22300,25900
202324,2021/2022,1 YAG,First-degree,Female,CAH19-04-09,Others in language and area studies,845,780,1.3,7.5,770,6.2,8.5,54,75.1,85.3,31.3,400,18700,24900,31100
202122,2019/2020,1 YAG,First-degree,Female,CAH15-04-03,Health studies,1660,1655,0.7,0.1,1645,2.2,7.9,54.2,82,90,35.7,865,12800,18600,24500
202324,2021/2022,1 YAG,First-degree,Male,CAH15-04-01,Social work,405,405,0.5,0.5,405,1.7,3,81.2,94.3,95.3,14.1,320,30700,33300,37300
202324,2019/2020,3 YAG,First-degree,Female,CAH24-01-04,Journalism,1025,1000,2.1,2.7,980,3.3,9.6,81.6,85.9,87.1,5.4,775,22700,26700,31100
202122,2019/2020,1 YAG,First-degree,Female,CAH23-01-01,"Combined, general or negotiated studies",405,390,0.5,3.4,390,5.5,7.8,56.9,78.5,86.7,29.8,210,17500,24500,32800
202324,2021/2022,1 YAG,First-degree,Female,CAH15-01-01,Social sciences (non-specific),480,475,1.2,1.2,470,3.3,7.5,61.3,82.9,89.2,27.9,280,15400,22700,29600
202223,2020/2021,1 YAG,First-degree,Female,CAH15-01-01,Social sciences (non-specific),620,610,1,1.1,605,6,7.8,59,79.8,86.2,27.2,345,15700,21900,27700
202324,2019/2020,3 YAG,First-degree,Male,CAH15-03-01,Politics,3400,3290,0.8,3.3,3265,6.2,8.3,71.2,82.5,85.5,14.2,2250,25600,31500,39900
202122,2019/2020,1 YAG,First-degree,Female,CAH15-01-02,Sociology,7050,7000,0.2,0.8,6985,1.5,6.2,56.4,86,92.4,36,3880,15000,19300,23400
202324,2019/2020,3 YAG,First-degree,Male,CAH11-01-08,Others in computing,385,375,0.6,1.7,375,5.3,7.6,83.7,86.2,87.1,3.4,310,25300,33300,42100
202324,2021/2022,1 YAG,First-degree,Female,CAH17-01-02,Business studies,4455,4360,1.2,2.1,4310,4.2,9.4,67.5,81.3,86.3,18.8,2845,20500,25600,31500
202324,2019/2020,3 YAG,First-degree,Female,CAH19-04-09,Others in language and area studies,915,845,0.7,8,835,8.4,6.6,71.9,82.4,85,13.1,580,26000,31500,38400
202122,2019/2020,1 YAG,First-degree,Male,CAH02-04-03,Community nursing,10,10,c,c,10,c,c,c,c,c,c,10,c,c,c
202122,2019/2020,1 YAG,First-degree,Female,CAH19-04-09,Others in language and area studies,915,870,0.4,4.9,870,5.5,5.6,51.3,78,88.8,37.5,430,16100,23000,27400
202122,2019/2020,1 YAG,First-degree,Female,CAH19-01-01,English studies (non-specific),2770,2730,0.3,1.5,2720,1.9,5.7,46.5,80.9,92.4,45.9,1235,15000,19700,23700
202223,2020/2021,1 YAG,First-degree,Female,CAH20-01-01,History,4310,4225,0.8,1.9,4190,2.3,5.2,47.8,82.3,92.5,44.7,1965,17500,22600,27400
202223,2020/2021,1 YAG,First-degree,Female,CAH07-04-04,Natural sciences (non-specific),310,300,0.8,3.3,300,2.7,4.1,53.5,81.7,93.2,39.7,155,21900,27700,34000
202223,2020/2021,1 YAG,First-degree,Female,CAH07-04-01,Physical sciences (non-specific),45,45,0.8,0.8,45,4.8,3.2,59.6,84.1,92,32.5,25,16100,22300,27200
202223,2020/2021,1 YAG,First-degree,Female,CAH03-01-01,Biosciences (non-specific),925,910,0.5,1.5,905,2.3,5.4,51.1,79.6,92.4,41.2,455,17500,22600,27400
202122,2019/2020,1 YAG,First-degree,Female,CAH24-01-04,Journalism,1025,1015,1.8,1.3,995,1.5,8.5,69.1,85.6,90,20.9,670,14600,19000,22600
202324,2019/2020,3 YAG,First-degree,Female,CAH07-04-04,Natural sciences (non-specific),295,280,0.5,4,280,3.8,3.1,56.9,79.5,93.1,36.2,160,30400,38400,52700
202324,2019/2020,3 YAG,First-degree,Female,CAH07-04-01,Physical sciences (non-specific),35,30,1.1,7.8,30,5.4,5.4,61.3,84.9,89.2,28,20,23900,34000,42100
202223,2020/2021,1 YAG,First-degree,Male,CAH02-02-03,Pharmacy,685,680,0.4,0.7,675,0.9,19.9,64.3,77.9,79.3,14.9,365,15700,27000,34300
202324,2019/2020,3 YAG,First-degree,Female,CAH25-01-03,Design studies,7975,7760,0.9,2.7,7690,4.6,9.8,80.1,84.3,85.6,5.4,5965,20500,25300,29600
202223,2020/2021,1 YAG,First-degree,Female,CAH15-03-01,Politics,3305,3210,0.8,2.9,3185,2.8,6.6,54.9,82.1,90.6,35.7,1705,20400,25200,29900
202223,2020/2021,1 YAG,First-degree,Male,CAH26-01-04,Environmental sciences,420,410,1.2,2.2,405,2.8,4.9,62.2,83.4,92.2,30,245,19300,24100,29200
202223,2020/2021,1 YAG,First-degree,Male,CAH25-01-05,Others in creative arts and design,100,95,1,3,95,7.3,14.6,66.1,74.5,78.2,12.1,60,14400,20400,24500
202324,2019/2020,3 YAG,First-degree,Male,CAH25-01-04,Cinematics and photography,3230,3180,0.7,1.7,3155,5.6,11.5,78,81.6,82.9,4.9,2320,17200,24200,28900
202122,2019/2020,1 YAG,First-degree,Male,CAH24-01-04,Journalism,1010,1000,0.6,0.8,995,2.3,9.5,68.2,84,88.2,20,650,13500,18200,22600
202324,2019/2020,3 YAG,First-degree,Male,CAH10-01-05,Naval architecture,15,15,0,0,15,7.7,7.7,84.6,84.6,84.6,0,10,c,c,c
202223,2020/2021,1 YAG,First-degree,Female,CAH25-01-04,Cinematics and photography,3410,3365,0.6,1.3,3345,3.1,11.7,72.1,81.5,85.2,13.1,2310,13900,19300,23400
202122,2019/2020,1 YAG,First-degree,Male,CAH20-01-01,History,3875,3820,0.3,1.4,3810,3.2,6.5,41.8,73.5,90.3,48.5,1550,14800,20100,25200
202122,2019/2020,1 YAG,First-degree,Male,CAH10-01-02,Mechanical engineering,3555,3500,1,1.5,3465,2.9,6.1,69.1,84.1,91,21.9,2355,21700,27000,32500
202122,2019/2020,1 YAG,First-degree,Female,CAH19-04-03,Italian studies,100,95,0,5.6,95,4.8,8.6,48.3,79.3,86.6,38.2,45,17200,23000,28100
202122,2019/2020,1 YAG,First-degree,Female,CAH19-04-02,German and scandinavian studies,240,225,0.4,4.9,225,6.5,5.3,49.7,80.2,88.2,38.5,110,18200,23000,27400
202122,2019/2020,1 YAG,First-degree,Female,CAH17-01-06,"Tourism, transport and travel",2465,2440,0.9,1,2420,1.9,8.2,69.5,86.2,89.8,20.3,1645,15700,19700,23400
202122,2019/2020,1 YAG,First-degree,Male,CAH24-01-05,Media studies,1790,1770,0.8,1.1,1755,2.9,11.9,64.5,77.8,85.2,20.7,1100,12000,17200,21500
202122,2019/2020,1 YAG,First-degree,Female,CAH15-03-01,Politics,2925,2875,0.4,1.7,2860,3.4,6.6,51.5,80.2,89.9,38.4,1440,17200,22600,27400
202324,2019/2020,3 YAG,First-degree,Male,CAH20-02-01,Philosophy,1000,960,0.4,4.2,955,5.6,10,63.4,78,84.4,21,590,24200,31100,41400
202122,2019/2020,1 YAG,First-degree,Male,CAH10-01-07,Civil engineering,1845,1830,0.9,0.8,1815,2.7,4.2,71.9,88,93.1,21.3,1270,24500,28100,32800
202122,2019/2020,1 YAG,First-degree,Male,CAH25-01-04,Cinematics and photography,3230,3200,0.6,1,3180,4,13.4,70.8,78.2,82.5,11.7,2100,12000,17200,21500
202324,2019/2020,3 YAG,First-degree,Female,CAH20-01-05,Classics,495,480,0.1,3.6,480,3.2,5,68.9,86.6,91.8,22.9,325,23100,28900,34800
202324,2019/2020,3 YAG,First-degree,Male,CAH25-02-02,Music,3600,3540,3.1,1.6,3430,4.8,10,75.7,83,85.2,9.5,2385,16200,23400,29300
202122,2019/2020,1 YAG,First-degree,Male,CAH03-01-02,Biology (non-specific),995,980,0.3,1.5,975,3.2,7.3,45.3,74.3,89.5,44.2,435,16400,22300,26600
202223,2020/2021,1 YAG,First-degree,Female,CAH19-04-04,Iberian studies,605,565,0.5,6.9,560,4.3,6,60.2,82.6,89.8,29.6,330,20100,24800,29600
202324,2019/2020,3 YAG,First-degree,Female,CAH06-01-03,Agriculture,330,320,0,2.1,320,4.9,5,76.9,89.3,90.1,13.2,240,22700,28200,35100
202324,2019/2020,3 YAG,First-degree,Female,CAH25-01-05,Others in creative arts and design,410,400,1,2.3,395,5.9,11.3,74.9,81,82.8,7.8,280,18200,23100,28200
202324,2019/2020,3 YAG,First-degree,Male,CAH01-01-04,Dentistry,315,310,0.3,1.3,310,3.2,2.3,83.2,91.6,94.5,11.3,220,45300,60600,77900
202122,2019/2020,1 YAG,First-degree,Female,CAH19-04-01,French studies,575,545,0.2,5.1,545,4.7,5.3,50.8,81.6,90,39.3,265,17500,22300,27000
202122,2019/2020,1 YAG,First-degree,Female,CAH19-04-04,Iberian studies,625,600,0.4,4.3,600,4.5,5.8,56,82.6,89.7,33.7,325,17900,22300,26300
202122,2019/2020,1 YAG,First-degree,Female,CAH07-01-01,Physics,650,640,0.5,2,635,2.9,3.3,46.1,80.7,93.8,47.7,290,21500,27700,33200
202122,2019/2020,1 YAG,First-degree,Male,CAH25-01-02,Art,575,570,1.4,1,560,5,17.5,59,71.2,77.5,18.5,300,10600,15300,20100
202324,2021/2022,1 YAG,First-degree,Male,CAH03-01-02,Biology (non-specific),825,810,0.5,1.9,805,4.9,8.9,50.5,71.9,86.1,35.6,395,18700,24200,27400
202324,2019/2020,3 YAG,First-degree,Male,CAH25-02-01,Performing arts (non-specific),150,145,0,1.3,145,3.4,11.4,79.3,83.9,85.2,5.9,110,13500,20900,27400
202324,2019/2020,3 YAG,First-degree,Male,CAH24-01-05,Media studies,1790,1750,1.1,2.1,1730,5.2,11.3,76.5,81.5,83.5,7,1290,19400,24500,29600
202122,2019/2020,1 YAG,First-degree,Female,CAH25-01-04,Cinematics and photography,3240,3210,0.5,0.9,3195,3.2,11,71.1,82,85.8,14.7,2165,11700,16400,20800
202122,2019/2020,1 YAG,First-degree,Male,CAH20-02-01,Philosophy,1000,985,0.4,1.9,980,3.4,7.2,43.6,71.9,89.4,45.8,415,14600,21200,27400
202223,2020/2021,1 YAG,First-degree,Male,CAH07-02-01,Chemistry,1775,1730,0.7,2.4,1720,2.9,6.3,55.1,79.6,90.7,35.7,935,21900,25900,30700
202122,2019/2020,1 YAG,First-degree,Female,CAH03-02-01,Sport and exercise sciences,2895,2865,0.2,1,2855,1.1,3.8,52.1,88.7,95.1,43,1435,14200,18200,22300
202324,2019/2020,3 YAG,First-degree,Female,CAH24-01-05,Media studies,2310,2245,0.9,2.9,2220,3.1,9.2,80.7,85.6,87.7,6.9,1755,21600,26000,30400
202324,2019/2020,3 YAG,First-degree,Male,CAH10-01-03,Production and manufacturing engineering,1020,1005,0.8,1.6,995,4.1,5.4,81.3,89,90.6,9.2,800,28900,37000,46500
202122,2019/2020,1 YAG,First-degree,Male,CAH07-01-01,Physics,2240,2200,0.2,1.7,2200,4.3,5.8,48.8,75.2,89.8,41,1045,19700,26300,31800
202223,2020/2021,1 YAG,First-degree,Male,CAH19-04-02,German and scandinavian studies,115,105,0.8,8,105,6.5,8.2,57.6,73.2,85.4,27.8,60,20100,26600,33900
202324,2019/2020,3 YAG,First-degree,Male,CAH10-01-02,Mechanical engineering,3555,3465,1.1,2.5,3425,3.6,6.2,80.4,88.1,90.2,9.8,2720,30700,37000,45400
202122,2019/2020,1 YAG,First-degree,Male,CAH17-01-07,Finance,1955,1945,0.5,0.6,1935,3.9,7.8,60.8,82.5,88.2,27.5,1155,17500,21900,27700
202122,2019/2020,1 YAG,First-degree,Male,CAH09-01-01,Mathematics,3800,3755,0.4,1.2,3740,4.4,7,52.2,77.5,88.6,36.4,1915,19000,25200,32500
202122,2019/2020,1 YAG,First-degree,Male,CAH02-05-04,"Anatomy, physiology and pathology",260,260,0.1,0.4,260,1.1,5.4,34.6,71.4,93.5,58.9,85,16400,23000,27700
202122,2019/2020,1 YAG,First-degree,Male,CAH26-01-03,Human geography,930,915,0.5,1.4,910,2.2,4.7,50.9,83.2,93.1,42.1,460,17900,23000,28100
202223,2020/2021,1 YAG,First-degree,Female,CAH26-01-06,Earth sciences,460,450,1,3,445,3.9,6.3,49.3,78.7,89.8,40.4,215,20400,24800,29600
202223,2020/2021,1 YAG,First-degree,Female,CAH03-01-08,"Molecular biology, biophysics and biochemistry",1250,1225,0.9,1.8,1215,2.5,5,45.6,77.1,92.5,46.8,545,20800,25900,31000
202324,2019/2020,3 YAG,First-degree,Female,CAH17-01-01,Business and management (non-specific),2850,2775,1.5,2.5,2735,6.2,9.2,74.8,82.5,84.6,9.8,1995,23400,29300,38100
202324,2021/2022,1 YAG,First-degree,Male,CAH03-02-01,Sport and exercise sciences,4985,4915,0.6,1.4,4885,3.1,6.5,60,83.6,90.4,30.3,2840,16100,22000,26400
202223,2020/2021,1 YAG,First-degree,Female,CAH20-02-01,Philosophy,1135,1095,1,3.3,1085,2,7.5,49.4,79.3,90.6,41.2,520,17500,22600,28100
202122,2019/2020,1 YAG,First-degree,Female,CAH25-02-02,Music,2375,2350,2.6,1.1,2290,2,7.4,62,84.5,90.6,28.6,1310,11700,16100,20100
202324,2019/2020,3 YAG,First-degree,Female,CAH03-02-01,Sport and exercise sciences,2895,2805,0.4,3,2795,2.9,5.1,72.6,89.4,92,19.4,1980,22000,27400,31100
202122,2019/2020,1 YAG,First-degree,Female,CAH19-01-03,Literature in English,2430,2405,0.4,1.1,2395,2.1,5.6,48.3,82.5,92.3,44,1125,13900,19000,23000
202122,2019/2020,1 YAG,First-degree,Female,CAH25-02-03,Drama,3100,3080,0.8,0.6,3060,1.9,7.5,68.7,86.2,90.6,21.9,1960,11700,16100,20100
202122,2019/2020,1 YAG,First-degree,Male,CAH11-01-01,Computer science,6195,6140,0.7,0.9,6095,4.4,8.6,72.4,82,87,14.6,4335,20800,27000,35400
202122,2019/2020,1 YAG,First-degree,Female,CAH26-01-01,Geography (non-specific),735,725,0,1.9,725,0.9,3,52,86.8,96.1,44.1,370,16800,21500,25200
202324,2019/2020,3 YAG,First-degree,Female,CAH02-02-03,Pharmacy,1420,1400,0.6,1.3,1395,4.1,4.9,47.4,87.7,91,43.6,610,20100,37700,47200
202324,2021/2022,1 YAG,First-degree,Female,CAH20-02-01,Philosophy,1020,985,0.6,3.5,975,3,7.8,53.8,78.2,89.2,35.4,515,18700,24500,29300
202223,2020/2021,1 YAG,First-degree,Female,CAH25-02-03,Drama,3125,3095,0.5,1.1,3075,2,9.1,70.8,85.4,88.9,18.1,1995,12800,18200,23000
202223,2020/2021,1 YAG,First-degree,Female,CAH19-01-05,Creative writing,910,900,0.7,1,895,4.9,11.5,50.7,73.7,83.6,32.9,440,13900,18600,23000
202223,2020/2021,1 YAG,First-degree,Male,CAH17-01-08,Accounting,3015,2995,1.3,0.7,2955,3.6,7.9,62.3,84.5,88.4,26.2,1800,19700,23700,29200
202223,2020/2021,1 YAG,First-degree,Male,CAH17-01-07,Finance,2355,2325,1.2,1.1,2300,4.1,8.4,64.3,83.4,87.5,23.2,1450,20500,25200,31000
202324,2021/2022,1 YAG,First-degree,Male,CAH19-01-05,Creative writing,390,390,0.8,0.8,385,4.8,13.8,52.2,69.3,81.3,29.2,190,12400,19800,24900
202324,2021/2022,1 YAG,First-degree,Male,CAH19-01-03,Literature in English,510,500,0.4,1.5,500,3.7,8.6,49.4,73.9,87.7,38.3,235,15700,22300,27400
202324,2019/2020,3 YAG,First-degree,Male,CAH10-01-06,"Bioengineering, medical and biomedical engineering",230,230,0.6,0.7,230,5.6,8.7,65.7,80.5,85.7,20,150,27400,34800,42800
202122,2019/2020,1 YAG,First-degree,Female,CAH20-01-01,History,4070,4020,0.3,1.3,4005,2.1,5,44.4,80.2,92.9,48.5,1740,16100,20400,25400
202324,2019/2020,3 YAG,First-degree,Male,CAH19-01-03,Literature in English,570,555,0.5,3.2,550,3.9,8.6,73.7,83.9,87.6,13.8,390,20900,26400,31100
202324,2019/2020,3 YAG,First-degree,Male,CAH26-01-06,Earth sciences,705,670,0.9,4.9,660,8,5.8,70,81.7,86.3,16.3,460,25600,31100,39500
202223,2020/2021,1 YAG,First-degree,Female,CAH03-01-03,Ecology and environmental biology,490,480,0.4,2.1,475,2.4,9,52.1,78.6,88.6,36.5,245,13100,19700,23400
202324,2019/2020,3 YAG,First-degree,Male,CAH17-01-08,Accounting,2760,2730,0.8,1.1,2705,3.9,6.9,74.4,87.9,89.2,14.8,1980,24500,30400,39200
202122,2019/2020,1 YAG,First-degree,Female,CAH19-04-08,American and australasian studies,255,245,0,3.3,245,1.6,4.6,56.6,86.1,93.8,37.2,135,15700,19000,23000
202324,2019/2020,3 YAG,First-degree,Male,CAH02-05-04,"Anatomy, physiology and pathology",260,255,1.3,2.5,250,3,4.8,59.4,84.2,92.2,32.7,145,25300,34800,42800
202324,2019/2020,3 YAG,First-degree,Male,CAH02-02-01,Pharmacology,220,215,1.2,2.4,215,3.9,7.2,62.8,79.5,88.9,26.1,130,25600,31800,39500
202324,2019/2020,3 YAG,First-degree,Female,CAH17-01-03,Marketing,2175,2110,1,3,2085,4.3,8,83.3,86.7,87.8,4.4,1715,24900,29600,35900
202122,2019/2020,1 YAG,First-degree,Female,CAH04-01-05,Others in psychology,240,235,1.1,1,235,4.5,4.7,50.7,81.7,90.7,40.1,115,15700,20100,23000
202122,2019/2020,1 YAG,First-degree,Male,CAH17-01-01,Business and management (non-specific),3455,3420,1.3,1,3380,3.9,8,65.9,82.4,88.1,22.2,2155,16400,22300,28500
202324,2021/2022,1 YAG,First-degree,Female,CAH25-02-02,Music,2395,2340,0.3,2.2,2335,3.3,9.1,66.7,84,87.6,20.9,1415,13100,19000,23800
202324,2021/2022,1 YAG,First-degree,Male,CAH07-02-01,Chemistry,1560,1525,0.8,2.3,1515,3.5,6.8,55.1,78.9,89.7,34.7,825,22700,27100,31800
202223,2020/2021,1 YAG,First-degree,Male,CAH25-02-03,Drama,1410,1390,1.4,1.3,1370,2,9.8,71.7,83.6,88.2,16.5,895,13100,18200,23200
202223,2020/2021,1 YAG,First-degree,Female,CAH17-01-08,Accounting,1900,1875,0.8,1.2,1860,2.5,6.5,63.5,87.4,91,27.4,1165,20200,24100,29200
202122,2019/2020,1 YAG,First-degree,Female,CAH26-01-03,Human geography,1280,1260,0.4,1.6,1255,1,4.5,50,87.5,94.6,44.6,620,18600,23000,27400
202122,2019/2020,1 YAG,First-degree,Female,CAH11-01-06,Computer games and animation,400,395,0.8,1.3,390,4.9,16.3,62.4,70.7,78.9,16.5,235,11700,17900,24500
202122,2019/2020,1 YAG,First-degree,Female,CAH15-02-01,Economics,1855,1830,0.6,1.3,1820,2.4,4.2,58.1,86.2,93.4,35.3,1045,22300,28500,34700
202324,2021/2022,1 YAG,First-degree,Male,CAH06-01-03,Agriculture,295,280,0.5,5.3,280,10.6,8.6,67.1,77,80.9,13.8,180,20500,26400,32600
202223,2020/2021,1 YAG,First-degree,Male,CAH26-01-03,Human geography,905,875,0.7,3.2,870,2.4,6.5,52.3,81.9,91.2,38.9,450,20100,25200,31400
202324,2021/2022,1 YAG,First-degree,Male,CAH20-02-01,Philosophy,970,950,0.5,2.2,945,6,10.1,47,69.3,83.9,36.9,430,17200,24500,32600
202324,2021/2022,1 YAG,First-degree,Male,CAH15-03-01,Politics,3035,2960,0.7,2.5,2935,5.4,8.1,54.2,75.6,86.4,32.3,1530,20500,26000,32600
202324,2021/2022,1 YAG,First-degree,Male,CAH15-02-01,Economics,5095,4985,0.7,2.2,4950,4.1,7.8,59.6,81.4,88.1,28.4,2905,23800,30400,38800
202324,2019/2020,3 YAG,First-degree,Male,CAH17-01-07,Finance,1955,1935,0.9,1.2,1915,5.4,8,74.2,85.1,86.6,12.3,1395,25300,31800,42500
202223,2020/2021,1 YAG,First-degree,Female,CAH25-01-03,Design studies,8090,7965,0.8,1.6,7900,3.2,10.3,75.6,83.6,86.5,10.9,5780,15700,20800,24500
202324,2019/2020,3 YAG,First-degree,Female,CAH06-01-07,Food sciences,150,145,1.1,2.3,145,2.7,5.6,80.4,89.5,91.7,11.3,115,24900,30400,35500
202122,2019/2020,1 YAG,First-degree,Male,CAH11-01-04,Software engineering,1115,1100,0.2,1.4,1095,4.9,6.8,76,85.3,88.3,12.4,820,20100,25200,31800
202223,2020/2021,1 YAG,First-degree,Female,CAH11-01-01,Computer science,1115,1095,2.5,1.9,1065,4.7,7.9,69.8,82.9,87.4,17.6,730,23700,31400,41200
202223,2020/2021,1 YAG,First-degree,Female,CAH26-01-03,Human geography,1310,1270,1,3.2,1255,1.4,6.7,53.2,83.9,91.9,38.7,660,20400,24800,29200
202324,2021/2022,1 YAG,First-degree,Male,CAH17-01-03,Marketing,1620,1580,0.8,2.4,1570,5.3,10.7,75.1,81.2,83.9,8.8,1155,20500,24900,29300
202223,2020/2021,1 YAG,First-degree,Female,CAH17-01-05,Human resource management,545,540,1.2,1.2,530,3.3,6,72.5,88.1,90.8,18.2,380,20800,24800,29200
202324,2021/2022,1 YAG,First-degree,Female,CAH17-01-03,Marketing,2190,2140,1.1,2.2,2115,3.6,9.7,78,84.5,86.7,8.8,1630,21600,24900,29300
202324,2021/2022,1 YAG,First-degree,Female,CAH24-01-02,Publicity studies,140,135,0.3,2.1,135,3.3,10.8,79.6,84.7,85.9,6.3,105,22300,24500,27100
202324,2021/2022,1 YAG,First-degree,Female,CAH04-01-04,Psychology and health,190,190,0.5,0.6,190,2.3,6.2,56,84.2,91.5,35.5,105,18300,22300,27100
202324,2021/2022,1 YAG,First-degree,Female,CAH07-02-01,Chemistry,1315,1285,0.5,2.1,1280,2.9,5.5,53.9,81.9,91.6,37.7,680,22700,27100,32600
202324,2021/2022,1 YAG,First-degree,Female,CAH25-01-04,Cinematics and photography,3070,3015,0.6,1.8,2995,3.7,13,71,79.7,83.3,12.3,2060,13200,19400,24200
202223,2020/2021,1 YAG,First-degree,Female,CAH15-02-01,Economics,2110,2070,1.1,2,2050,2.9,5,61.5,87.8,92.1,30.6,1235,23700,30300,39100
202324,2021/2022,1 YAG,First-degree,Male,CAH09-01-01,Mathematics,3365,3285,0.8,2.4,3260,5,7.3,54.6,78.1,87.8,33.2,1740,23800,30400,37700
202324,2021/2022,1 YAG,First-degree,Female,CAH16-01-01,Law,9815,9675,0.4,1.4,9640,2.1,6.1,45.7,81.1,91.8,46.1,4345,19800,23400,27900
202223,2020/2021,1 YAG,First-degree,Female,CAH20-01-05,Classics,625,610,1.1,2.2,600,3.9,6.8,41.8,76.2,89.3,47.5,245,18600,22600,29600
202324,2021/2022,1 YAG,First-degree,Male,CAH19-04-08,American and australasian studies,95,90,0,4.3,90,5.8,11.3,53.2,73.6,82.9,29.7,45,14600,21200,27100
202223,2020/2021,1 YAG,First-degree,Female,CAH17-01-07,Finance,1260,1250,1.2,1.1,1235,2.9,6.2,65.1,87.5,90.9,25.8,795,20100,24500,29900
202223,2020/2021,1 YAG,First-degree,Female,CAH03-01-02,Biology (non-specific),1535,1500,0.7,2.2,1490,2.1,5.8,48.9,79.7,92.1,43.1,720,19700,23700,28100
202122,2019/2020,1 YAG,First-degree,Male,CAH19-04-08,American and australasian studies,145,145,0.3,2.3,145,2.1,6.5,49.4,78,91.4,42,65,12400,18600,24100
202223,2020/2021,1 YAG,First-degree,Female,CAH02-05-04,"Anatomy, physiology and pathology",555,545,0.5,1.8,540,2,5.4,40.6,76.3,92.7,52.1,215,19000,24500,30300
202324,2021/2022,1 YAG,First-degree,Female,CAH24-01-03,Publishing,135,130,0,1,130,3.5,9.7,73.8,82.8,86.8,12.9,95,20500,23800,26700
202223,2020/2021,1 YAG,First-degree,Male,CAH04-01-02,Applied psychology,245,240,0.1,1.8,240,2,8.2,49.6,81.6,89.8,40.2,115,15700,21500,25900
202223,2020/2021,1 YAG,First-degree,Female,CAH25-02-04,Dance,970,945,0.6,2.3,940,1.9,8.1,69.1,87,90.1,21,585,12400,16800,21500
202223,2020/2021,1 YAG,First-degree,Female,CAH02-06-02,Nutrition and dietetics,775,765,1,1.1,760,3.9,5.9,64.8,83.6,90.1,25.4,480,19700,24500,28500
202223,2020/2021,1 YAG,First-degree,Male,CAH03-01-02,Biology (non-specific),890,875,1,1.6,870,3.5,7.8,48.1,74.6,88.7,40.6,410,18600,23000,28500
202324,2021/2022,1 YAG,First-degree,Male,CAH19-04-07,African and modern middle eastern studies,55,55,1.2,4.5,50,4.7,13.5,49.9,66.9,81.8,31.9,25,19400,29600,35500
202324,2021/2022,1 YAG,First-degree,Female,CAH24-01-04,Journalism,795,775,0.5,2,775,3.2,10.3,72.9,82.3,86.5,13.7,555,17900,22700,26400
202324,2021/2022,1 YAG,First-degree,Male,CAH11-01-08,Others in computing,310,310,0.6,0.6,310,4.4,8.8,78.5,84.1,86.8,8.3,235,22000,26400,32200
202324,2021/2022,1 YAG,First-degree,Female,CAH15-01-04,Anthropology,495,475,0,3.3,475,3.5,7.7,53.5,75.8,88.8,35.3,250,17600,23400,27800
202324,2021/2022,1 YAG,First-degree,Female,CAH26-01-03,Human geography,1070,1025,0.2,4.2,1020,2.7,6.7,55.4,82.2,90.6,35.2,555,20100,25300,30000
202223,2020/2021,1 YAG,First-degree,Female,CAH25-02-02,Music,2480,2435,1.4,2,2400,2.3,8.5,63.6,83.9,89.2,25.6,1395,12600,17900,23000
202324,2021/2022,1 YAG,First-degree,Female,CAH10-01-08,Electrical and electronic engineering,245,240,2,2.2,235,3.3,9.5,72.5,83.1,87.2,14.7,170,28500,33300,40600
202324,2021/2022,1 YAG,First-degree,Male,CAH13-01-01,Architecture,1230,1205,0.5,2.2,1200,3.8,10.5,55,76.1,85.7,30.7,645,19500,23400,27400
202324,2021/2022,1 YAG,First-degree,Male,CAH02-05-03,Biomedical sciences (non-specific),1895,1865,0.5,1.5,1855,3.1,7.2,50.4,75,89.7,39.2,925,19400,24200,28900
202223,2020/2021,1 YAG,First-degree,Male,CAH11-01-02,Information technology,800,795,0.5,0.9,790,5.6,8.1,68.6,81.8,86.2,17.6,525,21900,28500,39400
202223,2020/2021,1 YAG,First-degree,Male,CAH11-01-07,Business computing,370,370,1.1,0.6,365,3.4,9.1,74.1,83.7,87.5,13.4,270,21900,26300,32800
202223,2020/2021,1 YAG,First-degree,Female,CAH02-06-07,"Counselling, psychotherapy and occupational therapy",1720,1705,0.9,0.8,1690,1.9,5,79,91,93,14,1280,19300,24800,27200
202324,2021/2022,1 YAG,First-degree,Female,CAH03-02-01,Sport and exercise sciences,2680,2630,0.3,1.8,2620,1.4,4.6,54.2,86.6,93.9,39.7,1375,16800,22300,26400
202324,2021/2022,1 YAG,First-degree,Female,CAH06-01-03,Agriculture,340,330,1.2,3.4,325,2.6,6.3,75.5,88.5,91.1,15.6,235,18300,23800,27100
202324,2021/2022,1 YAG,First-degree,Female,CAH19-01-07,Linguistics,355,345,0.3,3.3,345,2.7,7.5,52.3,79.4,89.8,37.6,175,16500,22000,26000
202324,2021/2022,1 YAG,First-degree,Female,CAH02-05-01,Medical technology,915,915,0.3,0.1,910,2.8,3.7,81.5,91.7,93.5,12,740,30000,33300,38400
202324,2021/2022,1 YAG,First-degree,Female,CAH26-01-01,Geography (non-specific),535,520,0.2,3,515,2.1,8.5,51.3,81.1,89.4,38.1,265,19800,24500,28900
202324,2021/2022,1 YAG,First-degree,Male,CAH11-01-06,Computer games and animation,1840,1830,0.5,0.6,1820,7.3,15.4,63.6,71,77.4,13.8,1125,14600,22000,26400
202324,2021/2022,1 YAG,First-degree,Male,CAH26-01-06,Earth sciences,555,520,0.7,5.8,515,6.4,6.5,53.5,74.2,87.1,33.6,275,22300,26700,31500
202324,2021/2022,1 YAG,First-degree,Female,CAH01-01-01,Medical sciences (non-specific),255,250,0.4,1.4,250,1.2,4,20,60.7,94.8,74.8,50,20500,27100,31800
202324,2021/2022,1 YAG,First-degree,Male,CAH03-01-08,"Molecular biology, biophysics and biochemistry",835,825,0.5,1.4,820,3.9,6.1,46.9,72.7,90,43.1,375,21200,26000,31100
202324,2021/2022,1 YAG,First-degree,Male,CAH10-01-01,Engineering (non-specific),1265,1240,1.8,2,1220,6,4.6,75.3,86.7,89.4,14.1,905,30000,38400,51200
202324,2019/2020,3 YAG,First-degree,Female,CAH15-01-03,Social policy,765,755,0.6,1.6,750,2.7,8.4,69.7,86.2,88.9,19.2,510,21600,27400,32900
202122,2019/2020,1 YAG,First-degree,Male,CAH07-04-04,Natural sciences (non-specific),285,275,0.5,3.4,275,3.5,1.9,50.5,81.7,94.6,44,135,24100,29600,36500
202324,2019/2020,3 YAG,First-degree,Female,CAH15-01-04,Anthropology,605,570,0.5,6,565,6.2,7.6,68.1,81.2,86.2,18,370,24200,28500,37000
202324,2019/2020,3 YAG,First-degree,Female,CAH10-01-03,Production and manufacturing engineering,150,140,0,5.3,140,3.5,3.9,77.3,91.6,92.6,15.3,110,28900,37700,45400
202122,2019/2020,1 YAG,First-degree,Male,CAH03-01-08,"Molecular biology, biophysics and biochemistry",855,840,0.7,1.9,830,3.1,5.5,43.9,72.1,91.4,47.5,355,17500,23400,28800
202223,2020/2021,1 YAG,First-degree,Male,CAH19-04-01,French studies,220,210,0.6,4.6,210,5.7,9.3,55.6,75.1,85,29.4,110,19300,25900,33600
202324,2021/2022,1 YAG,First-degree,Female,CAH15-03-01,Politics,2790,2715,0.6,2.7,2700,3.7,8.1,56.2,79.4,88.1,32,1475,20500,25600,31500
202324,2021/2022,1 YAG,First-degree,Male,CAH15-01-03,Social policy,290,285,0.2,2.3,280,2.8,6.9,65,85.1,90.2,25.2,180,20100,25600,31500
202324,2019/2020,3 YAG,First-degree,Male,CAH22-01-02,Teacher training,640,625,0.4,2.8,620,4.9,4.7,84.8,90.1,90.4,5.6,520,25300,30000,32200
202324,2019/2020,3 YAG,First-degree,Male,CAH19-01-01,English studies (non-specific),770,750,0.7,2.6,745,5.8,9.1,69.9,79.6,85.1,15.2,510,22000,27400,31900
202122,2019/2020,1 YAG,First-degree,Male,CAH01-01-04,Dentistry,315,310,0.6,1,310,1,3.9,89,93.9,95.1,6.1,125,34200,40900,48900
202324,2019/2020,3 YAG,First-degree,Male,CAH03-01-06,Zoology,320,310,1.6,2.3,305,4.2,7.6,70.7,81.9,88.2,17.5,215,21600,24900,29300
202122,2019/2020,1 YAG,First-degree,Male,CAH10-01-09,"Chemical, process and energy engineering",1250,1235,0.5,1.2,1230,2.7,7,63.4,82.2,90.3,26.9,775,22300,27700,33200
202122,2019/2020,1 YAG,First-degree,Male,CAH02-02-03,Pharmacy,745,735,0.4,0.9,735,0.9,18.8,63.5,77.8,80.4,16.9,400,18600,27400,31800
202223,2020/2021,1 YAG,First-degree,Female,CAH05-01-02,Others in veterinary sciences,280,275,0.7,2.5,270,1.2,3.6,84.1,92.7,95.2,11.1,225,21900,24100,26600
202223,2020/2021,1 YAG,First-degree,Female,CAH03-01-06,Zoology,775,755,0.5,2.6,750,2.1,9.2,56.6,80.7,88.7,32,415,15300,19700,23400
202122,2019/2020,1 YAG,First-degree,Female,CAH10-01-08,Electrical and electronic engineering,225,220,1.7,1.1,220,2.4,7.8,68.3,88.4,89.8,21.5,145,27000,31400,37600
202324,2019/2020,3 YAG,First-degree,Male,CAH17-01-02,Business studies,5215,5100,1.3,2.3,5030,7,9.2,75.7,82.4,83.8,8.1,3660,23800,30400,39900
202223,2020/2021,1 YAG,First-degree,Female,CAH19-04-01,French studies,565,525,0.6,6.6,525,4.3,5.8,57.5,81.5,89.9,32.4,295,20100,25200,29900
202122,2019/2020,1 YAG,First-degree,Male,CAH07-02-01,Chemistry,1930,1900,0.5,1.5,1890,3.3,5.8,51.7,77.1,90.9,39.1,960,19300,24100,29600
202223,2020/2021,1 YAG,First-degree,Female,CAH11-01-04,Software engineering,175,170,2.5,0.9,165,4,1.7,82.2,89.9,94.2,12.1,135,24500,30300,39800
202122,2019/2020,1 YAG,First-degree,Female,CAH13-01-01,Architecture,1040,1030,0.9,1.2,1020,3.1,7.5,55.8,78.2,89.4,33.6,545,16100,20100,23000
202324,2019/2020,3 YAG,First-degree,Male,CAH06-01-04,Rural estate management,20,20,0,10.9,20,0,5.2,86.1,92.2,94.8,8.7,15,25100,28000,39900
202324,2019/2020,3 YAG,First-degree,Male,CAH03-01-03,Ecology and environmental biology,320,305,0.6,5.1,305,5.5,10.6,71.5,79.8,83.9,12.4,210,22000,26400,30400
202324,2019/2020,3 YAG,First-degree,Female,CAH17-01-06,"Tourism, transport and travel",2465,2395,1,2.9,2370,3.8,9,80.2,86.1,87.2,7,1855,21600,26400,31100
202324,2019/2020,3 YAG,First-degree,Female,CAH11-01-01,Computer science,865,850,1.1,1.5,840,3.8,9.8,79.9,85.6,86.5,6.6,665,26700,37700,50900
202324,2019/2020,3 YAG,First-degree,Female,CAH03-01-08,"Molecular biology, biophysics and biochemistry",1260,1235,0.4,2,1230,3.2,5.2,60,81.8,91.6,31.6,735,26400,32200,39200
202223,2020/2021,1 YAG,First-degree,Female,CAH19-04-06,Asian studies,310,270,0.6,13.4,270,5.2,12.1,52.9,74.2,82.7,29.8,135,17200,21900,28100
202122,2019/2020,1 YAG,First-degree,Male,CAH10-01-04,Aeronautical and aerospace engineering,1310,1295,0.6,1.1,1285,4,7.4,65.5,81.5,88.5,23.1,825,19700,26300,30700
202223,2020/2021,1 YAG,First-degree,Female,CAH01-01-02,Medicine (non-specific),3270,3230,0.4,1.2,3220,10.6,13.3,56.2,67.7,76,19.8,1805,37600,40500,44200
202324,2019/2020,3 YAG,First-degree,Male,CAH10-01-08,Electrical and electronic engineering,1890,1860,0.9,1.8,1840,4.2,5.5,80.9,87.8,90.3,9.4,1470,31800,40300,50500
202324,2019/2020,3 YAG,First-degree,Male,CAH10-01-09,"Chemical, process and energy engineering",1250,1220,0.7,2.2,1210,4.2,5.8,76.9,86.2,90,13.1,925,32200,39200,47900
202122,2019/2020,1 YAG,First-degree,Female,CAH03-01-03,Ecology and environmental biology,485,470,0.2,3,470,1.6,9.1,52.1,79.1,89.3,37.1,235,12800,18200,22600
202324,2019/2020,3 YAG,First-degree,Female,CAH19-01-02,English language,600,585,0.9,3,580,5.2,6.6,71.9,84,88.2,16.3,415,23100,27800,30700
202324,2019/2020,3 YAG,First-degree,Female,CAH24-01-03,Publishing,120,120,0.4,2.1,120,1.8,10.7,79.2,83.7,87.5,8.3,90,22700,26400,31100
202223,2020/2021,1 YAG,First-degree,Female,CAH10-01-09,"Chemical, process and energy engineering",470,460,0.4,2.1,460,3.3,3.5,71.4,88.5,93.3,21.9,325,26300,31400,36100
202122,2019/2020,1 YAG,First-degree,Female,CAH06-01-07,Food sciences,150,150,1.1,1.6,145,1.3,5.2,76.2,91.1,93.5,17.3,110,19300,23400,25900
202122,2019/2020,1 YAG,First-degree,Male,CAH17-01-03,Marketing,1570,1555,0.8,0.9,1545,3.8,9.4,72.4,84.2,86.9,14.5,1090,17500,21500,26300
202223,2020/2021,1 YAG,First-degree,Male,CAH15-04-03,Health studies,295,290,2.1,0.8,285,1.8,5.4,44.8,84.2,92.8,48.1,125,16800,26000,36100
202122,2019/2020,1 YAG,First-degree,Female,CAH10-01-09,"Chemical, process and energy engineering",395,385,0.5,2.6,380,4.4,3.1,70.9,89.2,92.6,21.7,270,26300,30700,34700
202324,2019/2020,3 YAG,First-degree,Female,CAH10-01-02,Mechanical engineering,445,435,1.4,2.6,430,3.5,5.3,74.7,89.1,91.2,16.5,320,32200,38800,45400
202324,2019/2020,3 YAG,First-degree,Female,CAH17-01-02,Business studies,4520,4435,0.9,1.9,4395,5.3,9.4,75.2,83,85.3,10.1,3220,23400,29300,37300
202223,2020/2021,1 YAG,First-degree,Female,CAH17-01-06,"Tourism, transport and travel",2615,2525,0.9,3.4,2505,2.6,8,72,85.5,89.4,17.4,1760,18600,23000,26600
202324,2019/2020,3 YAG,First-degree,Male,CAH17-01-03,Marketing,1570,1530,1,2.7,1510,5.6,8.9,82.3,84.8,85.5,3.1,1220,24900,29600,37000
202324,2019/2020,3 YAG,First-degree,Female,CAH03-01-02,Biology (non-specific),1570,1520,0.3,3,1520,2.9,6,61.5,82.9,91.1,29.5,910,24500,29600,35500
202324,2019/2020,3 YAG,First-degree,Male,CAH19-04-04,Iberian studies,255,230,0.9,10,230,9.7,6.5,71.2,81.1,83.8,12.6,160,26400,34000,46500
202324,2019/2020,3 YAG,First-degree,Male,CAH19-04-01,French studies,240,225,0.4,6.5,225,5.2,4.2,75.8,87.5,90.7,14.9,160,26700,32900,42800
202324,2019/2020,3 YAG,First-degree,Male,CAH19-04-02,German and scandinavian studies,125,115,0,8.5,115,10.4,7.8,62.8,80.1,81.8,19,70,27100,32600,40600
202324,2019/2020,3 YAG,First-degree,Female,CAH25-02-04,Dance,900,890,0.8,1.2,885,3.3,7.6,80.6,87.7,89.1,8.5,660,14600,22300,27400
202122,2019/2020,1 YAG,First-degree,Female,CAH26-01-04,Environmental sciences,380,380,0.8,1,375,2.9,3.8,50.6,84.4,93.4,42.7,185,16100,20400,24800
202324,2019/2020,3 YAG,First-degree,Female,CAH19-01-07,Linguistics,455,440,0.7,3.6,435,3.8,6.7,66.6,83.9,89.5,22.9,285,23100,27800,32200
202324,2019/2020,3 YAG,First-degree,Female,CAH17-01-07,Finance,990,970,1.4,2,955,4.2,8.3,72.3,85.7,87.6,15.3,680,24500,30700,39500
202223,2020/2021,1 YAG,First-degree,Female,CAH25-01-02,Art,2130,2095,0.8,1.7,2075,3.7,11.4,62.9,78.6,84.8,21.9,1240,12400,17500,21500
202324,2019/2020,3 YAG,First-degree,Male,CAH26-01-01,Geography (non-specific),540,520,0.9,3.5,515,3.6,6.1,79.2,89.1,90.3,11.1,405,26000,30400,35900
202223,2020/2021,1 YAG,First-degree,Female,CAH19-01-01,English studies (non-specific),2745,2680,0.6,2.5,2660,1.8,7.3,49.8,80.5,90.9,41.1,1290,17200,22600,26300
202223,2020/2021,1 YAG,First-degree,Female,CAH19-04-09,Others in language and area studies,1035,975,1.2,5.6,965,5,7.1,52.9,79.1,87.8,34.9,490,19700,25200,29900
202324,2019/2020,3 YAG,First-degree,Female,CAH02-06-03,Ophthalmics,520,515,0.6,0.6,510,2.1,5.3,66,90.8,92.6,26.6,320,23800,35500,46100
202122,2019/2020,1 YAG,First-degree,Female,CAH19-01-07,Linguistics,455,450,0.5,1.7,445,3.2,6.1,50.7,78.4,90.7,40,220,13900,19000,23400
202324,2019/2020,3 YAG,First-degree,Male,CAH07-02-01,Chemistry,1930,1875,0.7,2.9,1860,4.2,5.4,62.4,82.4,90.5,28,1150,27100,32200,41400
202223,2020/2021,1 YAG,First-degree,Male,CAH02-06-03,Ophthalmics,215,215,0.9,0.5,210,4.2,3.3,86.8,92,92.5,5.7,185,18200,21200,27000
202223,2020/2021,1 YAG,First-degree,Female,CAH15-01-05,Development studies,265,255,0.8,3.9,255,3.3,10.3,53.4,78.4,86.4,33,135,19300,23400,27400
202223,2020/2021,1 YAG,First-degree,Female,CAH05-01-01,Veterinary medicine and dentistry,720,705,0.1,2.4,705,0.9,2.2,76.5,85.9,97,20.4,530,32100,33900,36500
202122,2019/2020,1 YAG,First-degree,Female,CAH20-01-05,Classics,495,490,0.4,1.8,485,2,5.5,42.9,77.8,92.6,49.6,205,15700,20800,25900
202324,2021/2022,1 YAG,First-degree,Female,CAH17-01-08,Accounting,1505,1485,0.9,1.3,1475,3,8.1,62.9,85,88.9,25.9,915,21600,25600,30400
202223,2020/2021,1 YAG,First-degree,Female,CAH10-01-06,"Bioengineering, medical and biomedical engineering",275,275,0.8,0.9,270,3,4.7,53.3,77.7,92.3,39,145,23400,27700,32100
202122,2019/2020,1 YAG,First-degree,Male,CAH15-01-02,Sociology,1770,1755,0.2,1,1750,3.1,8.4,55.9,79.7,88.5,32.6,950,15000,19700,24100
202223,2020/2021,1 YAG,First-degree,Male,CAH13-01-04,"Planning (urban, rural and regional)",230,225,0.4,1.3,225,2.3,7.6,64.8,85.6,90.2,25.3,145,24100,27000,31000
202223,2020/2021,1 YAG,First-degree,Female,CAH02-05-03,Biomedical sciences (non-specific),3975,3930,0.6,1.1,3910,2.3,5.7,48.2,78.5,92.1,43.8,1855,18600,23400,28100
202324,2019/2020,3 YAG,First-degree,Male,CAH15-02-01,Economics,5025,4905,0.8,2.4,4860,4.9,6.2,73.5,86.6,88.9,15.4,3510,30400,39200,52700
202223,2020/2021,1 YAG,First-degree,Female,CAH07-04-02,Forensic and archaeological sciences,945,940,0.4,0.8,935,2,7.6,61.8,84.1,90.3,28.6,570,17900,21200,25200
202223,2020/2021,1 YAG,First-degree,Male,CAH16-01-01,Law,4800,4740,1,1.3,4695,3.5,6.3,44.4,78.6,90.2,45.8,2025,19000,23000,29200
202223,2020/2021,1 YAG,First-degree,Male,CAH02-05-03,Biomedical sciences (non-specific),1775,1755,0.5,1,1745,3.3,7.5,46.5,73.5,89.2,42.6,795,17900,22300,27700
202324,2021/2022,1 YAG,First-degree,Male,CAH11-01-03,Information systems,260,255,0.5,0.9,255,6.6,8.4,71.9,81.9,85,13.1,175,21600,27400,37700
202223,2020/2021,1 YAG,First-degree,Female,CAH23-01-04,Liberal arts (non-specific),260,245,1.8,4.9,245,4.6,6.2,54,78.3,89.2,35.2,125,19000,24800,29600
202223,2020/2021,1 YAG,First-degree,Female,CAH04-01-05,Others in psychology,180,180,1.3,1.8,175,1.9,6.7,54.7,81.1,91.4,36.7,95,16800,21900,26600
202223,2020/2021,1 YAG,First-degree,Male,CAH10-01-03,Production and manufacturing engineering,1085,1070,0.7,1.6,1060,3.8,5.5,75,86.9,90.7,15.7,785,25200,29900,36900
202223,2020/2021,1 YAG,First-degree,Male,CAH10-01-09,"Chemical, process and energy engineering",1265,1250,1,1.4,1235,2.6,7.1,69.4,85,90.3,20.9,845,25600,30300,35400
202223,2020/2021,1 YAG,First-degree,Male,CAH07-01-02,Astronomy,200,195,0.8,2.7,195,4.4,5.4,55.8,80.6,90.2,34.4,105,21500,27400,31400
202223,2020/2021,1 YAG,First-degree,Male,CAH11-01-04,Software engineering,1465,1450,0.7,1,1440,4.2,6.7,77.7,85,89.1,11.4,1100,23700,29600,37200
202122,2019/2020,1 YAG,First-degree,Male,CAH19-04-09,Others in language and area studies,350,335,0,4.2,335,5.8,9,49.6,73.3,85.1,35.5,160,19000,23700,29200
202223,2020/2021,1 YAG,First-degree,Male,CAH19-04-08,American and australasian studies,115,115,0,2,115,3,10.8,44.9,69.9,86.2,41.3,50,15000,22300,26300
202324,2019/2020,3 YAG,First-degree,Female,CAH11-01-07,Business computing,115,115,0.9,0.1,110,2.9,12.1,81.6,83.2,85,3.4,90,25600,32600,38800
202324,2021/2022,1 YAG,First-degree,Male,CAH10-01-02,Mechanical engineering,3555,3495,1,1.7,3460,3.5,6.3,75.4,86,90.2,14.8,2585,26400,31100,36600
202324,2021/2022,1 YAG,First-degree,Female,CAH26-01-02,Physical geographical sciences,810,780,0.3,3.9,775,2.1,4.5,57.4,85.1,93.4,35.9,440,20100,24900,29600
202324,2021/2022,1 YAG,First-degree,Female,CAH07-01-01,Physics,645,625,0.5,3.7,620,4.3,4.2,46.8,78.8,91.5,44.7,280,24200,30400,37700
202324,2021/2022,1 YAG,First-degree,Female,CAH25-02-04,Dance,825,795,0.8,3.5,790,2.3,8.3,70.4,87.5,89.3,18.9,495,10200,16100,22000
202324,2021/2022,1 YAG,First-degree,Male,CAH02-06-01,Health sciences (non-specific),935,930,0.6,0.5,925,2.4,2.6,73.3,92.4,95,21.6,665,32600,37300,44700
202324,2021/2022,1 YAG,First-degree,Female,CAH02-06-05,Physiotherapy,1010,995,0.3,1.3,990,2.1,3.5,89.2,93.9,94.4,5.2,880,28200,29300,31100
202324,2021/2022,1 YAG,First-degree,Male,CAH17-01-07,Finance,1965,1930,0.8,1.8,1915,4.3,9,62.8,81.9,86.7,24,1175,21600,26400,32600
202324,2021/2022,1 YAG,First-degree,Male,CAH17-01-08,Accounting,2525,2505,0.5,0.9,2490,4.1,9.4,61.3,82.4,86.5,25.2,1500,21600,25300,31100
202324,2021/2022,1 YAG,First-degree,Male,CAH01-01-01,Medical sciences (non-specific),100,100,0,0,100,0,3,15.5,55.1,97,81.5,15,22700,25300,29600
202324,2019/2020,3 YAG,First-degree,Male,CAH09-01-01,Mathematics,3800,3715,0.6,2.2,3695,4.9,6.6,69.4,84.1,88.5,19.1,2530,28900,36600,47900
202324,2019/2020,3 YAG,First-degree,Male,CAH09-01-03,Statistics,150,150,0.3,2,150,3.2,5.7,73.1,88.2,91.1,18,105,34000,43200,58200
202122,2019/2020,1 YAG,First-degree,Male,CAH13-01-01,Architecture,1255,1240,0.4,1.3,1235,2.9,7.3,52.5,75.2,89.8,37.3,620,17500,21200,24800
202324,2021/2022,1 YAG,First-degree,Male,CAH24-01-04,Journalism,810,800,0.8,1.3,790,4.2,11,75.4,82.1,84.8,9.4,575,17900,22300,26700
202324,2021/2022,1 YAG,First-degree,Male,CAH07-04-02,Forensic and archaeological sciences,395,395,0.6,1.1,390,2.8,6.6,68,85.9,90.6,22.7,265,18300,23100,28200
202324,2021/2022,1 YAG,First-degree,Male,CAH20-01-05,Classics,285,280,0.2,2.1,280,4.6,5.4,39.9,73.5,90,50.1,110,17200,24900,31100
202324,2021/2022,1 YAG,First-degree,Female,CAH11-01-02,Information technology,190,185,1.6,0.7,185,3.6,10.5,67.5,81.2,85.9,18.4,120,23800,31100,38100
202324,2021/2022,1 YAG,First-degree,Male,CAH11-01-04,Software engineering,1510,1490,0.5,1.2,1480,6.2,8.2,75.1,82.9,85.6,10.5,1090,24200,30000,37300
202122,2019/2020,1 YAG,First-degree,Male,CAH02-04-01,Nursing (non-specific),115,115,3.5,0,110,4.8,1.8,67.1,92.5,93.4,26.3,75,29600,35400,44200
202122,2019/2020,1 YAG,First-degree,Female,CAH02-02-01,Pharmacology,365,365,0.1,0.3,365,0.7,6.2,42.7,73.8,93.1,50.4,150,18200,24100,28800
202324,2019/2020,3 YAG,First-degree,Male,CAH07-01-01,Physics,2240,2160,0.3,3.5,2155,5.1,5.2,61.7,80.8,89.6,27.9,1310,28900,37000,47200
202223,2020/2021,1 YAG,First-degree,Female,CAH07-02-01,Chemistry,1455,1430,0.4,1.7,1425,1.4,4.1,55.9,84.9,94.4,38.6,790,22300,26300,31400
202122,2019/2020,1 YAG,First-degree,Female,CAH02-05-01,Medical technology,800,800,0.4,0.2,795,1.1,4.2,80.3,93.9,94.8,14.4,640,26300,29600,34700
202223,2020/2021,1 YAG,First-degree,Female,CAH02-04-08,Learning disabilities nursing,260,260,0.8,0.4,255,0.4,1.6,87.9,98,98,10.2,220,27000,33900,41200
202324,2019/2020,3 YAG,First-degree,Female,CAH13-01-03,Landscape design,60,60,1.7,2.5,60,6.8,5.1,73.5,83.8,88,14.5,40,24900,30000,31800
202223,2020/2021,1 YAG,First-degree,Male,CAH13-01-01,Architecture,1190,1170,0.6,1.6,1160,3.8,9,54.5,75.8,87.1,32.6,615,18600,22300,25900
202324,2019/2020,3 YAG,First-degree,Female,CAH02-04-09,Others in nursing,335,335,1.8,0.4,330,3.8,3.1,71,91.6,93.1,22.1,230,30700,38800,47900
202122,2019/2020,1 YAG,First-degree,Female,CAH10-01-07,Civil engineering,460,455,0.2,1.3,455,1.7,4,71.1,90,94.3,23.1,320,25900,28100,31000
202324,2019/2020,3 YAG,First-degree,Female,CAH19-04-02,German and scandinavian studies,240,220,1.1,8.1,215,6.4,6.4,71.8,82.7,87.2,15.4,155,27100,30700,37300
202324,2019/2020,3 YAG,First-degree,Female,CAH19-04-01,French studies,575,535,0.3,7.2,530,6.5,5.6,73.2,84.7,87.9,14.7,375,25300,30700,37000
202324,2019/2020,3 YAG,First-degree,Male,CAH11-01-03,Information systems,295,290,0.5,1.5,285,6.6,10.9,76,80.8,82.5,6.5,215,24200,31800,43900
202324,2019/2020,3 YAG,First-degree,Male,CAH07-01-02,Astronomy,190,180,0,3.6,180,5.6,6.4,61.5,78.6,88,26.5,110,26400,32200,41000
202324,2019/2020,3 YAG,First-degree,Male,CAH06-01-01,Animal science,110,105,0,4.8,105,6.7,5.7,66.6,80.9,87.6,21,70,22700,26700,30400
202122,2019/2020,1 YAG,First-degree,Female,CAH01-01-01,Medical sciences (non-specific),160,160,0.6,0.6,155,0.6,3.2,27.7,69.4,96.2,68.5,45,15700,21500,25900
202324,2019/2020,3 YAG,First-degree,Male,CAH02-06-02,Nutrition and dietetics,185,180,0.6,2.3,180,3.1,7,72.9,86.2,89.9,17,125,24500,30400,35500
202324,2019/2020,3 YAG,First-degree,Female,CAH07-02-01,Chemistry,1480,1450,0.5,2,1440,2.9,6.2,66.5,84.7,90.9,24.4,950,27800,33300,41400
202122,2019/2020,1 YAG,First-degree,Female,CAH13-01-03,Landscape design,60,60,1.7,1.6,60,3.4,6.8,45.8,76.3,89.8,44.1,25,21200,23200,26300
202122,2019/2020,1 YAG,First-degree,Female,CAH24-01-05,Media studies,2310,2275,0.7,1.5,2260,2.4,9.1,66.7,83.4,88.5,21.8,1470,13500,18200,22300
202122,2019/2020,1 YAG,First-degree,Female,CAH10-03-03,Polymers and textiles,50,50,0,3.2,50,2.5,7.1,80.5,89.7,90.4,9.9,40,13900,17500,20300
202324,2019/2020,3 YAG,First-degree,Male,CAH19-04-08,American and australasian studies,145,145,0.7,1.5,145,6.3,6.2,75.4,84.7,87.5,12.1,105,23800,28200,32200
202122,2019/2020,1 YAG,First-degree,Female,CAH20-02-01,Philosophy,1205,1185,0.2,1.5,1185,1.7,5.5,47.7,80.2,92.8,45.1,550,15500,20800,25900
202122,2019/2020,1 YAG,First-degree,Female,CAH06-01-01,Animal science,915,905,0.3,1.1,900,3.2,5.8,61.4,83.2,91,29.5,535,14600,18200,21500
202324,2021/2022,1 YAG,First-degree,Male,CAH10-01-04,Aeronautical and aerospace engineering,1425,1405,0.5,1.5,1395,4.1,7.4,72.5,83.6,88.5,16,995,25600,31500,36600
202223,2020/2021,1 YAG,First-degree,Male,CAH03-01-03,Ecology and environmental biology,340,330,0.6,1.9,330,3.9,10.8,55.6,76.3,85.4,29.7,175,16100,20800,23700
202122,2019/2020,1 YAG,First-degree,Female,CAH25-02-04,Dance,900,895,0.6,0.7,890,1.8,8.3,64.9,85.7,90,25.1,530,11000,15300,19300
202122,2019/2020,1 YAG,First-degree,Male,CAH10-03-07,Materials science,120,115,1.2,2.5,115,7.9,8.6,41.4,70.4,83.6,42.2,45,25200,30300,36500
202122,2019/2020,1 YAG,First-degree,Male,CAH03-01-07,Genetics,100,100,2,1,95,3.9,6,29.3,62.2,90.1,60.8,30,19900,23700,28800
202324,2019/2020,3 YAG,First-degree,Male,CAH24-01-03,Publishing,25,25,2.1,0,25,10.8,3.6,81.9,85.6,85.6,3.6,20,20900,24900,35500
202324,2021/2022,1 YAG,First-degree,Female,CAH02-02-03,Pharmacy,1455,1445,0.6,0.9,1435,1,20.4,51.7,75.5,78.6,26.9,650,18300,27800,33300
202324,2019/2020,3 YAG,First-degree,Female,CAH02-05-04,"Anatomy, physiology and pathology",535,520,0.5,3,520,2.9,5.6,60.5,84.9,91.4,31,310,28200,36600,42800
202122,2019/2020,1 YAG,First-degree,Male,CAH11-01-08,Others in computing,385,380,0.9,1.3,375,3,9.4,75,83.3,87.6,12.6,280,19000,23700,28800
202122,2019/2020,1 YAG,First-degree,Female,CAH19-01-05,Creative writing,760,750,0.7,1.2,745,3.5,11.7,51.3,75,84.8,33.5,370,11300,16100,20400
202324,2019/2020,3 YAG,First-degree,Male,CAH04-01-01,Psychology (non-specific),1800,1760,0.6,2.2,1750,3.9,7.6,67.6,85,88.5,20.8,1145,22300,27100,33300
202122,2019/2020,1 YAG,First-degree,Male,CAH19-04-01,French studies,240,230,0.4,4.5,230,5.9,4.2,53,78.2,89.9,36.9,115,18200,23400,29600
202324,2021/2022,1 YAG,First-degree,Male,CAH26-01-02,Physical geographical sciences,615,595,0.7,3.4,590,3.6,6.2,59.8,84.7,90.2,30.4,340,19400,24900,28900
202122,2019/2020,1 YAG,First-degree,Female,CAH09-01-01,Mathematics,1970,1950,0.2,1.1,1945,2.5,4,53.8,84.7,93.5,39.7,1035,20100,25600,31800
202223,2020/2021,1 YAG,First-degree,Female,CAH13-01-01,Architecture,1105,1080,1.1,2.4,1070,2.8,9.2,50.7,75.3,88,37.2,525,17900,21900,25600
202223,2020/2021,1 YAG,First-degree,Female,CAH19-04-08,American and australasian studies,280,270,0.9,3.8,270,2.8,7,47.4,81,90.2,42.8,125,19000,23000,27400
202223,2020/2021,1 YAG,First-degree,Female,CAH09-01-01,Mathematics,2165,2135,0.8,1.5,2115,2.4,5.2,56.4,85.6,92.4,36.1,1175,21900,27700,33600
202324,2021/2022,1 YAG,First-degree,Female,CAH10-01-07,Civil engineering,500,490,1.2,2,480,1.8,3.7,74.8,90.6,94.5,19.7,360,27400,30400,34400
202223,2020/2021,1 YAG,First-degree,Female,CAH25-02-01,Performing arts (non-specific),345,330,1.1,3.1,330,1.2,9.4,73.2,86.5,89.4,16.2,220,12100,16800,21500
202223,2020/2021,1 YAG,First-degree,Female,CAH10-01-08,Electrical and electronic engineering,250,245,1.2,1.6,245,3.6,5.2,75,90,91.2,16.2,180,26600,32500,39800
202324,2019/2020,3 YAG,First-degree,Female,CAH09-01-01,Mathematics,1975,1935,0.4,2,1925,3.9,4.4,72.7,88.8,91.7,19.1,1390,29300,35500,44300
202324,2021/2022,1 YAG,First-degree,Male,CAH07-01-01,Physics,2105,2055,0.6,2.5,2040,3.9,6.9,54.6,77.4,89.2,34.6,1095,23800,30000,35900
202223,2020/2021,1 YAG,First-degree,Male,CAH24-01-05,Media studies,1730,1700,1.3,1.7,1680,3.7,12.1,67.2,78.3,84.2,17,1090,14600,20100,24500
202324,2021/2022,1 YAG,First-degree,Male,CAH07-04-04,Natural sciences (non-specific),290,280,1.3,2.8,280,3.8,6.5,51.5,76,89.7,38.2,140,23800,30700,39900
202324,2021/2022,1 YAG,First-degree,Male,CAH02-05-04,"Anatomy, physiology and pathology",265,260,0.5,1.8,260,3,8.5,34.9,66,88.4,53.5,85,17600,24500,30000
202324,2021/2022,1 YAG,First-degree,Male,CAH10-01-06,"Bioengineering, medical and biomedical engineering",275,270,0.8,1.2,270,5.1,6.6,54.7,75.1,88.3,33.6,140,22700,28900,34800
202223,2020/2021,1 YAG,First-degree,Female,CAH19-01-07,Linguistics,435,420,0.4,3.1,420,3.6,6.2,54.3,79.4,90.2,35.9,225,17500,21900,26300
202324,2021/2022,1 YAG,First-degree,Female,CAH20-02-02,Theology and religious studies,555,545,0.9,1.8,540,5.2,8.5,52.6,76.3,86.3,33.7,275,16500,23100,27400
202122,2019/2020,1 YAG,First-degree,Male,CAH20-02-02,Theology and religious studies,510,505,1.4,1.3,495,16.1,5.5,44.8,66.3,78.4,33.7,205,15000,20200,25800
202223,2020/2021,1 YAG,First-degree,Female,CAH17-01-03,Marketing,2360,2315,1.5,1.8,2280,2.2,7.8,78.7,87.1,90,11.3,1770,20800,24500,28100
202324,2021/2022,1 YAG,First-degree,Male,CAH10-01-09,"Chemical, process and energy engineering",1015,995,0.6,2,990,2.7,6.7,72.7,84.3,90.6,18,710,27100,32200,37300
202324,2021/2022,1 YAG,First-degree,Female,CAH19-01-05,Creative writing,800,795,0.5,0.9,790,4.2,12.2,53,72.5,83.6,30.6,405,13900,20100,23400
202324,2021/2022,1 YAG,First-degree,Female,CAH11-01-05,Artificial intelligence,15,15,3,1.5,15,1.5,12.2,58.3,78.7,86.3,28,10,c,c,c
202324,2021/2022,1 YAG,First-degree,Female,CAH11-01-04,Software engineering,225,225,0.2,1.1,220,3.2,9.1,70.9,81.3,87.7,16.7,155,22700,32200,42500
202324,2021/2022,1 YAG,First-degree,Male,CAH02-06-04,Environmental and public health,80,80,0,0,80,6.2,8.6,59.4,77.8,85.2,25.8,45,27400,34000,43200
202223,2020/2021,1 YAG,First-degree,Male,CAH15-04-01,Social work,385,385,1,0,385,1.8,4,74.5,90.7,94.2,19.7,275,25600,31400,35000
202324,2021/2022,1 YAG,First-degree,Male,CAH15-04-02,Childhood and youth studies,100,100,0,0,100,1.5,5.1,58.9,85,93.4,34.6,55,16500,21200,27400
202324,2019/2020,3 YAG,First-degree,Male,CAH15-04-02,Childhood and youth studies,105,105,0,0,105,3.8,8.6,76.3,85.2,87.6,11.2,80,20900,27100,29300
202223,2020/2021,1 YAG,First-degree,Male,CAH02-05-01,Medical technology,285,280,0.7,0.4,280,2.5,1.8,88.9,92.9,95.7,6.8,250,29100,33600,39900
202324,2019/2020,3 YAG,First-degree,Female,CAH15-01-06,Cultural studies,50,50,0.5,2,50,6.5,8.9,75.3,82.6,84.7,9.3,35,21600,26700,29600
202324,2019/2020,3 YAG,First-degree,Female,CAH13-01-04,"Planning (urban, rural and regional)",185,180,0.6,3.3,180,3.1,3.9,82.2,91.7,93,10.8,145,24900,30400,36200
202223,2020/2021,1 YAG,First-degree,Female,CAH02-02-03,Pharmacy,1400,1390,0.8,0.6,1380,1,15.5,64.7,81.7,83.4,18.7,765,19600,28100,32800
202324,2019/2020,3 YAG,First-degree,Female,CAH19-04-08,American and australasian studies,255,235,0,7.1,235,4,6.4,76.5,88.6,89.6,13.1,175,22700,27800,31800
202122,2019/2020,1 YAG,First-degree,Female,CAH24-01-02,Publicity studies,175,170,1.8,1.4,170,1.7,7.9,77.2,86.7,90.4,13.3,125,17500,20800,24800
202223,2020/2021,1 YAG,First-degree,Male,CAH17-01-03,Marketing,1765,1735,1,1.8,1715,4.2,10.2,72.9,82.8,85.6,12.6,1225,20800,24500,29600
202223,2020/2021,1 YAG,First-degree,Male,CAH26-01-02,Physical geographical sciences,660,635,1,3.6,630,2.5,6.9,57.1,82,90.6,33.4,350,19000,24100,28500
202324,2019/2020,3 YAG,First-degree,Male,CAH06-01-03,Agriculture,300,295,0.3,2.7,290,8.1,7.2,71.9,83.1,84.7,12.8,200,24200,30400,38400
202324,2019/2020,3 YAG,First-degree,Male,CAH25-01-01,Creative arts and design (non-specific),110,105,0,2.3,105,3.8,15,75.1,79.3,81.2,6.1,75,18700,25300,28800
202122,2019/2020,1 YAG,First-degree,Female,CAH15-01-03,Social policy,765,765,0.3,0.4,760,1.5,6.7,57.2,83.8,91.8,34.6,430,14600,20100,25200
202324,2019/2020,3 YAG,First-degree,Female,CAH04-01-02,Applied psychology,730,720,0.8,1.4,715,1.9,6.5,68.8,88.5,91.7,22.8,480,22000,25600,30400
202324,2019/2020,3 YAG,First-degree,Male,CAH25-01-02,Art,575,570,1.4,1.3,560,8.5,16.2,64.2,71.1,75.3,11.1,335,14600,21600,27600
202324,2019/2020,3 YAG,First-degree,Male,CAH15-04-03,Health studies,210,210,1,1.7,205,3.6,8.8,62.2,85.7,87.6,25.5,125,23100,35100,43900
202324,2021/2022,1 YAG,First-degree,Female,CAH09-01-01,Mathematics,1790,1765,1.1,1.4,1745,2.8,6.3,56.5,82.8,90.9,34.4,965,23100,28900,35100
202324,2019/2020,3 YAG,First-degree,Female,CAH10-01-01,Engineering (non-specific),260,255,0.1,3.6,255,3.8,3.2,77.8,90.9,93,15.2,195,30700,38400,51200
202122,2019/2020,1 YAG,First-degree,Male,CAH23-01-01,"Combined, general or negotiated studies",270,270,1.3,1.1,265,4.2,5.5,59.1,82.8,90.3,31.2,150,19700,29600,43100
202122,2019/2020,1 YAG,First-degree,Female,CAH03-01-04,Microbiology and cell science,120,120,0,0.8,120,1.3,3.9,33.9,73.2,94.8,60.9,40,20400,23700,27400
202223,2020/2021,1 YAG,First-degree,Male,CAH25-02-01,Performing arts (non-specific),130,130,0.8,1,130,3.6,11.6,69.9,81.7,84.8,14.9,85,12000,16400,22300
202122,2019/2020,1 YAG,First-degree,Male,CAH19-01-03,Literature in English,570,565,0.3,1.3,560,2,11.6,43.2,73.3,86.4,43.3,235,13900,18600,22600
202122,2019/2020,1 YAG,First-degree,Male,CAH02-06-05,Physiotherapy,515,510,0.4,1,510,1.4,4.3,89.8,93.1,94.3,4.5,450,24500,25600,27400
202324,2019/2020,3 YAG,First-degree,Female,CAH15-02-01,Economics,1855,1805,0.8,2.7,1790,3.7,5.9,74.9,88.1,90.4,15.5,1320,31100,39900,52300
202122,2019/2020,1 YAG,First-degree,Male,CAH07-04-02,Forensic and archaeological sciences,360,355,0.3,0.6,355,2.8,11.1,57.8,77.7,86.1,28.2,200,15700,20100,23700
202223,2020/2021,1 YAG,First-degree,Male,CAH03-01-08,"Molecular biology, biophysics and biochemistry",830,815,0.7,1.4,810,3.1,7.5,51.8,75.8,89.5,37.7,405,19700,25200,30700
202223,2020/2021,1 YAG,First-degree,Male,CAH22-01-02,Teacher training,620,605,0,2,605,1.3,5.3,83.1,92,93.4,10.3,500,20400,25200,25900
202223,2020/2021,1 YAG,First-degree,Male,CAH25-01-02,Art,580,575,1,1.4,565,6.5,15.6,61.6,71.5,77.9,16.3,325,11300,17200,22600
202324,2021/2022,1 YAG,First-degree,Female,CAH19-04-02,German and scandinavian studies,150,135,0.4,9.5,135,6.7,6.3,46.9,76.2,87,40.1,60,21200,24500,28200
202223,2020/2021,1 YAG,First-degree,Male,CAH10-03-07,Materials science,115,115,0.5,2.3,110,5.9,5.5,57.7,77.7,88.6,30.9,60,25600,31400,36100
202223,2020/2021,1 YAG,First-degree,Male,CAH03-01-01,Biosciences (non-specific),545,540,0.7,1.1,535,4.2,6.4,50.9,75.7,89.4,38.6,265,18600,23000,28800
202223,2020/2021,1 YAG,First-degree,Male,CAH26-01-06,Earth sciences,615,595,0.8,3.6,590,3.9,5.8,53.7,78.4,90.3,36.6,305,20100,24500,29900
202324,2019/2020,3 YAG,First-degree,Female,CAH19-01-05,Creative writing,760,750,1.1,1.4,740,5.1,10.3,72.3,81.2,84.6,12.3,520,17200,24200,28500
202122,2019/2020,1 YAG,First-degree,Male,CAH10-03-04,Maritime technology,55,55,0,1.8,55,7.2,3.6,64.7,80,89.3,24.6,35,25600,29200,36100
202324,2021/2022,1 YAG,First-degree,Female,CAH19-04-08,American and australasian studies,160,155,0.1,3.8,155,2,8.3,59.9,81.5,89.8,29.8,90,17600,22700,27400
202223,2020/2021,1 YAG,First-degree,Female,CAH02-06-06,Complementary and alternative medicine,340,335,3.9,1.2,325,5.4,7.2,79.2,85.1,87.3,8.2,220,12800,21900,29400
202324,2019/2020,3 YAG,First-degree,Female,CAH20-01-03,Archaeology,345,335,0.6,3.9,330,5.3,7.5,67.9,83.2,87.2,19.3,220,21200,25300,29300
202324,2019/2020,3 YAG,First-degree,Female,CAH25-01-01,Creative arts and design (non-specific),305,300,2.2,1.6,295,6.3,11.4,73.9,79.5,82.3,8.5,200,15800,23100,26800
202223,2020/2021,1 YAG,First-degree,Female,CAH26-01-04,Environmental sciences,465,450,0.7,2.8,445,3.4,5,56.9,83.9,91.5,34.6,250,19300,23700,28100
202122,2019/2020,1 YAG,First-degree,Female,CAH02-06-03,Ophthalmics,520,520,0.8,0,515,1.2,2.3,87.9,94.7,96.5,8.6,450,17500,19000,23400
202122,2019/2020,1 YAG,First-degree,Male,CAH09-01-03,Statistics,150,150,0.3,1.4,150,3,3.5,61.6,83.2,93.5,31.9,90,23700,29900,36100
202324,2019/2020,3 YAG,First-degree,Male,CAH03-01-08,"Molecular biology, biophysics and biochemistry",855,825,0.8,3.1,820,4.9,6.1,58.7,78.3,89,30.3,475,26400,31100,38100
202324,2021/2022,1 YAG,First-degree,Female,CAH17-01-07,Finance,1040,1030,0.9,1.1,1020,3.4,7.8,65.2,84.7,88.8,23.6,650,21200,25600,31100
202324,2021/2022,1 YAG,First-degree,Male,CAH04-01-02,Applied psychology,260,255,0.4,1.8,255,3.9,4.6,49.8,79.7,91.5,41.7,125,18700,23100,26700
202324,2021/2022,1 YAG,First-degree,Female,CAH13-01-01,Architecture,1100,1070,1.3,2.4,1060,4,8.8,53.1,74.3,87.2,34.1,550,18500,23400,27100
202324,2021/2022,1 YAG,First-degree,Female,CAH15-01-03,Social policy,825,815,0.6,1.5,810,2.5,6.4,62.4,84.3,91.1,28.7,500,18700,24200,28500
202324,2021/2022,1 YAG,First-degree,Female,CAH13-01-04,"Planning (urban, rural and regional)",190,185,0.8,1.3,185,2.9,8,67.8,85.9,89.1,21.3,125,22300,27800,31100
202324,2021/2022,1 YAG,First-degree,Female,CAH06-01-01,Animal science,990,960,0.3,2.7,960,3.5,5.8,67.1,86.1,90.7,23.6,630,16100,21200,24500
202324,2021/2022,1 YAG,First-degree,Female,CAH10-01-06,"Bioengineering, medical and biomedical engineering",255,250,1.2,1.5,245,1.3,4.9,59.5,83,93.7,34.2,145,22700,27800,32900
202324,2021/2022,1 YAG,First-degree,Female,CAH02-02-01,Pharmacology,350,340,0.6,2.9,340,1.8,5.9,48.6,75,92.4,43.8,160,21600,25300,29600
202324,2021/2022,1 YAG,First-degree,Female,CAH09-01-03,Statistics,100,95,0.5,1,95,4.1,3.9,64.1,80.9,92.1,27.9,60,25300,31800,41400
202324,2021/2022,1 YAG,First-degree,Female,CAH10-03-06,Others in technology,105,105,0.3,1.5,105,3.7,8.5,77.1,85.1,87.8,10.7,75,16800,24500,30400
202122,2019/2020,1 YAG,First-degree,Male,CAH11-01-03,Information systems,295,290,0.5,0.7,290,4.4,10,71.1,82.2,85.6,14.4,200,18600,24100,29900
202122,2019/2020,1 YAG,First-degree,Female,CAH05-01-01,Veterinary medicine and dentistry,780,765,0.3,1.9,760,1.5,2.1,76.7,85.7,96.4,19.7,585,30300,32500,34700
202223,2020/2021,1 YAG,First-degree,Female,CAH02-06-03,Ophthalmics,500,500,0.8,0.2,495,1.6,2.6,86.3,94.4,95.8,9.5,430,19000,21500,27400
202122,2019/2020,1 YAG,First-degree,Male,CAH04-01-04,Psychology and health,20,20,0,0,20,1.2,9.6,41,79.5,89.2,48.2,10,c,c,c
202324,2019/2020,3 YAG,First-degree,Female,CAH19-04-04,Iberian studies,625,590,0.5,5.6,590,7,5.7,73.6,84.8,87.3,13.7,420,26700,30700,37000
202122,2019/2020,1 YAG,First-degree,Female,CAH15-01-05,Development studies,200,195,0.3,4.1,190,2.7,8.9,53.3,79,88.4,35.1,100,16100,20100,25200
202122,2019/2020,1 YAG,First-degree,Female,CAH15-01-04,Anthropology,605,590,0.5,3,585,2.4,8.6,52.9,77.6,89,36.1,295,15000,20800,25600
202324,2019/2020,3 YAG,First-degree,Female,CAH19-04-06,Asian studies,315,270,0.2,13.1,270,12.4,9.7,64.1,75.1,77.9,13.8,165,21600,27100,33300
202122,2019/2020,1 YAG,First-degree,Female,CAH26-01-06,Earth sciences,470,455,0.1,2.6,455,2.9,3.6,46.2,82.5,93.5,47.3,205,18600,23400,27400
202122,2019/2020,1 YAG,First-degree,Female,CAH10-03-07,Materials science,65,65,0,1.8,65,4.9,1.9,54.2,82.1,93.2,38.9,35,23700,28100,36900
202122,2019/2020,1 YAG,First-degree,Female,CAH07-02-01,Chemistry,1480,1455,0.3,1.5,1450,2,3.6,54.8,84.9,94.4,39.5,785,20800,24800,30300
202223,2020/2021,1 YAG,First-degree,Female,CAH24-01-04,Journalism,915,900,0.3,1.6,900,1.7,9.7,68.4,83.4,88.6,20.2,605,17900,21500,25200
202223,2020/2021,1 YAG,First-degree,Female,CAH24-01-02,Publicity studies,160,160,0.9,1.1,155,2.3,10,75.1,84.1,87.7,12.7,115,19000,23000,27000
202122,2019/2020,1 YAG,First-degree,Male,CAH19-01-01,English studies (non-specific),770,760,0.4,1.7,755,3,9.4,45.3,72.4,87.6,42.3,325,13100,18600,23400
202324,2019/2020,3 YAG,First-degree,Male,CAH07-04-02,Forensic and archaeological sciences,360,350,0.3,2.1,350,2.8,5.9,77.5,88.2,91.3,13.8,265,22700,26000,30700
202122,2019/2020,1 YAG,First-degree,Female,CAH20-01-02,"History of art, architecture and design",515,505,0.4,1.9,505,3.5,8.4,47.6,76.8,88.1,40.5,225,12800,18600,23700
202324,2019/2020,3 YAG,First-degree,Female,CAH06-01-01,Animal science,915,895,0.3,2.2,890,4.3,4.8,73.2,86.1,90.9,17.7,640,19800,23800,28200
202324,2019/2020,3 YAG,First-degree,Male,CAH19-01-05,Creative writing,410,405,1,1.7,400,7,12.9,70.5,77.8,80.1,9.6,270,16500,23100,27400
202324,2019/2020,3 YAG,First-degree,Female,CAH03-01-07,Genetics,135,135,0,1.8,135,8.7,6.3,55.3,75.8,85,29.6,75,23800,30400,34400
202324,2019/2020,3 YAG,First-degree,Male,CAH20-01-05,Classics,300,290,1,4.3,285,5.1,10,63.1,79.6,84.9,21.8,180,23100,29600,38400
202324,2019/2020,3 YAG,First-degree,Male,CAH20-01-03,Archaeology,260,250,1.2,2.7,250,6.2,8.4,67.5,79.8,85.3,17.9,165,22300,25600,30400
202122,2019/2020,1 YAG,First-degree,Male,CAH11-01-07,Business computing,360,360,0.9,0.3,355,4,7.9,74.1,83.6,88.2,14,260,17200,21200,27000
202122,2019/2020,1 YAG,First-degree,Female,CAH02-05-03,Biomedical sciences (non-specific),3645,3605,0.5,1.1,3585,1.9,5,44.5,77.9,93.1,48.6,1575,18200,23000,27000
202324,2021/2022,1 YAG,First-degree,Female,CAH03-01-08,"Molecular biology, biophysics and biochemistry",1190,1175,0.5,1.4,1170,2.3,5.2,51.4,77.1,92.4,41.1,595,20900,26400,31100
202223,2020/2021,1 YAG,First-degree,Female,CAH10-01-03,Production and manufacturing engineering,140,140,1.4,1.4,135,2.4,4.4,75.9,88.8,93.1,17.2,105,23000,31400,38300
202223,2020/2021,1 YAG,First-degree,Male,CAH10-01-04,Aeronautical and aerospace engineering,1415,1395,0.6,1.4,1385,3.4,6.2,72.7,85.2,90.5,17.7,990,24100,29900,34700
202324,2021/2022,1 YAG,First-degree,Male,CAH22-01-02,Teacher training,580,575,0.4,1.4,570,1.6,5,82.6,91.6,93.4,10.8,465,22300,27400,28500
202122,2019/2020,1 YAG,First-degree,Male,CAH26-01-02,Physical geographical sciences,775,770,0,0.9,770,2.6,4.4,53.1,82.9,93,39.8,400,16800,21900,26300
202324,2019/2020,3 YAG,First-degree,Female,CAH04-01-05,Others in psychology,240,230,0.6,2.5,230,4.8,4.8,67.4,87.5,90.4,23,155,21600,26000,32600
202223,2020/2021,1 YAG,First-degree,Male,CAH03-01-06,Zoology,295,290,0.3,2.4,285,2.6,9.6,55,77,87.8,32.9,155,14600,20100,23700
202223,2020/2021,1 YAG,First-degree,Male,CAH23-01-02,Personal development,90,90,5.1,0.6,85,5.8,9.7,63.6,80.6,84.5,20.9,55,19700,27400,37600
202324,2021/2022,1 YAG,First-degree,Male,CAH26-01-01,Geography (non-specific),345,335,0.9,3.7,330,2.3,6.9,60.1,84.4,90.9,30.7,195,19800,24900,29600
202223,2020/2021,1 YAG,First-degree,Female,CAH07-01-01,Physics,675,655,1.5,3,645,3.7,4.8,46.4,80,91.5,45.1,295,24500,29900,35400
202324,2019/2020,3 YAG,First-degree,Female,CAH01-01-01,Medical sciences (non-specific),160,160,0.6,0,160,1.9,5,49.8,85.9,93.1,43.3,80,27800,36600,42500
202324,2019/2020,3 YAG,First-degree,Female,CAH26-01-06,Earth sciences,470,450,0.3,4.7,445,5.9,4.9,66.9,83.9,89.1,22.3,295,25600,30400,37000
202122,2019/2020,1 YAG,First-degree,Female,CAH26-01-02,Physical geographical sciences,965,950,0.2,1.3,950,0.8,4.3,46.3,86,94.8,48.5,435,17900,22600,26600
202122,2019/2020,1 YAG,First-degree,Male,CAH25-02-04,Dance,140,140,0.7,1.4,140,1.8,9.7,68.7,85.6,88.5,19.8,85,11300,15300,19500
202324,2021/2022,1 YAG,First-degree,Male,CAH02-04-02,Adult nursing,690,690,0.7,0.4,685,1.5,2.9,79.8,94.3,95.6,15.8,540,31500,35500,42500
202324,2019/2020,3 YAG,First-degree,Female,CAH20-02-02,Theology and religious studies,740,725,1.7,1.8,715,8.1,9.4,67,77,82.5,15.5,455,20500,27100,31800
202324,2019/2020,3 YAG,First-degree,Female,CAH25-02-01,Performing arts (non-specific),370,365,0.5,1.9,365,4,8.8,79.7,86.1,87.3,7.5,270,15200,21600,28200
202122,2019/2020,1 YAG,First-degree,Male,CAH25-02-03,Drama,1425,1415,0.9,0.8,1405,2.7,11.2,70,82.1,86.1,16.1,895,10600,15300,20100
202324,2021/2022,1 YAG,First-degree,Male,CAH26-01-03,Human geography,715,680,0.4,4.4,680,3.4,7.4,54.9,79.3,89.2,34.3,365,20900,26000,31800
202324,2019/2020,3 YAG,First-degree,Female,CAH15-01-01,Social sciences (non-specific),315,305,0.5,2.8,305,6.6,12.2,62.8,78.2,81.2,18.4,185,21600,28200,35100
202324,2021/2022,1 YAG,First-degree,Male,CAH19-04-09,Others in language and area studies,330,315,0.8,5.3,310,7,9.4,50.8,70.5,83.7,32.8,155,20500,26700,34400
202324,2019/2020,3 YAG,First-degree,Male,CAH15-01-04,Anthropology,190,180,0.3,5.1,180,6.3,10,65.4,79.4,83.8,18.3,115,21600,28500,36600
202324,2021/2022,1 YAG,First-degree,Male,CAH02-06-02,Nutrition and dietetics,120,115,0,2.1,115,3.4,5.6,63.7,81.6,91,27.3,70,21600,25300,29600
202324,2021/2022,1 YAG,First-degree,Female,CAH02-06-02,Nutrition and dietetics,660,650,0.6,1.5,645,2.5,6.4,69.8,84.7,91.1,21.3,440,21600,27100,31100
202324,2021/2022,1 YAG,First-degree,Female,CAH07-04-03,Sciences (non-specific),35,35,2.8,0.9,35,9.5,4.7,59.2,77.2,85.7,26.6,20,22300,26400,31800
202324,2019/2020,3 YAG,First-degree,Female,CAH01-01-04,Dentistry,565,555,0.7,1.6,550,2.5,1.1,87.7,95.8,96.4,8.7,425,38100,51200,66100
202122,2019/2020,1 YAG,First-degree,Female,CAH19-01-02,English language,600,595,0.6,0.9,595,2.6,6.2,49.8,79.8,91.2,41.3,290,13500,18600,22600
202223,2020/2021,1 YAG,First-degree,Male,CAH24-01-03,Publishing,30,30,0,0,30,1.2,15,70.8,82,83.8,13,20,21200,23900,27400
202122,2019/2020,1 YAG,First-degree,Male,CAH10-03-02,Materials technology,150,145,0.7,0.9,145,2.3,3.5,70.2,85.1,94.2,24,100,23400,28100,35300
202324,2019/2020,3 YAG,First-degree,Female,CAH19-04-03,Italian studies,100,95,0,7.4,95,5.1,6.4,76.3,85.3,88.4,12.1,70,25600,31500,38100
202223,2020/2021,1 YAG,First-degree,Female,CAH20-01-03,Archaeology,310,300,0.8,3,300,2.7,7.2,40.9,75.8,90.1,49.2,120,15000,20100,25200
202223,2020/2021,1 YAG,First-degree,Female,CAH15-01-04,Anthropology,540,520,1,3.5,515,2.7,10.3,51,77.6,86.9,36,255,18600,23400,27000
202223,2020/2021,1 YAG,First-degree,Female,CAH13-01-03,Landscape design,55,55,0,0,55,0,0,64.5,90.7,100,35.5,35,19700,23400,26600
202122,2019/2020,1 YAG,First-degree,Male,CAH02-06-06,Complementary and alternative medicine,150,150,0,1.3,150,6,5.3,82.7,87.3,88.7,6,110,15000,26200,31500
202324,2019/2020,3 YAG,First-degree,Female,CAH26-01-01,Geography (non-specific),735,700,0.3,4.8,700,2.9,5.1,77.7,90.3,92,14.3,540,26000,30000,35500
202122,2019/2020,1 YAG,First-degree,Male,CAH19-04-05,Slavic studies,50,50,0,4,50,10.7,6.3,46.9,72.1,83.1,36.1,20,19700,24100,31000
202122,2019/2020,1 YAG,First-degree,Male,CAH09-01-02,Operational research,30,30,0,0,30,4.6,8,75.1,84.7,87.4,12.3,25,25900,31000,38700
202324,2019/2020,3 YAG,First-degree,Male,CAH10-03-07,Materials science,120,115,1.2,2.8,115,4.6,3.6,55.2,80.1,91.8,36.6,60,30000,38800,53800
202122,2019/2020,1 YAG,First-degree,Male,CAH23-01-02,Personal development,60,60,1.3,1.2,60,1.8,9.6,64.7,76.5,88.6,23.9,35,16800,23400,28500
202122,2019/2020,1 YAG,First-degree,Female,CAH10-03-06,Others in technology,95,95,3.5,1.6,90,5.7,11.6,66.3,79.9,82.7,16.4,60,16400,21900,28800
202122,2019/2020,1 YAG,First-degree,Male,CAH02-02-01,Pharmacology,220,220,0.9,0,220,2.4,8.2,43.5,67.8,89.3,45.8,90,19700,24500,27700
202223,2020/2021,1 YAG,First-degree,Male,CAH26-01-01,Geography (non-specific),455,440,0.8,3,440,1.6,6.4,56.6,82.6,92,35.4,245,18600,23400,27700
202324,2019/2020,3 YAG,First-degree,Female,CAH26-01-03,Human geography,1280,1245,0.5,2.6,1240,3.6,5.3,76.9,88.5,91.2,14.3,945,27100,31500,37500
202223,2020/2021,1 YAG,First-degree,Female,CAH25-01-01,Creative arts and design (non-specific),240,235,0.6,1.3,235,3.6,12.2,63.9,78,84.2,20.3,140,13900,19700,23800
202223,2020/2021,1 YAG,First-degree,Female,CAH06-01-06,Food and beverage studies (non-specific),25,20,0,2.2,20,11.1,0,75.6,86.7,88.9,13.3,15,23400,25000,28100
202324,2019/2020,3 YAG,First-degree,Male,CAH17-01-05,Human resource management,185,185,2.2,0.3,180,4.3,8.9,78,83.7,86.8,8.8,135,24200,29600,34800
202324,2019/2020,3 YAG,First-degree,Female,CAH07-01-01,Physics,650,630,0.4,3.3,625,3.7,3.9,56.1,81.9,92.4,36.3,345,31100,37700,47600
202324,2021/2022,1 YAG,First-degree,Female,CAH01-01-04,Dentistry,595,585,0.3,1.7,580,0.5,4,92.8,94.7,95.5,2.8,295,21200,37300,42800
202223,2020/2021,1 YAG,First-degree,Female,CAH26-01-02,Physical geographical sciences,955,925,0.6,3,920,2,5.3,53.7,85.9,92.7,38.9,490,20100,24100,27700
202324,2021/2022,1 YAG,First-degree,Female,CAH15-01-05,Development studies,180,170,0.9,5.3,170,3.2,11.6,59.5,79.3,85.2,25.7,100,20500,25600,29300
202122,2019/2020,1 YAG,First-degree,Male,CAH06-01-01,Animal science,110,110,0,1.8,110,2.8,13.7,54.2,72,83.5,29.4,60,16100,19700,22600
202324,2021/2022,1 YAG,First-degree,Female,CAH19-04-01,French studies,395,355,1.4,10.2,350,3.9,9.2,55.3,76.6,86.9,31.6,190,20500,25600,30700
202324,2019/2020,3 YAG,First-degree,Male,CAH02-04-05,Children's nursing,35,35,0,0,35,2.8,0,72.1,91.6,97.2,25.1,25,35900,41400,45500
202324,2021/2022,1 YAG,First-degree,Male,CAH25-01-02,Art,500,495,0.8,0.7,490,5.4,17.3,59.8,70.8,77.3,17.5,275,9900,16500,22700
202324,2021/2022,1 YAG,First-degree,Female,CAH26-01-04,Environmental sciences,440,425,0.5,3,420,2.2,8.2,60.3,84.2,89.6,29.3,245,20100,25300,29300
202324,2021/2022,1 YAG,First-degree,Male,CAH11-01-02,Information technology,820,810,1.4,1.1,800,6.2,7.7,71.9,81.8,86.1,14.2,560,24900,32900,46500
202324,2021/2022,1 YAG,First-degree,Male,CAH11-01-05,Artificial intelligence,95,95,0.6,1,90,7.5,8.1,63,79,84.4,21.4,60,26700,33700,41400
202324,2019/2020,3 YAG,First-degree,Male,CAH10-03-02,Materials technology,150,145,0.7,1.7,145,3.6,4.9,75.5,89.7,91.5,16,110,31100,37700,49400
202223,2020/2021,1 YAG,First-degree,Male,CAH15-01-04,Anthropology,180,170,0.6,4.9,170,4.6,12.8,42.8,63.7,82.5,39.8,70,17500,24500,29600
202223,2020/2021,1 YAG,First-degree,Male,CAH10-01-10,Others in engineering,175,170,0,2.3,170,4.7,3.5,73.8,89,91.9,18,125,41200,43800,47400
202324,2021/2022,1 YAG,First-degree,Female,CAH19-04-07,African and modern middle eastern studies,75,70,1.4,6.6,70,6.6,11.3,51.1,72,82.1,31,35,15000,22900,32200
202324,2019/2020,3 YAG,First-degree,Male,CAH23-01-03,Humanities (non-specific),95,95,3.2,2.1,90,2.8,11,77.5,84.6,86.3,8.8,70,20900,27100,39900
202324,2021/2022,1 YAG,First-degree,Male,CAH15-01-04,Anthropology,150,145,0.7,0.9,145,3.8,15.8,48,69.4,80.5,32.4,65,13900,22300,28200
202324,2019/2020,3 YAG,First-degree,Female,CAH17-01-05,Human resource management,520,515,0.6,1,510,4.4,8,77.9,86,87.7,9.8,395,24200,28900,35900
202223,2020/2021,1 YAG,First-degree,Female,CAH01-01-04,Dentistry,560,555,0.9,1.1,550,2,11.5,81.4,84,86.5,5.1,235,34000,38200,43100
202223,2020/2021,1 YAG,First-degree,Female,CAH20-01-02,"History of art, architecture and design",480,470,1.1,2.2,465,4.1,8.9,52.7,76.9,87,34.4,240,14600,20800,26300
202324,2019/2020,3 YAG,First-degree,Male,CAH19-04-07,African and modern middle eastern studies,35,35,0,5.7,35,6.5,3,67.8,82.9,90.4,22.6,20,25300,30000,37700
202324,2019/2020,3 YAG,First-degree,Female,CAH26-01-02,Physical geographical sciences,965,925,0.3,4.1,920,1.8,4.6,79.5,92.1,93.6,14.1,725,26700,30400,36600
202223,2020/2021,1 YAG,First-degree,Male,CAH07-04-02,Forensic and archaeological sciences,380,380,0.9,0.9,375,2.4,9,65.1,81.2,88.6,23.5,240,16800,21500,24800
202223,2020/2021,1 YAG,First-degree,Female,CAH02-04-05,Children's nursing,1885,1870,0.6,0.8,1860,1,2.8,81.4,95.5,96.2,14.8,1510,27700,30700,34300
202223,2020/2021,1 YAG,First-degree,Female,CAH11-01-06,Computer games and animation,405,400,0.3,2,395,6.2,13.2,63.5,74,80.6,17.1,245,14200,19700,25600
202324,2021/2022,1 YAG,First-degree,Male,CAH05-01-01,Veterinary medicine and dentistry,180,175,0.6,2.8,175,2.9,0,78.3,88,97.1,18.9,135,32900,35900,39000
202122,2019/2020,1 YAG,First-degree,Female,CAH25-02-01,Performing arts (non-specific),370,370,0.4,0.8,365,2.3,8.4,68.8,85.2,89.2,20.5,240,11300,15300,20100
202223,2020/2021,1 YAG,First-degree,Female,CAH02-06-04,Environmental and public health,265,260,0.8,1,260,2.1,7.9,51.7,79,90,38.3,130,17900,23700,32800
202223,2020/2021,1 YAG,First-degree,Female,CAH10-01-07,Civil engineering,450,440,1,3.2,435,2.4,5.2,73.9,88.3,92.5,18.5,320,26600,29600,32800
202223,2020/2021,1 YAG,First-degree,Male,CAH11-01-03,Information systems,305,300,0.7,1.8,295,4,6.2,81.2,87.3,89.8,8.6,240,23000,27700,36900
202223,2020/2021,1 YAG,First-degree,Male,CAH19-01-07,Linguistics,120,115,0.4,7.2,115,6.1,7.9,47.2,70.2,86,38.7,50,19700,23400,28800
202223,2020/2021,1 YAG,First-degree,Male,CAH02-05-04,"Anatomy, physiology and pathology",300,295,0.4,1.3,295,1.1,6.8,38,73.3,92.1,54.1,110,19300,23400,28800
202324,2021/2022,1 YAG,First-degree,Female,CAH06-01-07,Food sciences,145,145,0.6,1.1,145,1.5,6.9,78.2,88.4,91.6,13.3,110,24200,28200,32600
202122,2019/2020,1 YAG,First-degree,Female,CAH03-01-06,Zoology,815,805,0,1.5,805,1.8,6.8,57.2,81.9,91.4,34.2,445,13900,18200,21500
202122,2019/2020,1 YAG,First-degree,Male,CAH13-01-04,"Planning (urban, rural and regional)",200,195,0.3,1,195,0.5,6.1,64.7,86.7,93.4,28.7,125,19700,23700,27700
202324,2021/2022,1 YAG,First-degree,Male,CAH10-03-07,Materials science,105,105,0.2,2.3,105,3.7,6.3,52.5,77.2,89.9,37.4,55,25600,33700,39900
202122,2019/2020,1 YAG,First-degree,Male,CAH24-01-02,Publicity studies,50,50,0,2,50,4.4,14.4,60.6,79.7,81.2,20.6,30,16400,20100,23400
202324,2021/2022,1 YAG,First-degree,Female,CAH25-02-01,Performing arts (non-specific),345,340,0.3,1.6,335,1.6,6.8,79.5,88.6,91.6,12.1,245,12800,18300,23100
202223,2020/2021,1 YAG,First-degree,Female,CAH23-01-02,Personal development,75,70,3.5,2.4,70,6.4,7.8,67.3,83.7,85.8,18.5,45,20100,25900,32500
202223,2020/2021,1 YAG,First-degree,Male,CAH01-01-04,Dentistry,315,310,0.6,1.9,310,0.6,11.3,80.3,85.8,88,7.8,105,33600,42000,50500
202122,2019/2020,1 YAG,First-degree,Male,CAH19-01-07,Linguistics,115,115,0,1,115,5.3,12.1,41.9,71.3,82.6,40.8,45,12700,20100,25200
202223,2020/2021,1 YAG,First-degree,Male,CAH17-01-05,Human resource management,205,205,3.5,1.2,195,5.4,6.3,71.7,86.1,88.3,16.6,140,20800,25200,31800
202324,2019/2020,3 YAG,First-degree,Female,CAH10-01-09,"Chemical, process and energy engineering",395,380,0.3,3.8,375,4,5.7,78.7,87.6,90.3,11.6,295,34400,41700,50500
202223,2020/2021,1 YAG,First-degree,Male,CAH01-01-01,Medical sciences (non-specific),95,95,0,1.4,95,0,1.1,14.6,52.6,98.9,84.3,15,19300,26300,36900
202122,2019/2020,1 YAG,First-degree,Female,CAH23-01-03,Humanities (non-specific),170,165,1.5,1.8,165,3.6,10.3,40.7,74.2,86.1,45.3,65,13900,20800,27700
202223,2020/2021,1 YAG,First-degree,Male,CAH09-01-03,Statistics,220,215,0.7,1.7,215,3.6,5.4,61.4,84.1,91,29.6,130,25700,33600,43100
202324,2019/2020,3 YAG,First-degree,Male,CAH26-01-03,Human geography,930,905,0.6,2.8,900,4.1,5.4,78.4,89.2,90.5,12.1,695,26700,31800,39200
202324,2019/2020,3 YAG,First-degree,Male,CAH26-01-02,Physical geographical sciences,775,760,0.3,2.3,755,4,5.5,76.3,87.6,90.6,14.2,565,26400,30700,37300
202223,2020/2021,1 YAG,First-degree,Male,CAH25-01-01,Creative arts and design (non-specific),95,95,1,0.4,95,3.7,14.2,67.9,78.9,82.1,14.2,60,12400,19300,24100
202122,2019/2020,1 YAG,First-degree,Male,CAH15-01-04,Anthropology,190,185,0.3,3.7,185,5,9.9,49,71.3,85.1,36.1,85,13100,19300,24500
202223,2020/2021,1 YAG,First-degree,Female,CAH26-01-01,Geography (non-specific),640,625,0.9,2.4,615,1.9,6,50.8,86.3,92.1,41.3,310,19300,23700,27400
202324,2019/2020,3 YAG,First-degree,Male,CAH26-01-04,Environmental sciences,365,350,0.7,4.2,345,4.1,6.2,77.7,87.8,89.7,12,260,24500,30000,35500
202223,2020/2021,1 YAG,First-degree,Male,CAH19-04-04,Iberian studies,245,235,0.1,3.6,235,7.8,10.8,57.6,75.3,81.4,23.8,135,21200,26100,31400
202324,2019/2020,3 YAG,First-degree,Male,CAH25-02-04,Dance,140,140,0.7,2.8,135,6.2,7.3,84.3,86.5,86.5,2.2,105,12400,20900,28200
202223,2020/2021,1 YAG,First-degree,Male,CAH25-02-04,Dance,140,140,1.4,2.1,135,6.6,8.4,66.8,76.3,85.1,18.3,85,9900,17600,23100
202122,2019/2020,1 YAG,First-degree,Male,CAH25-01-01,Creative arts and design (non-specific),110,110,0,0,110,5.5,17.9,63.8,72.9,76.6,12.8,65,12400,16800,21200
202324,2021/2022,1 YAG,First-degree,Female,CAH10-01-03,Production and manufacturing engineering,140,135,0.7,4.2,135,3.1,3.9,78.7,90.5,93,14.3,105,26000,33300,40600
202223,2020/2021,1 YAG,First-degree,Male,CAH02-06-05,Physiotherapy,590,585,0.9,1,580,2.2,4,87.8,92.9,93.8,6,500,25200,26600,29600
202324,2021/2022,1 YAG,First-degree,Male,CAH19-01-01,English studies (non-specific),565,550,0.5,2.9,545,5.9,9.7,44.9,68.7,84.4,39.5,235,15700,22000,27400
202122,2019/2020,1 YAG,First-degree,Female,CAH10-01-01,Engineering (non-specific),260,255,0.1,2.7,255,1.6,3.2,73.3,90.7,95.3,21.9,185,22600,28500,35000
202324,2021/2022,1 YAG,First-degree,Male,CAH03-01-04,Microbiology and cell science,100,95,0,3.1,95,7.3,9.3,51.1,65.8,83.4,32.3,50,19800,23400,29300
202324,2021/2022,1 YAG,First-degree,Male,CAH02-04-09,Others in nursing,105,105,0,0,105,2.8,0.9,47.7,87.7,96.2,48.5,45,37700,48300,52000
202324,2021/2022,1 YAG,First-degree,Female,CAH25-01-05,Others in creative arts and design,445,445,0.7,0.1,440,3.7,9.9,71.5,82,86.4,14.9,300,13200,18700,23800
202324,2019/2020,3 YAG,First-degree,Female,CAH20-01-02,"History of art, architecture and design",515,500,0.7,3.1,495,5.4,8.3,69.9,80.6,86.3,16.4,335,22000,27400,33300
202324,2019/2020,3 YAG,First-degree,Female,CAH10-03-06,Others in technology,95,95,3.6,3.7,90,7.1,12.5,75.3,80.4,80.4,5.2,65,21600,28400,37300
202324,2021/2022,1 YAG,First-degree,Female,CAH17-01-09,Others in business and management,55,55,0.9,0,55,2.8,6.5,82.5,87.1,90.8,8.3,45,24200,30000,42500
202324,2021/2022,1 YAG,First-degree,Male,CAH02-02-03,Pharmacy,640,640,0.7,0,635,2.5,21.7,53.9,73,75.8,21.9,285,13500,24500,32900
202122,2019/2020,1 YAG,First-degree,Male,CAH03-01-10,Others in biosciences,120,120,0.8,1.7,115,3.3,3.6,52.5,78.7,93.2,40.7,60,16800,20100,26600
202324,2019/2020,3 YAG,First-degree,Male,CAH10-03-06,Others in technology,525,510,1.1,2.4,505,5.4,6.1,81,87.6,88.5,7.5,375,21300,27100,34800
202223,2020/2021,1 YAG,First-degree,Female,CAH17-01-09,Others in business and management,85,85,0,0,85,1.2,6.9,75.7,91.9,91.9,16.2,60,16800,23100,34300
202223,2020/2021,1 YAG,First-degree,Female,CAH10-01-02,Mechanical engineering,425,415,1,2.2,410,3.6,4.1,67.8,87.8,92.3,24.5,275,25900,30300,34700
202122,2019/2020,1 YAG,First-degree,Male,CAH26-01-01,Geography (non-specific),540,535,0.5,1.1,530,2.9,5.7,52.4,81,91.4,38.9,270,15700,20800,25600
202324,2019/2020,3 YAG,First-degree,Male,CAH15-01-05,Development studies,90,90,2.4,3.3,85,7.5,12.4,71.5,79.6,80.2,8.7,60,24500,30700,36600
202122,2019/2020,1 YAG,First-degree,Male,CAH10-01-10,Others in engineering,60,60,3.4,4.8,55,8.8,5.3,77.2,84.2,86,8.8,45,32100,41200,48600
202223,2020/2021,1 YAG,First-degree,Male,CAH19-04-07,African and modern middle eastern studies,65,65,2.1,4.8,60,7.5,3.4,44.4,72.9,89.1,44.7,25,25600,28800,35800
202223,2020/2021,1 YAG,First-degree,Female,CAH10-01-04,Aeronautical and aerospace engineering,205,200,2,1.9,200,3.9,6,68.4,85.5,90.1,21.7,135,24800,29600,33200
202324,2021/2022,1 YAG,First-degree,Female,CAH02-05-04,"Anatomy, physiology and pathology",485,475,0.9,2.7,470,2.3,5.6,40.2,74,92,51.8,185,20900,26000,31100
202324,2021/2022,1 YAG,First-degree,Male,CAH03-01-10,Others in biosciences,120,115,0,2.7,115,4.3,7.4,42,69.8,88.3,46.4,50,17600,23400,29300
202223,2020/2021,1 YAG,First-degree,Female,CAH11-01-08,Others in computing,70,70,0,0.7,70,5.1,9,77.2,82.7,85.9,8.7,55,19700,23700,28500
202223,2020/2021,1 YAG,First-degree,Male,CAH06-01-04,Rural estate management,20,20,0,5.1,20,2.7,8.1,76.4,85.6,89.2,12.8,15,21500,23400,26300
202223,2020/2021,1 YAG,First-degree,Male,CAH09-01-02,Operational research,35,35,0.4,0.7,35,6.2,5,59.5,82.1,88.9,29.3,20,24800,30500,39400
202223,2020/2021,1 YAG,First-degree,Male,CAH20-01-05,Classics,360,355,1.5,1.7,350,6.4,4.8,41.2,69.2,88.8,47.6,135,17200,22300,28800
202324,2021/2022,1 YAG,First-degree,Male,CAH24-01-01,Information services,35,35,0,3,35,10.7,13.7,60.4,68,75.6,15.2,20,19000,23100,34800
202324,2021/2022,1 YAG,First-degree,Male,CAH20-01-02,"History of art, architecture and design",95,95,1.6,3.1,90,5.5,15.2,43.3,68.9,79.3,36,35,16500,25600,29600
202122,2019/2020,1 YAG,First-degree,Female,CAH13-01-02,Building,495,490,0.8,1,485,1.8,6.1,79.2,90.8,92.1,12.9,380,25600,31900,39800
202324,2019/2020,3 YAG,First-degree,Male,CAH03-01-10,Others in biosciences,120,115,0.9,2.9,115,3.9,5.8,61.1,81,90.3,29.3,70,26000,31800,42100
202324,2019/2020,3 YAG,First-degree,Male,CAH02-02-03,Pharmacy,745,740,0.4,0.7,735,6.2,4.7,56.9,84.1,89.1,32.2,390,12600,36800,51200
202122,2019/2020,1 YAG,First-degree,Female,CAH10-03-02,Materials technology,45,45,2.3,0,40,0,2.4,70,89.4,97.6,27.6,30,23400,27400,34700
202223,2020/2021,1 YAG,First-degree,Female,CAH06-01-07,Food sciences,145,140,1.3,1.7,140,1.8,8.3,72.8,84,89.9,17.2,100,20800,24800,28800
202324,2021/2022,1 YAG,First-degree,Male,CAH01-01-04,Dentistry,300,295,0.3,0.7,295,0.7,5.1,85.8,91.2,94.2,8.5,105,16800,38100,42800
202122,2019/2020,1 YAG,First-degree,Male,CAH23-01-04,Liberal arts (non-specific),75,75,0.7,1.3,75,2.7,13,49.6,72,84.3,34.8,35,18200,23700,28700
202223,2020/2021,1 YAG,First-degree,Male,CAH19-04-09,Others in language and area studies,460,435,1.3,5.7,430,4.6,7,55.2,77.8,88.4,33.2,230,19700,25900,33900
202324,2019/2020,3 YAG,First-degree,Female,CAH10-01-08,Electrical and electronic engineering,225,220,1.2,1.3,220,5,3.7,80.1,90.8,91.3,11.2,175,33300,42500,50500
202324,2021/2022,1 YAG,First-degree,Female,CAH10-01-04,Aeronautical and aerospace engineering,250,245,1.1,2,240,2.9,5.4,70.6,87.5,91.7,21.1,170,26700,31500,36600
202223,2020/2021,1 YAG,First-degree,Male,CAH03-01-07,Genetics,90,90,0,0,90,5.8,8.3,39.1,68.1,85.9,46.8,35,19000,25200,33200
202324,2021/2022,1 YAG,First-degree,Female,CAH19-04-03,Italian studies,75,70,0,6.8,70,5.2,9.2,57.5,78.4,85.6,28.1,40,18700,25300,29300
202324,2021/2022,1 YAG,First-degree,Male,CAH09-01-03,Statistics,160,160,1.2,1.3,155,4.1,5.4,66.2,85,90.5,24.3,100,25600,34000,44700
202324,2021/2022,1 YAG,First-degree,Male,CAH09-01-02,Operational research,25,25,1.1,0,25,1.1,4,58.9,91.4,94.9,36,15,31800,35500,38400
202223,2020/2021,1 YAG,First-degree,Female,CAH15-01-06,Cultural studies,60,60,1.7,0.8,60,3.9,4.2,60.4,87.3,91.8,31.4,35,19000,22600,25900
202324,2021/2022,1 YAG,First-degree,Male,CAH13-01-04,"Planning (urban, rural and regional)",220,210,0,3.7,210,2.5,7.4,65.1,84.9,90.1,25,135,22700,27800,32200
202324,2021/2022,1 YAG,First-degree,Male,CAH19-01-07,Linguistics,105,100,0.5,5.9,95,3.6,12.1,58.1,72.3,84.3,26.3,55,17600,23100,28200
202324,2021/2022,1 YAG,First-degree,Male,CAH19-01-02,English language,155,150,1.7,2,150,6.1,7.4,53.7,76.3,86.5,32.8,75,18300,23400,28200
202324,2021/2022,1 YAG,First-degree,Male,CAH03-01-06,Zoology,300,290,0.3,3.3,290,3.9,14,52.4,69.7,82.1,29.6,150,14600,21600,24500
202324,2021/2022,1 YAG,First-degree,Female,CAH10-01-02,Mechanical engineering,460,450,1.1,2.7,445,3.2,3.6,78.2,91.2,93.2,15,345,27400,31800,36600
202324,2021/2022,1 YAG,First-degree,Male,CAH02-02-02,Toxicology,5,5,c,c,5,c,c,c,c,c,c,5,c,c,c
202324,2021/2022,1 YAG,First-degree,Male,CAH02-02-01,Pharmacology,245,245,0.5,0.8,240,3.5,9.4,46.9,76,87.1,40.2,110,20500,24900,31800
202324,2021/2022,1 YAG,First-degree,Male,CAH15-04-03,Health studies,220,220,0,0.5,220,2,7.7,52.3,83.2,90.4,38.1,110,17600,25600,38400
202324,2021/2022,1 YAG,First-degree,Male,CAH23-01-02,Personal development,70,70,1.1,0,70,5.5,14.9,61.3,71.2,79.5,18.2,40,19800,28500,34800
202324,2021/2022,1 YAG,First-degree,Female,CAH06-01-08,Food and beverage production,35,30,0,3,30,5.1,1.8,86.2,93,93,6.8,30,24200,29300,34800
202223,2020/2021,1 YAG,First-degree,Female,CAH09-01-03,Statistics,115,115,0,0.7,115,3.8,4.9,58.8,84.3,91.4,32.6,65,24500,29200,38300
202324,2019/2020,3 YAG,First-degree,Female,CAH10-01-07,Civil engineering,460,445,0.4,3.5,445,3.9,5.2,82.5,88.1,90.9,8.5,360,31500,35100,41400
202324,2021/2022,1 YAG,First-degree,Male,CAH20-02-02,Theology and religious studies,345,340,0.8,1.5,335,12.3,7.8,53.7,71,79.8,26.2,170,16800,24500,30400
202324,2019/2020,3 YAG,First-degree,Male,CAH02-04-07,Mental health nursing,545,545,0.2,0.5,545,3.1,5.7,78.8,90.2,91.2,12.4,415,34000,41400,50100
202122,2019/2020,1 YAG,First-degree,Male,CAH25-01-05,Others in creative arts and design,65,65,1.6,0,60,8,20.8,65.6,71.2,71.2,5.6,40,12000,17700,21900
202324,2021/2022,1 YAG,First-degree,Male,CAH02-06-03,Ophthalmics,260,260,1.2,0.4,255,1.6,7.8,80.9,89.1,90.7,9.7,205,20900,24300,30400
202122,2019/2020,1 YAG,First-degree,Female,CAH23-01-02,Personal development,75,75,3.3,0,75,2.9,6.4,69.2,88.4,90.8,21.6,50,13900,19700,27700
202324,2021/2022,1 YAG,First-degree,Female,CAH11-01-07,Business computing,90,90,1.1,0.6,90,0.8,8.2,80.6,89.2,91,10.4,75,22300,28500,39500
202122,2019/2020,1 YAG,First-degree,Female,CAH07-04-04,Natural sciences (non-specific),295,290,0.8,1.7,285,3.6,4.4,45.2,80.6,92,46.8,125,21900,27000,33900
202324,2019/2020,3 YAG,First-degree,Female,CAH10-01-04,Aeronautical and aerospace engineering,195,185,0,4.1,185,6.4,4.8,74.8,86,88.7,14,135,28500,35900,44300
202324,2019/2020,3 YAG,First-degree,Female,CAH11-01-06,Computer games and animation,400,385,1,3.5,380,6,14.9,71.1,75.7,79.1,8,260,18400,24500,30700
202223,2020/2021,1 YAG,First-degree,Male,CAH02-04-01,Nursing (non-specific),95,90,2.5,3.2,90,3.3,5.6,65.6,87.7,91.1,25.5,55,34300,42000,51100
202223,2020/2021,1 YAG,First-degree,Male,CAH05-01-01,Veterinary medicine and dentistry,185,180,0.6,1.6,180,1.1,1.7,75,85.5,97.2,22.3,135,32100,34300,37600
202324,2021/2022,1 YAG,First-degree,Male,CAH02-04-01,Nursing (non-specific),110,105,0.9,1.8,105,3.8,2.8,62.9,90.6,93.4,30.5,65,31500,45000,55600
202122,2019/2020,1 YAG,First-degree,Female,CAH11-01-02,Information technology,145,145,0.9,0.7,145,4,7.4,63,79.5,88.6,25.6,90,19000,24500,35800
202324,2021/2022,1 YAG,First-degree,Male,CAH19-04-01,French studies,160,145,3.2,9.4,140,4.8,8.7,57.7,75.8,86.5,28.8,80,19800,27400,35100
202324,2019/2020,3 YAG,First-degree,Female,CAH07-04-02,Forensic and archaeological sciences,910,900,0.2,1.1,900,2.8,8.1,72.6,86,89.1,16.5,645,22300,26400,30700
202223,2020/2021,1 YAG,First-degree,Male,CAH19-04-03,Italian studies,40,35,0,5.3,35,9.1,4.9,55.4,74.4,86,30.6,20,20800,27000,35000
202223,2020/2021,1 YAG,First-degree,Male,CAH19-04-06,Asian studies,185,165,0,10.5,165,8.5,15,49.8,66.7,76.5,26.8,80,15700,23400,26600
202324,2021/2022,1 YAG,First-degree,Female,CAH02-06-04,Environmental and public health,235,235,0.4,0,235,3,11.4,52.6,75.9,85.6,33,125,18300,26000,33700
202223,2020/2021,1 YAG,First-degree,Female,CAH03-01-04,Microbiology and cell science,140,135,1.8,2.3,135,3,3.9,40.5,69.9,93.1,52.6,55,20800,22600,27000
202122,2019/2020,1 YAG,First-degree,Male,CAH20-01-03,Archaeology,260,255,0.6,1.2,255,4,9.6,45.7,72.3,86.4,40.7,115,14600,20800,24100
202324,2019/2020,3 YAG,First-degree,Male,CAH11-01-07,Business computing,360,360,0.9,0.6,355,5.7,6.2,81.7,87.1,88.1,6.4,280,26400,32200,41400
202223,2020/2021,1 YAG,First-degree,Male,CAH20-01-02,"History of art, architecture and design",100,100,2,0,100,6.5,12,46.4,71.8,81.5,35.1,45,14600,19000,23100
202122,2019/2020,1 YAG,First-degree,Female,CAH15-01-01,Social sciences (non-specific),315,310,0.6,1.8,305,3.4,7.8,52.5,79.6,88.8,36.3,160,14600,20400,25900
202324,2021/2022,1 YAG,First-degree,Female,CAH02-04-08,Learning disabilities nursing,215,215,0,0,215,1.4,2.1,88.6,96.1,96.5,7.9,190,30400,34600,39500
202122,2019/2020,1 YAG,First-degree,Male,CAH02-04-05,Children's nursing,35,35,2.8,0,35,2.9,5.7,85.6,91.4,91.4,5.7,30,27900,30700,33600
202324,2021/2022,1 YAG,First-degree,Male,CAH15-01-01,Social sciences (non-specific),135,135,0.9,0.8,130,9,7.3,55,75.3,83.7,28.7,70,20500,26000,35100
202324,2021/2022,1 YAG,First-degree,Male,CAH19-04-02,German and scandinavian studies,70,65,2,8,65,6.3,5.9,57.4,78.7,87.9,30.5,35,19400,25600,31800
202324,2019/2020,3 YAG,First-degree,Male,CAH13-01-04,"Planning (urban, rural and regional)",200,195,0.3,2.8,190,3.9,4.3,81.2,89.5,91.9,10.7,155,27100,32900,39900
202324,2021/2022,1 YAG,First-degree,Male,CAH03-01-07,Genetics,75,75,1.4,0.3,75,2.4,7.7,47,64.5,90,42.9,35,21200,25600,31100
202122,2019/2020,1 YAG,First-degree,Male,CAH20-01-05,Classics,300,300,0,1.5,300,4.4,9.8,40.4,67.2,85.8,45.3,115,15700,21900,26600
202223,2020/2021,1 YAG,First-degree,Male,CAH02-04-05,Children's nursing,45,45,0,0,45,0,0,78.6,100,100,21.4,35,27700,32100,39400
202223,2020/2021,1 YAG,First-degree,Male,CAH02-06-06,Complementary and alternative medicine,175,170,2.4,3.4,165,4.9,2.4,83,90.8,92.7,9.6,120,17900,25200,33700
202223,2020/2021,1 YAG,First-degree,Female,CAH02-04-06,Dental nursing,70,70,1.5,1.4,70,0,4.4,90,95.6,95.6,5.6,45,24400,32700,50200
202324,2021/2022,1 YAG,First-degree,Male,CAH23-01-03,Humanities (non-specific),170,170,0.6,1.7,170,8.3,11.9,53.4,67.7,79.8,26.4,85,13500,22700,30700
202122,2019/2020,1 YAG,First-degree,Female,CAH23-01-04,Liberal arts (non-specific),200,190,1.7,2.8,190,6.5,6.5,56.1,81.2,87,31,105,17200,21500,26300
202324,2021/2022,1 YAG,First-degree,Male,CAH07-04-03,Sciences (non-specific),35,35,3.9,1.9,35,5,3,58.6,85.9,91.9,33.4,20,25300,37000,52000
202324,2021/2022,1 YAG,First-degree,Female,CAH19-04-04,Iberian studies,435,405,1.6,6.9,395,4.2,7.3,60.2,79,88.5,28.3,230,18700,24900,30400
202122,2019/2020,1 YAG,First-degree,Male,CAH04-01-05,Others in psychology,45,45,0,0,45,6.7,8.2,48.2,70,85.1,36.9,20,17200,23000,29900
202223,2020/2021,1 YAG,First-degree,Female,CAH01-01-01,Medical sciences (non-specific),220,220,0.9,0.9,215,0,2.8,20.1,65.1,97.2,77.2,40,23700,28500,34300
202223,2020/2021,1 YAG,First-degree,Male,CAH11-01-05,Artificial intelligence,60,60,0.1,2.3,60,4.4,3.5,73.4,85.5,92.1,18.7,45,26300,32800,40900
202122,2019/2020,1 YAG,First-degree,Male,CAH19-04-02,German and scandinavian studies,125,120,0,4.2,120,8.9,7.6,49.4,71.4,83.4,34,60,19300,23700,28800
202223,2020/2021,1 YAG,First-degree,Male,CAH06-01-03,Agriculture,280,270,0.7,3.7,265,6.5,7.4,70.1,83.9,86.1,15.9,180,19900,25900,31400
202324,2019/2020,3 YAG,First-degree,Female,CAH23-01-03,Humanities (non-specific),170,165,2.1,1.8,165,3.7,11.9,66.3,79.3,84.4,18.2,105,22000,28200,36600
202324,2021/2022,1 YAG,First-degree,Female,CAH23-01-04,Liberal arts (non-specific),265,255,1.9,3.8,250,2.4,7.3,56.4,81.4,90.3,33.9,135,17200,23400,30000
202223,2020/2021,1 YAG,First-degree,Male,CAH19-04-05,Slavic studies,50,45,0,6.2,45,10,8.2,41.4,59.7,81.8,40.3,15,19700,25900,36100
202122,2019/2020,1 YAG,First-degree,Female,CAH05-01-02,Others in veterinary sciences,240,235,0.4,0.8,235,0.8,1.7,84.1,94.5,97.5,13.4,190,20100,22300,25200
202122,2019/2020,1 YAG,First-degree,Female,CAH11-01-04,Software engineering,145,140,0.4,2.7,140,4.6,7.1,65.8,85.2,88.3,22.5,90,20400,27400,34700
202324,2019/2020,3 YAG,First-degree,Female,CAH11-01-02,Information technology,145,145,0.9,1.7,140,5.1,9.7,72.7,82.4,85.2,12.5,100,25300,30000,40300
202324,2021/2022,1 YAG,First-degree,Female,CAH03-01-03,Ecology and environmental biology,570,545,1.1,4.6,535,2,9.2,59.5,81,88.8,29.2,315,16500,22000,25600
202324,2019/2020,3 YAG,First-degree,Female,CAH23-01-04,Liberal arts (non-specific),200,185,2.3,5.4,185,5.7,6.7,71.9,83.1,87.5,15.6,130,24200,32200,38800
202223,2020/2021,1 YAG,First-degree,Female,CAH07-01-02,Astronomy,85,80,0.8,3.8,80,4,7.1,46.4,78.6,88.9,42.4,35,19300,24100,28500
202324,2021/2022,1 YAG,First-degree,Female,CAH17-01-05,Human resource management,530,525,1.3,0.6,520,3.8,8.8,72,83.5,87.4,15.5,365,20900,25600,30400
202122,2019/2020,1 YAG,First-degree,Male,CAH02-04-09,Others in nursing,100,95,0,2,95,2.3,0,49.2,95.6,97.7,48.5,45,32800,42000,47800
202324,2021/2022,1 YAG,First-degree,Female,CAH11-01-06,Computer games and animation,470,470,0.6,0.5,465,7.2,18.2,59.8,68.6,74.6,14.8,270,13500,20900,27000
202324,2021/2022,1 YAG,First-degree,Female,CAH04-01-05,Others in psychology,195,190,0,2.1,190,1.7,8.8,54,82.8,89.5,35.5,100,18700,23100,27400
202122,2019/2020,1 YAG,First-degree,Male,CAH07-04-01,Physical sciences (non-specific),55,50,0.7,3.1,50,3.3,0.7,59.8,81.6,96.1,36.2,30,16400,23000,32100
202324,2019/2020,3 YAG,First-degree,Male,CAH02-04-09,Others in nursing,100,90,0,7.1,90,1.3,3.5,56.5,94.1,95.2,38.6,50,41000,48700,53400
202324,2021/2022,1 YAG,First-degree,Male,CAH06-01-05,Forestry and arboriculture,15,15,0,0,15,8.7,0,84.1,91.3,91.3,7.2,10,c,c,c
202122,2019/2020,1 YAG,First-degree,Female,CAH02-06-06,Complementary and alternative medicine,365,360,2.5,0.8,350,5.1,5.4,78.6,86.9,89.5,10.8,235,14600,23500,28800
202324,2021/2022,1 YAG,First-degree,Male,CAH02-04-08,Learning disabilities nursing,35,35,0,0,35,0,0,98.6,100,100,1.4,35,31500,38100,47200
202324,2021/2022,1 YAG,First-degree,Female,CAH23-01-03,Humanities (non-specific),385,380,1.3,2,375,8.3,10.8,53.2,72.5,80.9,27.7,190,15300,22700,28200
202122,2019/2020,1 YAG,First-degree,Male,CAH19-01-05,Creative writing,410,410,0.6,0.9,405,6.2,13.9,50.9,70.8,79.9,29,195,10600,15300,19700
202122,2019/2020,1 YAG,First-degree,Female,CAH03-01-10,Others in biosciences,230,230,0.7,1.7,225,3.3,6.6,39,76,90.1,51.1,85,16100,21200,24800
202324,2021/2022,1 YAG,First-degree,Female,CAH07-04-04,Natural sciences (non-specific),290,285,2.2,2.1,280,2.6,3.2,52.3,84.5,94.1,41.9,140,22700,28900,36200
202324,2021/2022,1 YAG,First-degree,Female,CAH07-04-01,Physical sciences (non-specific),50,50,2.8,0,45,5.1,6.5,55.8,81.9,88.4,32.6,25,22700,27400,35500
202324,2019/2020,3 YAG,First-degree,Female,CAH03-01-04,Microbiology and cell science,120,120,0,1.1,120,2.4,5.5,55.1,80,92.1,37,65,24500,29600,34800
202324,2019/2020,3 YAG,First-degree,Female,CAH23-01-02,Personal development,75,75,4.1,2.2,75,3.6,7.1,72.7,88.5,89.2,16.5,50,20100,28200,34000
202223,2020/2021,1 YAG,First-degree,Male,CAH02-04-09,Others in nursing,110,110,0.1,0,110,0,1.8,52.7,94.5,98.2,45.4,60,35000,45300,51800
202223,2020/2021,1 YAG,First-degree,Female,CAH13-01-04,"Planning (urban, rural and regional)",165,160,0,3.4,160,1,7.4,68,87.2,91.5,23.5,110,21500,25600,29900
202223,2020/2021,1 YAG,First-degree,Male,CAH02-05-02,Healthcare science (non-specific),125,125,0.8,0,125,0.8,3.6,63,85.8,95.6,32.5,75,28500,33200,42000
202324,2021/2022,1 YAG,First-degree,Female,CAH04-01-03,Developmental psychology,245,245,0,0.3,245,2.1,4.7,54.3,86.5,93.2,38.8,130,14300,20500,24200
202324,2021/2022,1 YAG,First-degree,Female,CAH19-01-06,Others in English studies,25,25,0,0,25,3.8,7.7,65.4,84.6,88.5,23.1,15,16800,18500,23900
202122,2019/2020,1 YAG,First-degree,Female,CAH19-04-07,African and modern middle eastern studies,90,85,0,2.4,85,5.7,12.2,45.7,70.4,82.1,36.4,35,15700,21200,28500
202223,2020/2021,1 YAG,First-degree,Male,CAH06-01-08,Food and beverage production,10,10,c,c,10,c,c,c,c,c,c,10,c,c,c
202223,2020/2021,1 YAG,First-degree,Male,CAH02-06-07,"Counselling, psychotherapy and occupational therapy",240,235,0,0.6,235,3.1,6.6,74.1,88.3,90.3,16.2,165,22300,25200,30300
202122,2019/2020,1 YAG,First-degree,Male,CAH19-04-07,African and modern middle eastern studies,35,35,0,4.3,35,0,12.4,38.7,68.3,87.6,48.9,15,16800,21900,29900
202122,2019/2020,1 YAG,First-degree,Female,CAH11-01-01,Computer science,865,865,1,0.2,855,3.8,8.3,69.7,82.1,87.9,18.2,585,20400,28500,35800
202122,2019/2020,1 YAG,First-degree,Male,CAH02-06-07,"Counselling, psychotherapy and occupational therapy",225,225,0.9,0,220,1.8,5,75.2,89.3,93.2,18.1,155,20100,24500,28500
202324,2021/2022,1 YAG,First-degree,Female,CAH05-01-01,Veterinary medicine and dentistry,740,720,0.3,2.6,720,1.5,3.6,76.6,85.9,94.8,18.2,550,31800,34000,37300
202122,2019/2020,1 YAG,First-degree,Female,CAH19-04-06,Asian studies,315,290,0.2,6.7,290,8.8,13.9,46.7,66.2,77.3,30.6,130,11700,19000,24100
202223,2020/2021,1 YAG,First-degree,Male,CAH03-01-04,Microbiology and cell science,115,110,2.7,1.8,110,0,4.1,42.4,75.5,95.9,53.5,45,19000,22300,24500
202223,2020/2021,1 YAG,First-degree,Male,CAH11-01-08,Others in computing,335,330,0.5,1.5,325,3.3,9.6,75.8,84.3,87.1,11.2,240,21200,26300,32500
202223,2020/2021,1 YAG,First-degree,Female,CAH02-02-01,Pharmacology,355,355,1.4,0.8,350,2,7.9,48.9,77.9,90.1,41.2,165,18600,25200,29600
202223,2020/2021,1 YAG,First-degree,Male,CAH06-01-01,Animal science,110,110,0.9,0,110,5.5,2.1,67.9,85,92.4,24.6,75,17200,21200,24100
202324,2021/2022,1 YAG,First-degree,Male,CAH19-04-04,Iberian studies,170,150,1.9,11.3,150,8.8,12.3,50.7,71.2,78.9,28.2,70,22700,26700,32200
202122,2019/2020,1 YAG,First-degree,Female,CAH13-01-04,"Planning (urban, rural and regional)",185,185,0.5,1,180,0.8,5.4,55.2,86.4,93.8,38.6,100,20100,23400,27400
202122,2019/2020,1 YAG,First-degree,Female,CAH03-01-07,Genetics,135,135,0.8,2.7,130,5.6,5,40.8,73.6,89.5,48.6,55,20100,24500,28100
202122,2019/2020,1 YAG,First-degree,Female,CAH06-01-03,Agriculture,330,320,0,1.9,320,3,6.5,71.1,87.3,90.5,19.4,225,17900,23000,26300
202223,2020/2021,1 YAG,First-degree,Female,CAH02-05-02,Healthcare science (non-specific),270,270,1.3,0.6,265,1.5,2.7,60.8,85.3,95.8,35,160,25200,28500,34700
202223,2020/2021,1 YAG,First-degree,Female,CAH06-01-03,Agriculture,330,320,0.6,2.6,320,3.9,3.9,75.8,88.5,92.1,16.3,235,17500,22600,27000
202122,2019/2020,1 YAG,First-degree,Male,CAH19-01-02,English language,165,165,0.6,0.6,165,2.2,8.7,49.1,75.1,89,40,80,13100,18600,22300
202122,2019/2020,1 YAG,First-degree,Male,CAH20-01-02,"History of art, architecture and design",85,85,0,0,85,6.1,11.3,42.1,67.5,82.7,40.6,30,13500,20100,23800
202122,2019/2020,1 YAG,First-degree,Female,CAH10-01-02,Mechanical engineering,445,440,0.7,1.5,435,2.3,3.6,66.2,89,94.1,27.8,285,24800,28800,33600
202122,2019/2020,1 YAG,First-degree,Female,CAH02-02-02,Toxicology,10,10,c,c,10,c,c,c,c,c,c,5,c,c,c
202324,2021/2022,1 YAG,First-degree,Female,CAH19-04-06,Asian studies,255,225,0.9,10.4,225,10.8,10.4,49.7,69.8,78.8,29.2,105,15700,23800,27400
202324,2021/2022,1 YAG,First-degree,Male,CAH15-01-05,Development studies,70,65,0,3.1,65,4.5,7.3,57.9,75.7,88.2,30.3,40,22000,26400,30400
202324,2021/2022,1 YAG,First-degree,Male,CAH19-04-06,Asian studies,115,95,0.5,15.4,95,15.7,14.8,48,60.5,69.5,21.5,40,19000,24500,31800
202324,2021/2022,1 YAG,First-degree,Female,CAH20-01-02,"History of art, architecture and design",410,395,0.7,3.5,395,3.1,10.1,54,75.2,86.8,32.8,205,15400,22700,27100
202324,2021/2022,1 YAG,First-degree,Female,CAH11-01-03,Information systems,90,90,0,1.6,90,1.6,7.5,78.8,88.8,91,12.2,70,23400,30400,42800
202324,2019/2020,3 YAG,First-degree,Female,CAH10-01-06,"Bioengineering, medical and biomedical engineering",200,195,1.1,3.6,195,3.2,7.4,61,82.1,89.5,28.5,115,26400,32900,41400
202324,2019/2020,3 YAG,First-degree,Male,CAH02-06-03,Ophthalmics,250,245,0,1.2,245,3.2,13,62.8,81.4,83.8,21.1,140,20600,31800,46800
202122,2019/2020,1 YAG,First-degree,Male,CAH19-04-04,Iberian studies,255,240,0.8,5.7,240,7.8,7.7,54.6,75.7,84.5,29.9,130,18200,24100,29600
202324,2019/2020,3 YAG,First-degree,Female,CAH24-01-02,Publicity studies,175,165,1.8,4.8,160,5.3,12.2,78.2,82,82.5,4.3,125,26400,30700,34000
202223,2020/2021,1 YAG,First-degree,Male,CAH19-01-01,English studies (non-specific),715,705,0.4,1.7,700,3.6,7,47.8,76.1,89.4,41.6,315,14200,21500,26600
202122,2019/2020,1 YAG,First-degree,Male,CAH07-01-02,Astronomy,190,185,0,0.6,185,4.5,7,46.5,74.3,88.5,41.9,85,16100,22300,28500
202324,2019/2020,3 YAG,First-degree,Male,CAH15-01-03,Social policy,240,235,0,1.9,235,3.3,8.5,69.7,86.1,88.2,18.5,160,24900,29600,34800
202122,2019/2020,1 YAG,First-degree,Female,CAH04-01-03,Developmental psychology,160,160,0.9,0,160,0.8,7.7,47.2,82.4,91.5,44.3,75,13100,17500,21200
202122,2019/2020,1 YAG,First-degree,Female,CAH15-01-06,Cultural studies,50,50,0.5,1,50,3.8,11.4,67.9,79.7,84.8,16.9,30,14200,18600,23000
202324,2021/2022,1 YAG,First-degree,Female,CAH10-01-09,"Chemical, process and energy engineering",370,365,0.5,1.1,365,5.2,6.7,67.9,81.7,88.1,20.2,245,28200,32200,39200
202324,2021/2022,1 YAG,First-degree,Male,CAH07-01-02,Astronomy,215,215,0.6,1.8,210,6.8,5.7,56.1,74.9,87.4,31.3,115,20100,26400,33700
202122,2019/2020,1 YAG,First-degree,Male,CAH06-01-03,Agriculture,300,295,0.7,2,295,7.3,7.9,70.4,83.5,84.8,14.4,200,19000,24800,29200
202324,2019/2020,3 YAG,First-degree,Female,CAH04-01-03,Developmental psychology,160,160,0.9,0.6,160,2.7,10.2,67.1,85.2,87.1,20,105,20900,25300,29300
202223,2020/2021,1 YAG,First-degree,Male,CAH15-01-01,Social sciences (non-specific),180,180,0.1,1.8,180,8.7,11.3,58.3,75,79.9,21.6,100,19000,24500,31800
202223,2020/2021,1 YAG,First-degree,Female,CAH10-03-07,Materials science,65,65,1.2,1.5,65,7.6,2.7,40.4,79.3,89.6,49.2,25,26600,29600,31400
202122,2019/2020,1 YAG,First-degree,Female,CAH11-01-07,Business computing,115,115,0,0.1,115,0.4,5.8,76.8,87.9,93.8,16.9,85,18200,25200,29900
202122,2019/2020,1 YAG,First-degree,Female,CAH10-03-05,Biotechnology,25,25,1.4,4,25,2.8,6.4,64.4,80.1,90.8,26.4,15,20800,27400,31800
202324,2021/2022,1 YAG,First-degree,Male,CAH23-01-04,Liberal arts (non-specific),75,70,4.2,2.7,70,7.3,8.7,54.1,72.5,84,29.9,35,22300,27100,34000
202324,2019/2020,3 YAG,First-degree,Male,CAH06-01-07,Food sciences,40,40,0,0,40,1,2.4,87.1,94.4,96.6,9.5,35,25300,32900,37300
202122,2019/2020,1 YAG,First-degree,Male,CAH10-01-06,"Bioengineering, medical and biomedical engineering",230,230,0.1,1.6,230,3.5,7.1,46.9,72.2,89.4,42.5,105,20400,25900,29900
202324,2019/2020,3 YAG,First-degree,Female,CAH19-04-05,Slavic studies,60,55,0,9.3,55,4.1,7.3,68.9,85,88.6,19.7,35,27800,34400,45000
202122,2019/2020,1 YAG,First-degree,Male,CAH02-06-03,Ophthalmics,250,250,0,0.4,250,1.2,5.2,87.6,92.8,93.6,6,215,17500,19300,23400
202324,2019/2020,3 YAG,First-degree,Male,CAH15-01-01,Social sciences (non-specific),105,105,0,0.4,105,6,7.6,74.4,83,86.4,12,75,23400,32900,43600
202223,2020/2021,1 YAG,First-degree,Female,CAH19-04-07,African and modern middle eastern studies,80,75,0.1,3.1,75,9.7,11.8,49.1,73.2,78.5,29.3,35,18600,23700,29600
202122,2019/2020,1 YAG,First-degree,Male,CAH06-01-02,Agricultural sciences,15,15,0,2.9,15,0,11.2,60.4,74,88.8,28.4,10,c,c,c
202223,2020/2021,1 YAG,First-degree,Male,CAH02-02-01,Pharmacology,235,230,0,3.6,230,3.9,7.6,47.7,71.5,88.5,40.8,105,20100,24800,29600
202223,2020/2021,1 YAG,First-degree,Female,CAH10-03-06,Others in technology,95,85,0.4,6.3,85,2,10.9,68.3,83.8,87.1,18.9,55,19000,23700,27400
202122,2019/2020,1 YAG,First-degree,Male,CAH15-01-03,Social policy,240,240,0.1,0.5,240,2.7,6.5,59.3,85,90.9,31.6,140,17200,22300,25600
202324,2019/2020,3 YAG,First-degree,Male,CAH03-01-07,Genetics,100,95,2.1,3,95,4.5,8.6,53.3,75.5,87,33.6,50,23100,30400,38800
202324,2021/2022,1 YAG,First-degree,Male,CAH25-01-01,Creative arts and design (non-specific),90,85,2.3,1.1,85,5.3,8.3,78.1,85.2,86.4,8.3,65,12400,20900,24600
202223,2020/2021,1 YAG,First-degree,Male,CAH07-04-04,Natural sciences (non-specific),330,325,1,1.6,320,6.9,4.6,50.7,77.9,88.5,37.9,155,20400,28500,35000
202122,2019/2020,1 YAG,First-degree,Male,CAH11-01-05,Artificial intelligence,45,45,0,1.8,45,1.3,6,75.7,87.5,92.7,17,35,24500,29900,36500
202324,2019/2020,3 YAG,First-degree,Female,CAH10-03-07,Materials science,65,65,0,2.7,65,6,1.9,59.9,79.6,92.2,32.3,35,31500,40300,48700
202324,2021/2022,1 YAG,First-degree,Female,CAH05-01-02,Others in veterinary sciences,250,245,0.4,2.6,245,0.8,5,76.6,90.5,94.2,17.5,180,23100,26000,28200
202122,2019/2020,1 YAG,First-degree,Male,CAH15-04-03,Health studies,210,210,1,0.7,210,1.3,5.2,46.6,84.9,93.5,47,90,17900,21900,29100
202122,2019/2020,1 YAG,First-degree,Female,CAH19-04-05,Slavic studies,60,55,0,6.4,55,8.3,1.8,52.6,81.2,89.9,37.3,30,19700,24100,30700
202122,2019/2020,1 YAG,First-degree,Female,CAH02-05-02,Healthcare science (non-specific),155,150,0,1,150,4,3.3,75.6,89.5,92.8,17.1,115,23700,26600,34700
202223,2020/2021,1 YAG,First-degree,Male,CAH19-01-02,English language,220,215,2,2.6,210,5,8.9,54.7,77.4,86.1,31.4,110,17900,22600,28500
202223,2020/2021,1 YAG,First-degree,Male,CAH15-01-03,Social policy,250,245,0.9,2.4,240,3.2,8.7,55.4,81.6,88.1,32.7,130,18600,24800,30700
202223,2020/2021,1 YAG,First-degree,Male,CAH10-03-05,Biotechnology,35,35,0,0,35,3,6.1,49.2,66.4,90.9,41.7,15,20400,22300,28500
202223,2020/2021,1 YAG,First-degree,Male,CAH24-01-02,Publicity studies,50,50,0,1,50,6.2,10.7,65.7,79.8,83.1,17.4,30,20800,23700,27400
202122,2019/2020,1 YAG,First-degree,Female,CAH10-01-04,Aeronautical and aerospace engineering,195,190,0,3.1,190,4.6,4.8,66.1,84.2,90.6,24.4,125,19000,27000,30300
202122,2019/2020,1 YAG,First-degree,Male,CAH17-01-05,Human resource management,185,180,1.9,1.4,180,2.5,10.5,64.7,81.4,87,22.3,110,16400,21500,27400
202122,2019/2020,1 YAG,First-degree,Male,CAH01-01-01,Medical sciences (non-specific),90,85,0,2.6,85,1.2,4.6,16.2,61.4,94.2,78,15,11300,20100,28100
202122,2019/2020,1 YAG,First-degree,Male,CAH25-02-01,Performing arts (non-specific),150,150,0,0,150,2.3,16.1,63.4,76.5,81.6,18.2,85,9900,15300,19000
202324,2019/2020,3 YAG,First-degree,Male,CAH02-04-01,Nursing (non-specific),115,115,3.6,2.6,110,7.7,4.4,62.6,86.7,87.9,25.3,65,35100,45800,55300
202324,2021/2022,1 YAG,First-degree,Female,CAH26-01-06,Earth sciences,335,320,1,3.6,320,3.3,5.2,51.3,81.8,91.5,40.3,160,21600,26400,30700
202223,2020/2021,1 YAG,First-degree,Male,CAH06-01-07,Food sciences,50,50,1.9,0,50,3.9,3.4,84.8,87.8,92.7,7.9,45,23400,27700,39400
202324,2019/2020,3 YAG,First-degree,Female,CAH02-06-04,Environmental and public health,270,265,0.7,0.7,265,3.2,9.4,63.5,82.4,87.4,23.9,165,18300,26700,37700
202122,2019/2020,1 YAG,First-degree,Male,CAH19-04-06,Asian studies,155,145,0.4,7.3,140,10.6,18.8,44.3,58.9,70.6,26.3,60,14200,21900,27000
202324,2019/2020,3 YAG,First-degree,Female,CAH11-01-08,Others in computing,75,70,1.4,4.6,70,2.8,9.6,80.6,86.2,87.6,7,55,25600,33300,41400
202324,2019/2020,3 YAG,First-degree,Female,CAH04-01-04,Psychology and health,110,110,0,0.2,110,2,5.6,63,87.8,92.3,29.3,70,20100,24900,30700
202223,2020/2021,1 YAG,First-degree,Female,CAH03-01-10,Others in biosciences,195,190,0.8,2.8,190,3.7,9.1,49.5,73.6,87.3,37.8,90,19300,23400,27700
202223,2020/2021,1 YAG,First-degree,Female,CAH25-01-05,Others in creative arts and design,375,370,1.2,1.1,365,2.5,11.8,64.9,79.7,85.7,20.9,230,13100,18600,22600
202324,2019/2020,3 YAG,First-degree,Female,CAH10-03-01,Minerals technology,10,10,c,c,10,c,c,c,c,c,c,5,c,c,c
202324,2021/2022,1 YAG,First-degree,Male,CAH06-01-01,Animal science,130,130,1.4,1.5,125,4.7,10.6,61.9,78.7,84.7,22.7,75,18300,22700,25300
202223,2020/2021,1 YAG,First-degree,Male,CAH10-03-02,Materials technology,110,110,1.8,1.8,110,0.9,3.7,69.2,84.2,95.4,26.2,75,25900,30300,34700
202324,2021/2022,1 YAG,First-degree,Male,CAH10-03-02,Materials technology,115,115,0,0.9,115,6.6,3.1,63,80,90.4,27.3,70,27800,31800,39500
202324,2021/2022,1 YAG,First-degree,Female,CAH03-01-04,Microbiology and cell science,155,155,0.6,1.3,155,2.7,7.5,39.4,66.9,89.8,50.3,60,22000,26000,29300
202324,2021/2022,1 YAG,First-degree,Female,CAH07-01-02,Astronomy,90,90,1.1,0.6,90,5.2,4.3,45.5,77.6,90.5,45,40,20100,27100,33300
202324,2021/2022,1 YAG,First-degree,Male,CAH25-02-01,Performing arts (non-specific),125,125,0.3,1.2,125,8,14,66.3,77.5,77.9,11.6,75,10300,18200,23400
202324,2019/2020,3 YAG,First-degree,Male,CAH19-04-06,Asian studies,155,140,0.4,8.6,140,19,8.5,55.9,66.8,72.5,16.6,70,22700,29300,39900
202324,2019/2020,3 YAG,First-degree,Male,CAH02-05-01,Medical technology,285,285,2.1,0,280,1.6,5.5,72.4,92.5,92.9,20.5,205,36200,41000,47600
202324,2019/2020,3 YAG,First-degree,Female,CAH10-03-05,Biotechnology,25,25,1.4,4.2,25,4.3,19.2,48.8,72.3,76.5,27.7,10,c,c,c
202324,2019/2020,3 YAG,First-degree,Female,CAH11-01-03,Information systems,70,70,0,1.4,70,8.4,5.6,81.8,84.6,86,4.2,55,23800,32600,47200
202122,2019/2020,1 YAG,First-degree,Female,CAH04-01-04,Psychology and health,110,110,0,0,110,1.4,2.9,44.1,87.2,95.7,51.6,50,12400,17200,20400
202122,2019/2020,1 YAG,First-degree,Female,CAH10-01-06,"Bioengineering, medical and biomedical engineering",200,200,1.5,1.7,195,1.9,6.5,49.1,83.3,91.7,42.6,95,19300,26300,33200
202324,2021/2022,1 YAG,First-degree,Female,CAH03-01-07,Genetics,110,105,1.9,2.8,105,3.8,10.5,46.8,75.2,85.7,38.9,50,20100,25300,28900
202223,2020/2021,1 YAG,First-degree,Male,CAH23-01-04,Liberal arts (non-specific),90,85,0,5,85,8.4,10.7,46.7,73.1,80.9,34.2,35,16400,23700,32800
202324,2019/2020,3 YAG,First-degree,Male,CAH02-06-04,Environmental and public health,85,85,2.4,2.6,80,9.9,2.5,75.4,87.7,87.7,12.3,60,30000,42800,54500
202324,2019/2020,3 YAG,First-degree,Male,CAH24-01-02,Publicity studies,50,50,0,4.6,50,5.2,17.7,69.8,73.9,77.1,7.3,30,24500,27800,33300
202223,2020/2021,1 YAG,First-degree,Male,CAH05-01-02,Others in veterinary sciences,15,15,0,0,15,20.2,0,59.6,79.8,79.8,20.2,10,c,c,c
202324,2019/2020,3 YAG,First-degree,Male,CAH23-01-04,Liberal arts (non-specific),75,75,3.4,2.7,70,3.6,8.5,73.7,82.2,87.9,14.2,50,22700,30700,45400
202223,2020/2021,1 YAG,First-degree,Male,CAH07-04-03,Sciences (non-specific),40,35,1.8,3.5,35,6.4,4.6,55.1,80.7,89,33.9,20,25900,32800,46000
202223,2020/2021,1 YAG,First-degree,Male,CAH15-01-05,Development studies,90,90,1.1,3.5,85,4.6,6.7,51.5,79.4,88.7,37.2,40,18600,25600,32800
202324,2019/2020,3 YAG,First-degree,Female,CAH17-01-09,Others in business and management,45,45,0,0,45,2.2,6.6,82.1,89,91.2,9,35,19000,24500,32200
202122,2019/2020,1 YAG,First-degree,Female,CAH01-01-03,Medicine by specialism,45,45,0,0,45,1.1,2.2,52.2,80,96.7,44.4,25,27000,31000,36500
202122,2019/2020,1 YAG,First-degree,Male,CAH06-01-04,Rural estate management,20,20,0,3.1,20,0,4.8,72.8,83.2,95.2,22.4,15,17900,21900,26300
202324,2021/2022,1 YAG,First-degree,Male,CAH05-01-02,Others in veterinary sciences,30,25,0,3.6,25,7.4,6.1,69.8,80.9,86.4,16.7,20,25600,28500,35500
202122,2019/2020,1 YAG,First-degree,Male,CAH24-01-03,Publishing,25,25,2.1,0,25,16.6,3.6,61.2,76.1,79.8,18.6,15,12800,20400,28100
202324,2019/2020,3 YAG,First-degree,Female,CAH06-01-04,Rural estate management,20,20,0,0,20,5.2,3.5,79,91.3,91.3,12.3,15,16500,22000,30000
202324,2021/2022,1 YAG,First-degree,Male,CAH01-01-03,Medicine by specialism,20,20,0,0,20,0,4.4,44.4,68.9,95.6,51.1,10,c,c,c
202324,2021/2022,1 YAG,First-degree,Male,CAH07-04-01,Physical sciences (non-specific),45,45,1.5,0,45,6.1,4.6,54.1,80.1,89.3,35.1,25,22700,28500,34800
202223,2020/2021,1 YAG,First-degree,Male,CAH07-04-01,Physical sciences (non-specific),45,45,0.8,0.8,40,4.8,4,57.6,79.3,91.2,33.6,25,20400,26600,38000
202122,2019/2020,1 YAG,First-degree,Male,CAH06-01-05,Forestry and arboriculture,15,15,6.1,0,15,0,7.8,85.7,92.2,92.2,6.5,10,c,c,c
202122,2019/2020,1 YAG,First-degree,Male,CAH03-01-04,Microbiology and cell science,130,130,1.6,0,125,2.9,4.1,46.5,75.4,93,46.5,60,19000,22300,28100
202223,2020/2021,1 YAG,First-degree,Male,CAH15-04-02,Childhood and youth studies,125,120,0,0.8,120,3.3,5.5,61.4,84.7,91.2,29.8,70,17200,21900,27000
202324,2019/2020,3 YAG,First-degree,Male,CAH05-01-02,Others in veterinary sciences,25,20,0,8.7,20,0,0,78.6,97.6,100,21.4,15,24200,27400,37000
202223,2020/2021,1 YAG,First-degree,Male,CAH02-06-02,Nutrition and dietetics,170,170,1.8,0.6,170,1.8,7.8,64.8,84,90.4,25.7,105,18600,23000,27400
202324,2019/2020,3 YAG,First-degree,Male,CAH10-03-05,Biotechnology,40,40,0,4.7,40,2.5,10,73.4,83.3,87.6,14.2,30,26700,30400,42800
202324,2019/2020,3 YAG,First-degree,Male,CAH19-04-03,Italian studies,35,30,3.9,8.6,30,12.7,3.3,72.8,81.5,84,11.2,20,28500,34400,47200
202223,2020/2021,1 YAG,First-degree,Female,CAH10-03-05,Biotechnology,30,30,3.6,1.2,25,1.9,2.6,55.2,88.1,95.5,40.4,15,22100,23700,28100
202324,2019/2020,3 YAG,First-degree,Female,CAH10-03-03,Polymers and textiles,50,50,0,5.6,50,2.6,9.5,82.7,87.9,87.9,5.3,40,17900,22700,26400
202324,2019/2020,3 YAG,First-degree,Male,CAH10-03-04,Maritime technology,55,55,0,0.6,55,5.3,8.3,68.1,81.1,86.4,18.3,40,37700,42100,46500
202223,2020/2021,1 YAG,First-degree,Male,CAH10-01-05,Naval architecture,20,20,0,0,20,5,0,75.2,90.1,95,19.8,15,24500,27400,32500
202324,2021/2022,1 YAG,First-degree,Female,CAH10-03-03,Polymers and textiles,50,45,0,1.4,45,2.1,7.7,80.7,88.8,90.2,9.5,35,14600,23100,30000
202324,2021/2022,1 YAG,First-degree,Female,CAH02-04-09,Others in nursing,280,275,2.2,0.7,270,1.7,2.4,71.2,94.7,95.9,24.7,190,31500,39200,48300
202324,2019/2020,3 YAG,First-degree,Male,CAH25-01-05,Others in creative arts and design,65,65,0,0,65,6.3,18.9,68.5,71.7,74.8,6.3,45,15900,23100,28200
202223,2020/2021,1 YAG,First-degree,Male,CAH02-04-08,Learning disabilities nursing,45,45,0,0,45,2.2,4.4,79.1,93.4,93.4,14.3,35,25200,31000,39900
202122,2019/2020,1 YAG,First-degree,Male,CAH19-04-03,Italian studies,35,35,3,4.3,30,12.4,6.2,51.1,68.2,81.4,30.3,15,18200,23400,33200
202324,2019/2020,3 YAG,First-degree,Female,CAH09-01-03,Statistics,60,60,0.5,3.7,60,3.5,2.2,77.1,91.3,94.2,17.1,45,33700,43200,56000
202223,2020/2021,1 YAG,First-degree,Female,CAH24-01-03,Publishing,120,120,0.4,0.8,120,1.4,11.8,69.7,82,86.8,17.1,80,16800,22300,25200
202324,2019/2020,3 YAG,First-degree,Male,CAH06-01-08,Food and beverage production,10,10,c,c,10,c,c,c,c,c,c,10,c,c,c
202122,2019/2020,1 YAG,First-degree,Female,CAH25-01-01,Creative arts and design (non-specific),305,305,1.8,0.3,300,5.2,10.5,66.9,78,84.3,17.4,190,11300,15700,20200
202324,2021/2022,1 YAG,First-degree,Female,CAH06-01-06,Food and beverage studies (non-specific),15,15,0,3.6,15,3.7,3.7,74.1,88.9,92.6,18.5,10,c,c,c
202324,2021/2022,1 YAG,First-degree,Male,CAH11-01-07,Business computing,305,305,0.6,1,300,6,14.2,67.9,75.6,79.8,11.9,195,22000,27100,33300
202324,2019/2020,3 YAG,First-degree,Female,CAH02-05-02,Healthcare science (non-specific),155,150,0,0.7,150,3.9,3.3,76.7,90.2,92.8,16.1,115,27800,34000,42100
202122,2019/2020,1 YAG,First-degree,Male,CAH02-05-01,Medical technology,285,285,1.7,0,280,1.6,3.9,89.2,93.8,94.5,5.3,250,27700,31400,37600
202324,2019/2020,3 YAG,First-degree,Female,CAH19-01-06,Others in English studies,40,40,0,1.2,40,3.8,12.7,62,83.5,83.5,21.5,20,17900,23400,28700
202324,2019/2020,3 YAG,First-degree,Male,CAH03-01-04,Microbiology and cell science,130,125,1.6,1.6,125,2,4,62.6,85.7,94,31.4,75,24900,28500,37300
202122,2019/2020,1 YAG,First-degree,Female,CAH03-01-09,Hair and beauty sciences,15,15,0,0,15,7.7,0,15.4,61.5,92.3,76.9,0,c,c,c
202122,2019/2020,1 YAG,First-degree,Male,CAH10-03-05,Biotechnology,40,40,0,0.8,40,0,11.2,39.2,71.2,88.8,49.6,15,19000,23700,26600
202223,2020/2021,1 YAG,First-degree,Female,CAH01-01-03,Medicine by specialism,75,75,0,0,75,0,4,36.4,66.2,96,59.6,30,27000,29900,31400
202324,2019/2020,3 YAG,First-degree,Male,CAH13-01-03,Landscape design,50,50,0,5.9,50,3.1,10.4,62.5,81.2,86.5,24,30,24200,26500,31700
202324,2021/2022,1 YAG,First-degree,Male,CAH19-04-05,Slavic studies,35,35,3.9,0,35,2.2,9.1,63.8,82.9,88.7,24.9,20,24500,27100,31100
202122,2019/2020,1 YAG,First-degree,Male,CAH23-01-03,Humanities (non-specific),95,95,2.1,1,95,4.3,4.9,46.4,73,90.8,44.4,40,13900,18200,27000
202223,2020/2021,1 YAG,First-degree,Female,CAH04-01-03,Developmental psychology,170,170,1.2,2.2,165,0,5.4,53,87.6,94.6,41.6,85,15000,19700,25600
202324,2019/2020,3 YAG,First-degree,Male,CAH09-01-02,Operational research,30,30,0,0,30,3.9,6.2,82.2,90,90,7.7,25,29600,44700,54500
202324,2019/2020,3 YAG,First-degree,Female,CAH11-01-04,Software engineering,145,140,0.4,2.4,140,4.9,7.4,79.1,87,87.7,8.5,110,27100,36200,44300
202223,2020/2021,1 YAG,First-degree,Female,CAH19-04-02,German and scandinavian studies,200,185,1.1,7.2,185,4.4,6.9,56,80.7,88.7,32.6,100,20800,25200,29200
202324,2021/2022,1 YAG,First-degree,Male,CAH10-01-10,Others in engineering,120,120,0,0.8,120,5,5,76,88.4,90.1,14,90,45300,48700,53300
202324,2021/2022,1 YAG,First-degree,Female,CAH01-01-03,Medicine by specialism,75,75,0,0,75,3.3,4.6,52.9,69.9,92.2,39.2,40,28200,31100,34000
202324,2021/2022,1 YAG,First-degree,Female,CAH11-01-08,Others in computing,95,95,1.6,0,95,1.9,9.5,83.4,86.4,88.5,5.1,75,19400,26700,30700
202324,2021/2022,1 YAG,First-degree,Female,CAH15-01-06,Cultural studies,40,40,0,0,40,2.1,9.3,60.3,85.2,88.5,28.2,20,18700,23400,26400
202223,2020/2021,1 YAG,First-degree,Female,CAH11-01-03,Information systems,90,90,3.9,0.5,85,4,1.1,78.2,92.5,94.8,16.6,70,24100,30700,39400
202324,2019/2020,3 YAG,First-degree,Male,CAH24-01-01,Information services,40,40,1.2,1.2,40,8.5,9.7,77,80.6,81.9,4.8,30,23400,30000,46800
202324,2019/2020,3 YAG,First-degree,Female,CAH01-01-03,Medicine by specialism,45,45,2.2,1.1,45,3.4,0,85.1,95.4,96.6,11.5,35,38100,40800,46800
202122,2019/2020,1 YAG,First-degree,Male,CAH02-06-04,Environmental and public health,85,85,2.4,1.2,80,4,3,54.6,81.7,92.9,38.3,45,19500,34300,44300
202324,2019/2020,3 YAG,First-degree,Female,CAH02-02-02,Toxicology,10,10,c,c,10,c,c,c,c,c,c,5,c,c,c
202223,2020/2021,1 YAG,First-degree,Male,CAH03-01-10,Others in biosciences,100,100,1,2.5,95,2.6,4.1,50.6,77.8,93.3,42.7,50,14600,21500,29900
202223,2020/2021,1 YAG,First-degree,Female,CAH03-01-07,Genetics,140,140,0,1.2,140,1.4,8.2,47,76.6,90.5,43.5,65,18600,24500,28100
202324,2021/2022,1 YAG,First-degree,Male,CAH04-01-04,Psychology and health,45,45,0,0,45,2.1,4.8,38.7,78.2,93.1,54.4,15,22300,24500,26400
202122,2019/2020,1 YAG,First-degree,Female,CAH06-01-04,Rural estate management,20,20,0,0,20,0,13,64.3,81.8,87,22.7,10,c,c,c
202122,2019/2020,1 YAG,First-degree,Female,CAH07-04-03,Sciences (non-specific),10,10,c,c,5,c,c,c,c,c,c,5,c,c,c
202324,2021/2022,1 YAG,First-degree,Male,CAH06-01-07,Food sciences,50,50,2,3,50,2.1,3.1,75.7,86.5,94.8,19.1,35,27400,30400,39500
202324,2019/2020,3 YAG,First-degree,Male,CAH17-01-09,Others in business and management,30,30,0,1.6,30,6.3,6.4,76.2,87.3,87.3,11.1,25,21900,30400,37000
202324,2021/2022,1 YAG,First-degree,Female,CAH10-01-10,Others in engineering,20,20,0,9.5,20,5.3,0,78.9,94.7,94.7,15.8,15,45400,49000,52300
202223,2020/2021,1 YAG,First-degree,Female,CAH10-03-03,Polymers and textiles,35,35,0,2.6,35,5.4,5.2,75.6,88.5,89.4,13.8,25,14200,19300,23400
202324,2019/2020,3 YAG,First-degree,Male,CAH19-04-05,Slavic studies,50,45,0,12.6,45,11.7,9.2,56.8,75.4,79.1,22.3,20,27300,37700,50500
202122,2019/2020,1 YAG,First-degree,Male,CAH24-01-01,Information services,40,40,1.2,1.2,40,9.7,18.1,62.5,68.5,72.2,9.7,25,20100,22600,29900
202122,2019/2020,1 YAG,First-degree,Female,CAH11-01-08,Others in computing,75,75,0,1.3,75,3.3,7.4,66.4,81.9,89.3,22.9,45,19300,25200,32500
202324,2019/2020,3 YAG,First-degree,Male,CAH01-01-01,Medical sciences (non-specific),90,85,0,6.3,85,0.4,6,52.1,76.8,93.6,41.5,40,27800,39500,48300
202122,2019/2020,1 YAG,First-degree,Female,CAH11-01-03,Information systems,70,70,0,0,70,4.8,11,67.6,80.7,84.1,16.6,45,17500,27400,35400
202223,2020/2021,1 YAG,First-degree,Male,CAH15-01-06,Cultural studies,20,15,0,2.8,15,4.6,7.5,57.5,79.2,87.9,30.4,10,c,c,c
202122,2019/2020,1 YAG,First-degree,Female,CAH10-01-03,Production and manufacturing engineering,150,145,0,3,145,2.3,3.2,65.7,91,94.5,28.9,95,21500,27700,33600
202223,2020/2021,1 YAG,First-degree,Female,CAH11-01-05,Artificial intelligence,10,10,c,c,10,c,c,c,c,c,c,5,c,c,c
202223,2020/2021,1 YAG,First-degree,Female,CAH24-01-01,Information services,30,30,0,0,30,14.1,4.4,56.5,75.3,81.5,25,15,16400,22600,32800
202324,2021/2022,1 YAG,First-degree,Female,CAH10-03-07,Materials science,60,60,0.3,5.2,60,4.5,4.1,47.1,76.5,91.4,44.3,25,24200,30400,39500
202223,2020/2021,1 YAG,First-degree,Female,CAH10-01-10,Others in engineering,20,15,0,5.6,15,5.9,0,76.5,88.2,94.1,17.6,15,43100,45300,47100
202324,2019/2020,3 YAG,First-degree,Male,CAH06-01-02,Agricultural sciences,15,15,0,5.7,15,6.1,6.1,68.3,84.8,87.8,19.5,10,c,c,c
202223,2020/2021,1 YAG,First-degree,Male,CAH03-01-05,Plant sciences,10,10,c,c,10,c,c,c,c,c,c,0,c,c,c
202223,2020/2021,1 YAG,First-degree,Female,CAH19-04-05,Slavic studies,65,60,0,6.1,60,7.3,4.4,43.3,75.9,88.3,45,25,19300,25200,27400
202324,2021/2022,1 YAG,First-degree,Female,CAH02-04-06,Dental nursing,80,80,0,0,80,2.4,3.7,91.5,93.9,93.9,2.4,55,11400,16800,26700
202324,2021/2022,1 YAG,First-degree,Male,CAH17-01-09,Others in business and management,65,65,1.5,0,65,5.3,7.6,75.3,84.6,87.2,11.8,50,27400,42100,51200
202223,2020/2021,1 YAG,First-degree,Male,CAH06-01-05,Forestry and arboriculture,30,30,3.1,0,30,0,6.4,90.4,93.6,93.6,3.2,30,24100,26500,30300
202122,2019/2020,1 YAG,First-degree,Female,CAH19-01-06,Others in English studies,40,40,0,0,40,3.8,12.5,62.5,83.8,83.8,21.2,25,10200,15100,21500
202223,2020/2021,1 YAG,First-degree,Male,CAH02-06-04,Environmental and public health,80,80,0.6,0,80,2.5,6.2,65,84.4,91.3,26.3,50,24800,34700,42000
202324,2021/2022,1 YAG,First-degree,Male,CAH19-04-03,Italian studies,30,25,0,6,25,1.8,14.6,57,75.7,83.6,26.6,15,21600,27800,30000
202324,2019/2020,3 YAG,First-degree,Female,CAH03-01-09,Hair and beauty sciences,15,15,0,0,15,7.7,0,46.2,84.6,92.3,46.2,5,c,c,c
202223,2020/2021,1 YAG,First-degree,Female,CAH09-01-02,Operational research,15,15,1.1,0,15,1.9,8.6,59.1,89.6,89.6,30.5,10,c,c,c
202324,2021/2022,1 YAG,First-degree,Male,CAH25-02-04,Dance,105,100,0,2.4,100,5.9,7.9,66.3,83.7,86.1,19.8,60,12400,17200,20900
202324,2021/2022,1 YAG,First-degree,Male,CAH24-01-02,Publicity studies,40,35,0,7.6,35,6.8,11.2,69.6,80.1,81.9,12.3,25,21600,24200,27800
202324,2021/2022,1 YAG,First-degree,Male,CAH02-04-05,Children's nursing,40,40,0,0,40,0,0,84.3,100,100,15.7,35,31500,35900,40300
202223,2020/2021,1 YAG,First-degree,Female,CAH19-04-03,Italian studies,110,105,1,4,105,5.5,7.1,54.1,80,87.4,33.3,55,21900,25900,29900
202324,2021/2022,1 YAG,First-degree,Female,CAH06-01-04,Rural estate management,35,35,0,2.8,35,3.5,9.5,80.7,83.6,87.1,6.4,25,19400,23800,39500
202324,2019/2020,3 YAG,First-degree,Female,CAH07-01-02,Astronomy,65,65,0,0,65,5.4,4.7,54.2,79.1,90,35.8,35,27100,33700,41400
202324,2019/2020,3 YAG,First-degree,Male,CAH01-01-03,Medicine by specialism,30,30,0,0,30,1.8,3.6,81.8,94.5,94.5,12.7,20,38100,45000,46100
202122,2019/2020,1 YAG,First-degree,Female,CAH17-01-09,Others in business and management,45,45,0,0,45,2.2,11.1,64.4,84.3,86.6,22.3,30,12400,16800,21500
202324,2021/2022,1 YAG,First-degree,Male,CAH26-01-05,Others in geographical studies,45,45,2.3,0,45,0,0,78.6,100,100,21.4,30,34000,37300,39200
202324,2021/2022,1 YAG,First-degree,Male,CAH06-01-02,Agricultural sciences,10,10,c,c,10,c,c,c,c,c,c,5,c,c,c
202223,2020/2021,1 YAG,First-degree,Male,CAH17-01-09,Others in business and management,70,70,0,0,70,4.3,10.1,69.6,83.5,85.6,16.1,45,24100,32100,45300
202122,2019/2020,1 YAG,First-degree,Female,CAH07-01-02,Astronomy,65,65,0,0,65,3.8,2,34.6,78.9,94.3,59.6,20,15300,25200,29200
202324,2021/2022,1 YAG,First-degree,Male,CAH25-01-05,Others in creative arts and design,65,65,0,3.1,65,7.2,15.1,62.6,72.2,77.7,15.1,35,11000,23400,28200
202122,2019/2020,1 YAG,First-degree,Male,CAH13-01-03,Landscape design,50,50,0,3.9,50,0,4.1,61.2,87.8,95.9,34.7,25,18400,23400,25200
202122,2019/2020,1 YAG,First-degree,Male,CAH01-01-03,Medicine by specialism,30,25,0,3.6,25,1.9,0,22.6,64.2,98.1,75.5,5,c,c,c
202324,2019/2020,3 YAG,First-degree,Male,CAH02-05-02,Healthcare science (non-specific),35,35,2.8,2.7,35,0,4.3,85.7,90,95.7,10,30,32200,43000,48700
202324,2019/2020,3 YAG,First-degree,Male,CAH02-06-06,Complementary and alternative medicine,150,145,0,3.3,145,7.5,6.8,82.3,85.7,85.7,3.4,105,13000,28200,39600
202122,2019/2020,1 YAG,First-degree,Female,CAH02-04-06,Dental nursing,45,45,0,0,45,2.3,0,76.7,88.4,97.7,20.9,15,28500,39500,51900
202122,2019/2020,1 YAG,First-degree,Male,CAH17-01-09,Others in business and management,30,30,0,0,30,0,6.2,79.7,90.6,93.8,14.1,25,17500,23700,29200
202324,2021/2022,1 YAG,First-degree,Female,CAH26-01-05,Others in geographical studies,0,0,c,c,c,c,c,c,c,c,c,0,c,c,c
202324,2019/2020,3 YAG,First-degree,Female,CAH06-01-08,Food and beverage production,20,20,0,0,20,3,12.8,74.4,79.3,84.3,9.8,15,24900,35500,37000
202324,2021/2022,1 YAG,First-degree,Female,CAH03-01-05,Plant sciences,15,15,0,0,15,0,0,39.5,92.1,100,60.5,5,c,c,c
202324,2021/2022,1 YAG,First-degree,Male,CAH24-01-03,Publishing,30,30,1.7,1.1,30,10,9.5,77.2,78.3,80.5,3.3,25,17200,22700,25300
202223,2020/2021,1 YAG,First-degree,Female,CAH19-02-01,Celtic studies (non-specific),0,0,c,c,c,c,c,c,c,c,c,0,c,c,c
202324,2021/2022,1 YAG,First-degree,Female,CAH10-03-01,Minerals technology,10,10,c,c,10,c,c,c,c,c,c,5,c,c,c
202324,2021/2022,1 YAG,First-degree,Female,CAH13-01-03,Landscape design,50,45,2.2,6.2,45,0,6.7,74.2,84.3,93.3,19.1,30,21200,24200,26400
202324,2021/2022,1 YAG,First-degree,Female,CAH10-03-04,Maritime technology,15,15,0,11.5,15,6.5,0,93.5,93.5,93.5,0,15,30400,33700,37000
202122,2019/2020,1 YAG,First-degree,Female,CAH11-01-05,Artificial intelligence,10,10,c,c,10,c,c,c,c,c,c,10,c,c,c
202324,2021/2022,1 YAG,First-degree,Female,CAH10-03-02,Materials technology,35,35,0,0,35,0,3.8,67,85.1,96.2,29.2,25,25300,30400,37300
202122,2019/2020,1 YAG,First-degree,Female,CAH06-01-08,Food and beverage production,20,20,0,0,20,0,3,87.2,92.1,97,9.8,20,16100,20400,27700
202122,2019/2020,1 YAG,First-degree,Female,CAH06-01-05,Forestry and arboriculture,5,5,c,c,5,c,c,c,c,c,c,5,c,c,c
202324,2019/2020,3 YAG,First-degree,Male,CAH02-04-06,Dental nursing,10,10,c,c,10,c,c,c,c,c,c,5,c,c,c
202324,2019/2020,3 YAG,First-degree,Male,CAH04-01-04,Psychology and health,20,20,0,0,20,6,6,62.7,83.1,88,25.3,15,13500,24200,28900
202324,2019/2020,3 YAG,First-degree,Male,CAH02-04-08,Learning disabilities nursing,60,60,1.7,1.7,55,3.5,1.8,75.4,94.7,94.7,19.3,40,37300,41500,51200
202324,2019/2020,3 YAG,First-degree,Male,CAH04-01-03,Developmental psychology,10,10,c,c,10,c,c,c,c,c,c,5,c,c,c
202122,2019/2020,1 YAG,First-degree,Female,CAH07-04-01,Physical sciences (non-specific),35,35,1,0,35,4,2,46.6,80.3,94,47.4,15,17900,25900,36500
202324,2019/2020,3 YAG,First-degree,Female,CAH19-04-07,African and modern middle eastern studies,90,85,0,3.5,85,10.4,11.2,56,75.3,78.5,22.4,45,26700,31500,41000
202324,2019/2020,3 YAG,First-degree,Male,CAH02-04-03,Community nursing,10,10,c,c,10,c,c,c,c,c,c,10,c,c,c
202324,2021/2022,1 YAG,First-degree,Male,CAH06-01-04,Rural estate management,55,55,1.8,0,55,8.5,5.5,86,86,86,0,40,34800,42800,52700
202223,2020/2021,1 YAG,First-degree,Female,CAH11-01-07,Business computing,125,125,2.4,0.8,120,2.9,5.2,71.5,87.7,91.9,20.4,85,20800,27400,32500
202122,2019/2020,1 YAG,First-degree,Female,CAH09-01-03,Statistics,60,60,0,0.8,60,2.4,3.2,64.7,87.2,94.4,29.7,40,23400,29900,37600
202122,2019/2020,1 YAG,First-degree,Male,CAH10-01-05,Naval architecture,15,15,0,0,15,0,7.7,76.9,92.3,92.3,15.4,10,c,c,c
202324,2019/2020,3 YAG,First-degree,Male,CAH19-02-04,Others in celtic studies,0,0,c,c,c,c,c,c,c,c,c,0,c,c,c
202122,2019/2020,1 YAG,First-degree,Male,CAH05-01-02,Others in veterinary sciences,25,20,0,4.3,20,4.5,9.1,51.1,75,86.4,35.3,10,c,c,c
202122,2019/2020,1 YAG,First-degree,Female,CAH03-01-05,Plant sciences,10,10,c,c,10,c,c,c,c,c,c,0,c,c,c
202122,2019/2020,1 YAG,First-degree,Male,CAH06-01-07,Food sciences,40,40,0,0,40,1,4.1,80.3,94,95,14.6,30,19300,23400,27000
202122,2019/2020,1 YAG,First-degree,Female,CAH06-01-02,Agricultural sciences,15,15,0,0,15,2.3,3.8,69.7,93.9,93.9,24.2,10,c,c,c
202223,2020/2021,1 YAG,First-degree,Male,CAH10-03-04,Maritime technology,60,60,0,1.6,60,5,2.5,78.2,90.9,92.6,14.4,45,27000,29600,33600
202324,2021/2022,1 YAG,First-degree,Male,CAH10-03-01,Minerals technology,5,5,c,c,5,c,c,c,c,c,c,5,c,c,c
202223,2020/2021,1 YAG,First-degree,Male,CAH10-03-01,Minerals technology,20,20,4.5,0,20,4.7,0,85.8,90.6,95.3,9.4,20,36900,42300,52600
202122,2019/2020,1 YAG,First-degree,Female,CAH10-03-01,Minerals technology,10,10,c,c,10,c,c,c,c,c,c,5,c,c,c
202324,2019/2020,3 YAG,First-degree,Female,CAH11-01-05,Artificial intelligence,10,10,c,c,10,c,c,c,c,c,c,10,c,c,c
202223,2020/2021,1 YAG,First-degree,Male,CAH01-01-03,Medicine by specialism,15,15,0,0,15,0,0,23.5,47.1,100,76.5,5,c,c,c
202122,2019/2020,1 YAG,First-degree,Female,CAH24-01-01,Information services,40,40,0,0,40,2.4,15.1,64,74.8,82.5,18.5,25,10300,19900,25600
202324,2019/2020,3 YAG,First-degree,Female,CAH09-01-02,Operational research,10,10,c,c,10,c,c,c,c,c,c,10,c,c,c
202324,2021/2022,1 YAG,First-degree,Female,CAH06-01-05,Forestry and arboriculture,5,5,c,c,5,c,c,c,c,c,c,5,c,c,c
202324,2019/2020,3 YAG,First-degree,Male,CAH03-01-05,Plant sciences,10,10,c,c,10,c,c,c,c,c,c,5,c,c,c
202324,2021/2022,1 YAG,First-degree,Female,CAH06-01-02,Agricultural sciences,15,15,0,6.8,15,6.6,10.6,69.5,78.1,82.8,13.2,10,c,c,c
202122,2019/2020,1 YAG,First-degree,Male,CAH02-02-02,Toxicology,5,5,c,c,5,c,c,c,c,c,c,0,c,c,c
202223,2020/2021,1 YAG,First-degree,Female,CAH02-02-02,Toxicology,10,10,c,c,10,c,c,c,c,c,c,5,c,c,c
202324,2021/2022,1 YAG,First-degree,Female,CAH10-03-05,Biotechnology,10,10,c,c,10,c,c,c,c,c,c,5,c,c,c
202223,2020/2021,1 YAG,First-degree,Male,CAH04-01-05,Others in psychology,25,25,0,0,25,6.8,0.4,61.7,82.6,92.8,31.1,15,20800,25900,28800
202223,2020/2021,1 YAG,First-degree,Female,CAH03-01-09,Hair and beauty sciences,25,25,0,0,25,4.1,12.6,44.2,64.7,83.3,39.1,10,c,c,c
202223,2020/2021,1 YAG,First-degree,Female,CAH19-01-06,Others in English studies,30,30,0,0,30,5.5,7.3,54.5,87.3,87.3,32.7,15,15700,17900,22300
202324,2021/2022,1 YAG,First-degree,Female,CAH02-02-02,Toxicology,5,5,c,c,5,c,c,c,c,c,c,5,c,c,c
202324,2019/2020,3 YAG,First-degree,Female,CAH10-03-02,Materials technology,45,45,2.3,0,40,0,2.4,81.8,89.4,97.6,15.8,35,34800,42500,49400
202122,2019/2020,1 YAG,First-degree,Female,CAH06-01-06,Food and beverage studies (non-specific),25,25,0,0,25,3.9,0,84.3,94.1,96.1,11.8,20,22600,24800,27000
202223,2020/2021,1 YAG,First-degree,Male,CAH06-01-06,Food and beverage studies (non-specific),5,5,c,c,5,c,c,c,c,c,c,5,c,c,c
202122,2019/2020,1 YAG,First-degree,Female,CAH20-01-04,Heritage studies,10,10,c,c,10,c,c,c,c,c,c,5,c,c,c
202324,2019/2020,3 YAG,First-degree,Male,CAH10-01-10,Others in engineering,60,60,3.3,1.6,60,16.9,5.1,76.3,78,78,1.7,45,40300,51200,65100
202223,2020/2021,1 YAG,First-degree,Male,CAH24-01-01,Information services,50,50,0,0,50,3,10,77,85,87,10,35,20100,24100,33300
202223,2020/2021,1 YAG,First-degree,Male,CAH13-01-03,Landscape design,50,50,0,2.1,50,4.2,16.8,66.3,76.8,78.9,12.6,30,16000,23000,27000
202223,2020/2021,1 YAG,First-degree,Male,CAH04-01-04,Psychology and health,30,30,0.8,4.8,30,8.5,12.2,24.1,61.5,79.3,55.2,5,c,c,c
202324,2019/2020,3 YAG,First-degree,Female,CAH20-01-04,Heritage studies,10,10,c,c,10,c,c,c,c,c,c,10,c,c,c
202324,2019/2020,3 YAG,First-degree,Female,CAH24-01-01,Information services,40,40,0,1.2,40,3.6,12.1,81.1,83.5,84.3,3.2,35,20100,24900,31500
202324,2019/2020,3 YAG,First-degree,Female,CAH10-01-05,Naval architecture,5,5,c,c,5,c,c,c,c,c,c,5,c,c,c
202122,2019/2020,1 YAG,First-degree,Male,CAH02-05-02,Healthcare science (non-specific),35,35,2.7,0,35,0,1.4,79.2,93.1,98.6,19.4,30,24100,27700,32500
202324,2021/2022,1 YAG,First-degree,Male,CAH04-01-03,Developmental psychology,25,25,0,0,25,4.1,17.5,47.3,74.3,78.4,31.1,10,c,c,c
202324,2019/2020,3 YAG,First-degree,Female,CAH06-01-06,Food and beverage studies (non-specific),25,25,0,0,25,0,0,98,100,100,2,25,27800,30400,34800
202324,2021/2022,1 YAG,First-degree,Male,CAH06-01-06,Food and beverage studies (non-specific),5,5,c,c,5,c,c,c,c,c,c,5,c,c,c
202324,2021/2022,1 YAG,First-degree,Male,CAH04-01-05,Others in psychology,40,40,0,0,40,3,10.3,32.9,62.4,86.7,53.7,15,20100,23100,27800
202324,2021/2022,1 YAG,First-degree,Male,CAH03-01-05,Plant sciences,15,15,0,0,15,0,7.7,69.2,76.9,92.3,23.1,10,c,c,c
202324,2019/2020,3 YAG,First-degree,Male,CAH07-04-03,Sciences (non-specific),5,5,c,c,5,c,c,c,c,c,c,0,c,c,c
202324,2021/2022,1 YAG,First-degree,Male,CAH19-01-06,Others in English studies,0,0,c,c,c,c,c,c,c,c,c,0,c,c,c
202324,2019/2020,3 YAG,First-degree,Female,CAH06-01-02,Agricultural sciences,15,15,0,0,15,0,3.8,78.8,96.2,96.2,17.4,10,c,c,c
202324,2019/2020,3 YAG,First-degree,Female,CAH10-03-04,Maritime technology,20,20,0,1.7,20,0,0,89.9,100,100,10.1,15,28900,35900,41000
202324,2021/2022,1 YAG,First-degree,Female,CAH03-01-09,Hair and beauty sciences,45,45,0,0,45,4.5,11.4,47.7,75,84.1,36.4,20,14500,17400,20900
202223,2020/2021,1 YAG,First-degree,Female,CAH10-03-02,Materials technology,35,35,0,0,35,0,2.8,58,90.2,97.2,39.2,20,17900,30300,36500
202223,2020/2021,1 YAG,First-degree,Male,CAH06-01-02,Agricultural sciences,15,15,0,0,15,18.5,11.5,43.8,62.3,70,26.2,5,c,c,c
202324,2019/2020,3 YAG,First-degree,Male,CAH04-01-05,Others in psychology,45,45,2.9,3,40,9.3,11.9,57.9,76.5,78.8,21,25,24200,31100,37200
202324,2021/2022,1 YAG,First-degree,Female,CAH24-01-01,Information services,35,35,0,2.9,35,5.9,8.9,76.4,83.7,85.2,8.9,25,16800,21600,27400
202324,2019/2020,3 YAG,First-degree,Male,CAH06-01-06,Food and beverage studies (non-specific),10,10,c,c,10,c,c,c,c,c,c,5,c,c,c
202223,2020/2021,1 YAG,First-degree,Female,CAH10-03-01,Minerals technology,5,5,c,c,5,c,c,c,c,c,c,0,c,c,c
202324,2021/2022,1 YAG,First-degree,Male,CAH19-02-01,Celtic studies (non-specific),0,0,c,c,c,c,c,c,c,c,c,z,z,z,z
202223,2020/2021,1 YAG,First-degree,Female,CAH19-01-04,Studies of specific authors,0,0,c,c,c,c,c,c,c,c,c,0,c,c,c
202122,2019/2020,1 YAG,First-degree,Male,CAH07-04-03,Sciences (non-specific),5,5,c,c,5,c,c,c,c,c,c,0,c,c,c
202223,2020/2021,1 YAG,First-degree,Male,CAH04-01-03,Developmental psychology,5,5,c,c,5,c,c,c,c,c,c,0,c,c,c
202122,2019/2020,1 YAG,First-degree,Female,CAH09-01-02,Operational research,10,10,c,c,10,c,c,c,c,c,c,5,c,c,c
202122,2019/2020,1 YAG,First-degree,Female,CAH10-03-04,Maritime technology,20,20,0,0,20,0,1.7,66.7,93.3,98.3,31.6,10,c,c,c
202324,2021/2022,1 YAG,First-degree,Female,CAH09-01-02,Operational research,10,10,c,c,10,c,c,c,c,c,c,5,c,c,c
202223,2020/2021,1 YAG,First-degree,Female,CAH10-01-05,Naval architecture,5,5,c,c,5,c,c,c,c,c,c,5,c,c,c
202324,2019/2020,3 YAG,First-degree,Male,CAH19-02-01,Celtic studies (non-specific),0,0,c,c,c,c,c,c,c,c,c,0,c,c,c
202324,2021/2022,1 YAG,First-degree,Female,CAH19-04-05,Slavic studies,40,35,0,6.3,35,4.5,7.6,68.4,81.6,87.9,19.5,25,21600,25600,35100
202223,2020/2021,1 YAG,First-degree,Female,CAH06-01-08,Food and beverage production,20,20,0,4.7,20,5,5,72.3,85.1,90.1,17.8,15,16400,24800,28800
202324,2021/2022,1 YAG,First-degree,Male,CAH10-03-05,Biotechnology,15,15,0,0,15,0,0,59.9,79.9,100,40.1,10,c,c,c
202223,2020/2021,1 YAG,First-degree,Male,CAH02-02-02,Toxicology,5,5,c,c,5,c,c,c,c,c,c,5,c,c,c
202122,2019/2020,1 YAG,First-degree,Male,CAH15-01-06,Cultural studies,10,10,c,c,10,c,c,c,c,c,c,5,c,c,c
202324,2019/2020,3 YAG,First-degree,Female,CAH02-04-06,Dental nursing,45,40,0,7,40,0,0,80,92.5,100,20,30,30400,42300,57600
202324,2019/2020,3 YAG,First-degree,Male,CAH03-01-09,Hair and beauty sciences,0,0,c,c,c,c,c,c,c,c,c,0,c,c,c
202324,2021/2022,1 YAG,First-degree,Male,CAH13-01-03,Landscape design,30,30,0,3.3,30,3.4,10.2,52.5,72.9,86.4,33.9,15,24500,26400,30700
202324,2021/2022,1 YAG,First-degree,Male,CAH10-01-05,Naval architecture,10,10,c,c,10,c,c,c,c,c,c,10,c,c,c
202324,2019/2020,3 YAG,First-degree,Male,CAH20-01-04,Heritage studies,5,5,c,c,5,c,c,c,c,c,c,0,c,c,c
202223,2020/2021,1 YAG,First-degree,Female,CAH20-01-04,Heritage studies,15,15,0,0,15,0,7.7,46.2,76.9,92.3,46.2,5,c,c,c
202324,2019/2020,3 YAG,First-degree,Male,CAH06-01-05,Forestry and arboriculture,15,15,6.1,0,15,0,14.3,81.8,85.7,85.7,3.9,10,c,c,c
202324,2019/2020,3 YAG,First-degree,Male,CAH15-01-06,Cultural studies,10,10,c,c,10,c,c,c,c,c,c,10,c,c,c
202223,2020/2021,1 YAG,First-degree,Male,CAH20-01-04,Heritage studies,5,5,c,c,5,c,c,c,c,c,c,0,c,c,c
202324,2019/2020,3 YAG,First-degree,Female,CAH19-02-01,Celtic studies (non-specific),5,5,c,c,5,c,c,c,c,c,c,0,c,c,c
202122,2019/2020,1 YAG,First-degree,Male,CAH06-01-08,Food and beverage production,10,10,c,c,10,c,c,c,c,c,c,10,c,c,c
202122,2019/2020,1 YAG,First-degree,Male,CAH19-01-06,Others in English studies,5,5,c,c,5,c,c,c,c,c,c,0,c,c,c
202324,2019/2020,3 YAG,First-degree,Female,CAH07-04-03,Sciences (non-specific),10,10,c,c,5,c,c,c,c,c,c,5,c,c,c
202223,2020/2021,1 YAG,First-degree,Male,CAH02-04-04,Midwifery,5,5,c,c,5,c,c,c,c,c,c,5,c,c,c
202122,2019/2020,1 YAG,First-degree,Female,CAH19-02-01,Celtic studies (non-specific),5,5,c,c,5,c,c,c,c,c,c,0,c,c,c
202122,2019/2020,1 YAG,First-degree,Male,CAH04-01-03,Developmental psychology,10,10,c,c,10,c,c,c,c,c,c,5,c,c,c
202223,2020/2021,1 YAG,First-degree,Male,CAH10-03-03,Polymers and textiles,0,0,c,c,c,c,c,c,c,c,c,z,z,z,z
202324,2021/2022,1 YAG,First-degree,Female,CAH20-01-04,Heritage studies,15,15,6.5,0,15,20.7,13.8,44.8,65.5,65.5,20.7,5,c,c,c
202324,2019/2020,3 YAG,First-degree,Female,CAH03-01-05,Plant sciences,10,10,c,c,10,c,c,c,c,c,c,5,c,c,c
202223,2020/2021,1 YAG,First-degree,Male,CAH19-02-04,Others in celtic studies,0,0,c,c,c,c,c,c,c,c,c,0,c,c,c
202122,2019/2020,1 YAG,First-degree,Male,CAH19-02-01,Celtic studies (non-specific),0,0,c,c,c,c,c,c,c,c,c,0,c,c,c
202324,2019/2020,3 YAG,First-degree,Male,CAH02-02-02,Toxicology,5,5,c,c,5,c,c,c,c,c,c,5,c,c,c
202223,2020/2021,1 YAG,First-degree,Female,CAH19-02-04,Others in celtic studies,0,0,c,c,c,c,c,c,c,c,c,0,c,c,c
202223,2020/2021,1 YAG,First-degree,Male,CAH19-02-01,Celtic studies (non-specific),0,0,c,c,c,c,c,c,c,c,c,0,c,c,c
202122,2019/2020,1 YAG,First-degree,Male,CAH03-01-05,Plant sciences,10,10,c,c,10,c,c,c,c,c,c,0,c,c,c
202122,2019/2020,1 YAG,First-degree,Male,CAH06-01-06,Food and beverage studies (non-specific),10,10,c,c,10,c,c,c,c,c,c,5,c,c,c
202324,2019/2020,3 YAG,First-degree,Male,CAH10-03-01,Minerals technology,5,5,c,c,5,c,c,c,c,c,c,0,c,c,c
202223,2020/2021,1 YAG,First-degree,Male,CAH19-01-06,Others in English studies,0,0,c,c,c,c,c,c,c,c,c,0,c,c,c
202122,2019/2020,1 YAG,First-degree,Male,CAH03-01-09,Hair and beauty sciences,0,0,c,c,c,c,c,c,c,c,c,0,c,c,c
202324,2019/2020,3 YAG,First-degree,Male,CAH19-01-06,Others in English studies,5,5,c,c,5,c,c,c,c,c,c,0,c,c,c
202324,2021/2022,1 YAG,First-degree,Male,CAH02-04-03,Community nursing,10,10,c,c,10,c,c,c,c,c,c,10,c,c,c
202122,2019/2020,1 YAG,First-degree,Male,CAH02-04-06,Dental nursing,10,10,c,c,10,c,c,c,c,c,c,0,c,c,c
202223,2020/2021,1 YAG,First-degree,Female,CAH10-03-04,Maritime technology,15,15,0,0,15,7.4,2.6,63.6,82.5,90,26.4,10,c,c,c
202122,2019/2020,1 YAG,First-degree,Female,CAH19-02-04,Others in celtic studies,0,0,c,c,c,c,c,c,c,c,c,0,c,c,c
202324,2019/2020,3 YAG,First-degree,Female,CAH19-02-04,Others in celtic studies,0,0,c,c,c,c,c,c,c,c,c,0,c,c,c
202122,2019/2020,1 YAG,First-degree,Female,CAH26-01-05,Others in geographical studies,0,0,c,c,c,c,c,c,c,c,c,0,c,c,c
202324,2021/2022,1 YAG,First-degree,Male,CAH20-01-04,Heritage studies,5,5,c,c,5,c,c,c,c,c,c,0,c,c,c
202324,2019/2020,3 YAG,First-degree,Female,CAH26-01-05,Others in geographical studies,0,0,c,c,c,c,c,c,c,c,c,0,c,c,c
202122,2019/2020,1 YAG,First-degree,Male,CAH20-01-04,Heritage studies,5,5,c,c,5,c,c,c,c,c,c,0,c,c,c
202223,2020/2021,1 YAG,First-degree,Female,CAH26-01-05,Others in geographical studies,0,0,c,c,c,c,c,c,c,c,c,0,c,c,c
202223,2020/2021,1 YAG,First-degree,Female,CAH03-01-05,Plant sciences,5,5,c,c,5,c,c,c,c,c,c,0,c,c,c
202324,2019/2020,3 YAG,First-degree,Male,CAH02-04-04,Midwifery,5,5,c,c,5,c,c,c,c,c,c,5,c,c,c
202223,2020/2021,1 YAG,First-degree,Male,CAH02-04-03,Community nursing,5,5,c,c,5,c,c,c,c,c,c,5,c,c,c
202324,2021/2022,1 YAG,First-degree,Male,CAH02-04-06,Dental nursing,10,10,c,c,10,c,c,c,c,c,c,5,c,c,c
202223,2020/2021,1 YAG,First-degree,Male,CAH02-04-06,Dental nursing,5,5,c,c,5,c,c,c,c,c,c,5,c,c,c
202122,2019/2020,1 YAG,First-degree,Male,CAH26-01-05,Others in geographical studies,0,0,c,c,c,c,c,c,c,c,c,0,c,c,c
202324,2021/2022,1 YAG,First-degree,Female,CAH19-02-01,Celtic studies (non-specific),0,0,c,c,c,c,c,c,c,c,c,0,c,c,c
202324,2021/2022,1 YAG,First-degree,Male,CAH02-04-04,Midwifery,5,5,c,c,5,c,c,c,c,c,c,5,c,c,c
202324,2019/2020,3 YAG,First-degree,Female,CAH06-01-05,Forestry and arboriculture,5,5,c,c,5,c,c,c,c,c,c,5,c,c,c
202122,2019/2020,1 YAG,First-degree,Male,CAH02-04-04,Midwifery,5,5,c,c,5,c,c,c,c,c,c,5,c,c,c
202324,2021/2022,1 YAG,First-degree,Female,CAH10-01-05,Naval architecture,0,0,c,c,c,c,c,c,c,c,c,z,z,z,z
202122,2019/2020,1 YAG,First-degree,Female,CAH10-01-10,Others in engineering,5,5,c,c,5,c,c,c,c,c,c,0,c,c,c
202223,2020/2021,1 YAG,First-degree,Female,CAH06-01-05,Forestry and arboriculture,0,0,c,c,c,c,c,c,c,c,c,0,c,c,c
202324,2021/2022,1 YAG,First-degree,Male,CAH10-03-03,Polymers and textiles,5,5,c,c,5,c,c,c,c,c,c,0,c,c,c
202324,2019/2020,3 YAG,First-degree,Male,CAH10-03-03,Polymers and textiles,0,0,c,c,c,c,c,c,c,c,c,0,c,c,c
202324,2019/2020,3 YAG,First-degree,Female,CAH10-01-10,Others in engineering,5,5,c,c,5,c,c,c,c,c,c,0,c,c,c
202324,2021/2022,1 YAG,First-degree,Female,CAH19-02-04,Others in celtic studies,0,0,c,c,c,c,c,c,c,c,c,0,c,c,c
202122,2019/2020,1 YAG,First-degree,Male,CAH19-02-04,Others in celtic studies,0,0,c,c,c,c,c,c,c,c,c,0,c,c,c
202223,2020/2021,1 YAG,First-degree,Male,CAH26-01-05,Others in geographical studies,0,0,c,c,c,c,c,c,c,c,c,0,c,c,c
202122,2019/2020,1 YAG,First-degree,Male,CAH10-03-03,Polymers and textiles,0,0,c,c,c,c,c,c,c,c,c,0,c,c,c
202122,2019/2020,1 YAG,First-degree,Male,CAH10-03-01,Minerals technology,5,5,c,c,5,c,c,c,c,c,c,z,z,z,z
202122,2019/2020,1 YAG,First-degree,Female,CAH10-01-05,Naval architecture,5,5,c,c,5,c,c,c,c,c,c,0,c,c,c
202324,2019/2020,3 YAG,First-degree,Male,CAH26-01-05,Others in geographical studies,0,0,c,c,c,c,c,c,c,c,c,0,c,c,c
202122,2019/2020,1 YAG,First-degree,Female,CAH19-01-04,Studies of specific authors,0,0,c,c,c,c,c,c,c,c,c,z,z,z,z
202324,2019/2020,3 YAG,First-degree,Female,CAH19-01-04,Studies of specific authors,0,0,c,c,c,c,c,c,c,c,c,z,z,z,z
